<?xml version="1.0" encoding="UTF-8" ?>
<ProgramTraces version="1">
    <Folders>
        <Folder>C:\ProgramData\MEGAsync</Folder>
        <Folder>C:\ProgramData\Microsoft\Windows\Start Menu\Programs\MEGAsync</Folder>
        <Folder>C:\Users\71288\AppData\Local\MEGAsync</Folder>
        <Folder>C:\Users\71288\AppData\Local\Mega Limited</Folder>
        <Folder>C:\Users\71288\AppData\Local\Temp\UninstallToolPortableTemp\nsv9218.tmp</Folder>
        <Folder>C:\Users\71288\AppData\Local\Temp\UninstallToolPortableTemp\nsvB850.tmp</Folder>
        <Folder>C:\Users\71288\Documents\MEGAsync</Folder>
    </Folders>
    <Files>
        <File>C:\Users\71288\AppData\Local\Temp\UninstallToolPortableTemp\nsv9218.tmp</File>
        <File>C:\Users\71288\AppData\Local\Temp\UninstallToolPortableTemp\nsvB850.tmp</File>
        <File>C:\Users\71288\AppData\Local\Temp\UninstallToolPortableTemp\nsyBF82.tmp</File>
        <File>C:\Users\71288\AppData\Roaming\doublecmd\doublecmd.xml</File>
        <File>C:\Users\71288\AppData\Roaming\doublecmd\history.xml</File>
        <File>C:\Users\Public\Desktop\MEGAsync.lnk</File>
    </Files>
    <RegistryKeys>
        <Key>HKEY_LOCAL_MACHINE\SOFTWARE\Classes\Directory\shellex\ContextMenuHandlers\MEGA (Context menu)</Key>
        <Key>HKEY_LOCAL_MACHINE\SOFTWARE\Microsoft\Windows\CurrentVersion\App Paths\MEGAsync.exe</Key>
        <Key>HKEY_LOCAL_MACHINE\SOFTWARE\WOW6432Node\Microsoft\Windows\CurrentVersion\Uninstall\MEGAsync</Key>
    </RegistryKeys>
    <RegistryValues>
        <Value Key="HKEY_CURRENT_USER\Software\Microsoft\Windows\CurrentVersion\Shell Extensions\Cached">{056D528D-CE28-4194-9BA3-BA2E9197FF8C} {0C6C4200-C589-11D0-999A-00C04FD655E1} 0xFFFF</Value>
        <Value Key="HKEY_CURRENT_USER\Software\Microsoft\Windows\CurrentVersion\Shell Extensions\Cached">{0596C850-7BDD-4C9D-AFDF-873BE6890637} {0C6C4200-C589-11D0-999A-00C04FD655E1} 0xFFFF</Value>
        <Value Key="HKEY_CURRENT_USER\Software\Microsoft\Windows\CurrentVersion\Shell Extensions\Cached">{05B38830-F4E9-4329-978B-1DD28605D202} {0C6C4200-C589-11D0-999A-00C04FD655E1} 0xFFFF</Value>
        <Value Key="HKEY_CURRENT_USER\Software\Microsoft\Windows\CurrentVersion\UFH\SHC">2</Value>
        <Value Key="HKEY_LOCAL_MACHINE\SOFTWARE\Microsoft\Windows\CurrentVersion\Shell Extensions\Approved">{056D528D-CE28-4194-9BA3-BA2E9197FF8C}</Value>
        <Value Key="HKEY_LOCAL_MACHINE\SOFTWARE\Microsoft\Windows\CurrentVersion\Shell Extensions\Approved">{0596C850-7BDD-4C9D-AFDF-873BE6890637}</Value>
        <Value Key="HKEY_LOCAL_MACHINE\SOFTWARE\Microsoft\Windows\CurrentVersion\Shell Extensions\Approved">{05B38830-F4E9-4329-978B-1DD28605D202}</Value>
    </RegistryValues>
</ProgramTraces>
