<?xml version="1.0" encoding="UTF-8" ?>
<ProgramTraces version="1">
    <Folders>
        <Folder>C:\Program Files\Movavi Screen Recorder</Folder>
        <Folder>C:\ProgramData\Microsoft\Windows\Start Menu\Programs\Movavi Screen Recorder</Folder>
        <Folder>C:\Users\71288\AppData\Local\Movavi\Logs\ScreenRecorder11</Folder>
        <Folder>C:\Users\71288\AppData\Local\Movavi\Screen Recorder</Folder>
        <Folder>C:\Users\71288\AppData\Local\ScreenRecorder</Folder>
        <Folder>C:\Users\71288\Videos\Movavi Screen Recorder</Folder>
    </Folders>
    <Files>
        <File>C:\ProgramData\Intel\ShaderCache\ScreenRecorder_0</File>
        <File>C:\ProgramData\Intel\ShaderCache\ScreenRecorder_1</File>
        <File>C:\ProgramData\istlmjjn.rvp</File>
        <File>C:\ProgramData\mntemp</File>
        <File>D:\sys\tmp\UninstallToolPortableTemp\TFX60346.tmp</File>
        <File>D:\sys\tmp\UninstallToolPortableTemp\~3342326027.tmp</File>
    </Files>
    <RegistryKeys>
        <Key>HKEY_CURRENT_USER\SOFTWARE\MOVAVI\ScreenRecorder11</Key>
        <Key>HKEY_CURRENT_USER\SOFTWARE\Microsoft\ActiveMovie\devenum\{33D9A762-90C8-11D0-BD43-00A0C911CE86}</Key>
        <Key>HKEY_CURRENT_USER\Software\Classes\Local Settings\Software\Microsoft\Windows\Shell\BagMRU\0\24\2</Key>
        <Key>HKEY_CURRENT_USER\Software\Classes\Local Settings\Software\Microsoft\Windows\Shell\Bags\429\ComDlg</Key>
        <Key>HKEY_CURRENT_USER\Software\Classes\Local Settings\Software\Microsoft\Windows\Shell\Bags\456</Key>
        <Key>HKEY_CURRENT_USER\Software\Classes\WOW6432Node\CLSID\{043041B1-C5B9-FD88-E042-05225BC1}</Key>
        <Key>HKEY_CURRENT_USER\Software\Classes\WOW6432Node\CLSID\{51F2936D-E0C9-3283-020C-845A2020}</Key>
        <Key>HKEY_CURRENT_USER\Software\Classes\WOW6432Node\CLSID\{62384B97-F288-46FC-54CC-C177808A}</Key>
        <Key>HKEY_CURRENT_USER\Software\Classes\WOW6432Node\CLSID\{ABEEA041-60EE-8BAA-8C86-B552181A}</Key>
        <Key>HKEY_LOCAL_MACHINE\SOFTWARE\WOW6432Node\Microsoft\Windows\CurrentVersion\Uninstall\Movavi Screen Recorder_is1</Key>
    </RegistryKeys>
    <RegistryValues>
        <Value Key="HKEY_CURRENT_USER\SOFTWARE\MOVAVI\Mail">IsRegUser</Value>
        <Value Key="HKEY_CURRENT_USER\SOFTWARE\Microsoft\Windows\CurrentVersion\Explorer\ComDlg32\CIDSizeMRU">31</Value>
        <Value Key="HKEY_CURRENT_USER\SOFTWARE\Microsoft\Windows\CurrentVersion\Explorer\ComDlg32\LastVisitedPidlMRU">22</Value>
        <Value Key="HKEY_CURRENT_USER\SOFTWARE\Microsoft\Windows\CurrentVersion\Run">movavi_srecorder_agent</Value>
        <Value Key="HKEY_CURRENT_USER\Software\Classes\Local Settings\Software\Microsoft\Windows\Shell\BagMRU\0\24">2</Value>
    </RegistryValues>
</ProgramTraces>
