<?xml version="1.0" encoding="UTF-8" ?>
<ProgramTraces version="1">
    <Folders>
        <Folder>C:\Program Files (x86)\KompoZer</Folder>
        <Folder>C:\ProgramData\Microsoft\Windows\Start Menu\Programs\KompoZer</Folder>
    </Folders>
    <Files>
        <File>C:\Users\71288\AppData\Roaming\doublecmd\doublecmd.xml</File>
        <File>C:\Users\71288\AppData\Roaming\doublecmd\history.xml</File>
    </Files>
    <RegistryKeys>
        <Key>HKEY_LOCAL_MACHINE\SOFTWARE\WOW6432Node\Microsoft\Windows\CurrentVersion\Uninstall\{20aa4150-b5f4-11de-8a39-0800200c9a66}_is1</Key>
    </RegistryKeys>
</ProgramTraces>
