<?xml version="1.0" encoding="UTF-8" ?>
<ProgramTraces version="1">
    <Folders>
        <Folder>C:\Users\71288\AppData\Local\Microsoft\Windows\INetCache\IE\SRDRCXTI</Folder>
        <Folder>C:\Users\71288\AppData\Roaming\Microsoft\Excel\XLSTART</Folder>
        <Folder>D:\sys\temp\AirLiveDrive\543818300</Folder>
        <Folder>D:\sys\temp\AirLiveDrive\737696339</Folder>
        <Folder>D:\sys\tmp\UninstallToolPortableTemp\AirLiveDrive</Folder>
    </Folders>
    <Files>
        <File>C:\Program Files (x86)\AirLiveDrive\AWSSDK.Core.dll</File>
        <File>C:\Program Files (x86)\AirLiveDrive\AWSSDK.S3.dll</File>
        <File>C:\Program Files (x86)\AirLiveDrive\AirLiveDrive.exe</File>
        <File>C:\Program Files (x86)\AirLiveDrive\AirLiveDrive.exe.config</File>
        <File>C:\Program Files (x86)\AirLiveDrive\AirLiveDriveShellEx.dll</File>
        <File>C:\Program Files (x86)\AirLiveDrive\BouncyCastle.Crypto.dll</File>
        <File>C:\Program Files (x86)\AirLiveDrive\DokanNet.dll</File>
        <File>C:\Program Files (x86)\AirLiveDrive\GalaSoft.MvvmLight.Extras.dll</File>
        <File>C:\Program Files (x86)\AirLiveDrive\GalaSoft.MvvmLight.dll</File>
        <File>C:\Program Files (x86)\AirLiveDrive\Language\strings_en-GB.xaml</File>
        <File>C:\Program Files (x86)\AirLiveDrive\Language\strings_en-US.xaml</File>
        <File>C:\Program Files (x86)\AirLiveDrive\Language\strings_ru-RU.xaml</File>
        <File>C:\Program Files (x86)\AirLiveDrive\Language\strings_uk-UA.xaml</File>
        <File>C:\Program Files (x86)\AirLiveDrive\MahApps.Metro.IconPacks.Core.dll</File>
        <File>C:\Program Files (x86)\AirLiveDrive\MahApps.Metro.IconPacks.Entypo.dll</File>
        <File>C:\Program Files (x86)\AirLiveDrive\MahApps.Metro.IconPacks.Material.dll</File>
        <File>C:\Program Files (x86)\AirLiveDrive\MahApps.Metro.IconPacks.Modern.dll</File>
        <File>C:\Program Files (x86)\AirLiveDrive\MahApps.Metro.IconPacks.dll</File>
        <File>C:\Program Files (x86)\AirLiveDrive\MahApps.Metro.dll</File>
        <File>C:\Program Files (x86)\AirLiveDrive\Microsoft.Practices.ServiceLocation.dll</File>
        <File>C:\Program Files (x86)\AirLiveDrive\Microsoft.WindowsAPICodePack.Shell.dll</File>
        <File>C:\Program Files (x86)\AirLiveDrive\Microsoft.WindowsAPICodePack.dll</File>
        <File>C:\Program Files (x86)\AirLiveDrive\SharpShell.dll</File>
        <File>C:\Program Files (x86)\AirLiveDrive\StringInterpolationBridge.dll</File>
        <File>C:\Program Files (x86)\AirLiveDrive\System.Windows.Interactivity.dll</File>
        <File>C:\Program Files (x86)\AirLiveDrive\unins000.exe</File>
        <File>C:\ProgramData\Microsoft\Windows\Start Menu\Programs\Air Live Drive\Air Live Drive.lnk</File>
        <File>C:\ProgramData\Microsoft\Windows\Start Menu\Programs\Air Live Drive\Удаление.lnk</File>
        <File>C:\Users\71288\AppData\Local\Microsoft\Office\OTele\{7EBE9C21-9934-481B-AACE-22E6217C432B} (0) - 7984 - excel.exe - OTele.dat</File>
        <File>C:\Users\71288\AppData\Local\Microsoft\Office\OTele\{7EBE9C21-9934-481B-AACE-22E6217C432B} (0) - 7984 - excel.exe - OTeleMediumCost.dat</File>
        <File>C:\Users\71288\AppData\Local\Microsoft\Office\OTele\{7EBE9C21-9934-481B-AACE-22E6217C432B} (1) - 7984 - excel.exe - OTele.dat</File>
        <File>C:\Users\71288\AppData\Local\Microsoft\Office\OTele\{7EBE9C21-9934-481B-AACE-22E6217C432B} (1) - 7984 - excel.exe - OTeleMediumCost.dat</File>
        <File>C:\Users\71288\AppData\Local\Microsoft\Windows\Explorer\iconcache_1280.db</File>
        <File>C:\Users\71288\AppData\Local\Microsoft\Windows\Explorer\iconcache_16.db</File>
        <File>C:\Users\71288\AppData\Local\Microsoft\Windows\Explorer\iconcache_1920.db</File>
        <File>C:\Users\71288\AppData\Local\Microsoft\Windows\Explorer\iconcache_256.db</File>
        <File>C:\Users\71288\AppData\Local\Microsoft\Windows\Explorer\iconcache_2560.db</File>
        <File>C:\Users\71288\AppData\Local\Microsoft\Windows\Explorer\iconcache_32.db</File>
        <File>C:\Users\71288\AppData\Local\Microsoft\Windows\Explorer\iconcache_48.db</File>
        <File>C:\Users\71288\AppData\Local\Microsoft\Windows\Explorer\iconcache_768.db</File>
        <File>C:\Users\71288\AppData\Local\Microsoft\Windows\Explorer\iconcache_96.db</File>
        <File>C:\Users\71288\AppData\Local\Microsoft\Windows\Explorer\iconcache_custom_stream.db</File>
        <File>C:\Users\71288\AppData\Local\Microsoft\Windows\Explorer\iconcache_exif.db</File>
        <File>C:\Users\71288\AppData\Local\Microsoft\Windows\Explorer\iconcache_idx.db</File>
        <File>C:\Users\71288\AppData\Local\Microsoft\Windows\Explorer\iconcache_sr.db</File>
        <File>C:\Users\71288\AppData\Local\Microsoft\Windows\Explorer\iconcache_wide.db</File>
        <File>C:\Users\71288\AppData\Local\Microsoft\Windows\Explorer\iconcache_wide_alternate.db</File>
        <File>C:\Users\71288\AppData\Local\Microsoft\Windows\INetCache\IE\7V2G6XXB\2_bc3d32a696895f78c19df6c717586a5d[1].svg</File>
        <File>C:\Users\71288\AppData\Local\Microsoft\Windows\INetCache\IE\7V2G6XXB\ConvergedLogin_PCore_107jr3BDJx7vcmkFlFtgbQ2[1].js</File>
        <File>C:\Users\71288\AppData\Local\Microsoft\Windows\INetCache\IE\7V2G6XXB\Converged_v21049_rgar1csHGvkg9KmRssrhFQ2[1].css</File>
        <File>C:\Users\71288\AppData\Local\Microsoft\Windows\INetCache\IE\7V2G6XXB\arrow_left_a9cc2824ef3517b6c4160dcf8ff7d410[1].svg</File>
        <File>C:\Users\71288\AppData\Local\Microsoft\Windows\INetCache\IE\7V2G6XXB\convergedlogin_ppassword_f5d98f91122b204c2674[1].js</File>
        <File>C:\Users\71288\AppData\Local\Microsoft\Windows\INetCache\IE\7V2G6XXB\signin-options_4e48046ce74f4b89d45037c90576bfac[1].svg</File>
        <File>C:\Users\71288\AppData\Local\Microsoft\Windows\INetCache\IE\9UKALXGF\2_bc3d32a696895f78c19df6c717586a5d[1].svg</File>
        <File>C:\Users\71288\AppData\Local\Microsoft\Windows\INetCache\IE\9UKALXGF\ConvergedLoginPaginatedStrings.ru_A0EgmQGR2rCS96O8a56fNA2[1].js</File>
        <File>C:\Users\71288\AppData\Local\Microsoft\Windows\INetCache\IE\9UKALXGF\convergedlogin_pcustomizationloader_f226dd7c4f08045ad544[1].js</File>
        <File>C:\Users\71288\AppData\Local\Microsoft\Windows\INetCache\IE\9UKALXGF\marching_ants_b540a8e518037192e32c4fe58bf2dbab[1].gif</File>
        <File>C:\Users\71288\AppData\Local\Microsoft\Windows\INetCache\IE\9UKALXGF\marching_ants_white_166de53471265253ab3a456defe6da23[1].gif</File>
        <File>C:\Users\71288\AppData\Local\Microsoft\Windows\INetCache\IE\9UKALXGF\microsoft_logo_ee5c8d9fb6248c938fd0dc19370e90bd[1].svg</File>
        <File>C:\Users\71288\AppData\Local\Microsoft\Windows\INetCache\IE\WVQNT8T4\convergedlogin_pfetchsessionsprogress_c5a6836c2ce669861590[1].js</File>
        <File>C:\Users\71288\AppData\Local\Microsoft\Windows\INetCache\IE\WVQNT8T4\convergedlogin_pstringcustomizationhelper_881cfed13e4de9243d02[1].js</File>
        <File>C:\Users\71288\AppData\Local\Microsoft\Windows\INetCache\IE\WVQNT8T4\marching_ants_b540a8e518037192e32c4fe58bf2dbab[1].gif</File>
        <File>C:\Users\71288\AppData\Local\Microsoft\Windows\INetCache\IE\WVQNT8T4\microsoft_logo_ee5c8d9fb6248c938fd0dc19370e90bd[1].svg</File>
        <File>C:\Users\71288\AppData\Local\Microsoft\Windows\INetCache\IE\WVQNT8T4\oneDs_641b1cf809bdc17b42ab[1].js</File>
        <File>C:\Users\71288\AppData\Local\Microsoft\Windows\INetCache\IE\WVQNT8T4\version[1].htm</File>
        <File>C:\Users\71288\AppData\Roaming\doublecmd\doublecmd.xml</File>
        <File>C:\Users\71288\AppData\Roaming\doublecmd\history.xml</File>
        <File>C:\Users\71288\Downloads\Эл сети и станции.djvu</File>
        <File>D:\sys\tmp\UninstallToolPortableTemp\MSI2d1ed.LOG</File>
    </Files>
    <RegistryKeys>
        <Key>HKEY_CURRENT_USER\SOFTWARE\Andrew Zhezherun\WinDjView\Documents\F955ADC9D50913B57F71C331899B64AF</Key>
        <Key>HKEY_CURRENT_USER\Software\Classes\Local Settings\Software\Microsoft\Windows\Shell\BagMRU\0\22\0</Key>
        <Key>HKEY_CURRENT_USER\Software\Classes\Local Settings\Software\Microsoft\Windows\Shell\BagMRU\0\29\4</Key>
        <Key>HKEY_CURRENT_USER\Software\Classes\Local Settings\Software\Microsoft\Windows\Shell\BagMRU\0\29\5</Key>
        <Key>HKEY_CURRENT_USER\Software\Classes\Local Settings\Software\Microsoft\Windows\Shell\BagMRU\0\29\6</Key>
        <Key>HKEY_CURRENT_USER\Software\Classes\Local Settings\Software\Microsoft\Windows\Shell\BagMRU\0\29\7</Key>
        <Key>HKEY_CURRENT_USER\Software\Classes\Local Settings\Software\Microsoft\Windows\Shell\BagMRU\0\29\8</Key>
        <Key>HKEY_CURRENT_USER\Software\Classes\Local Settings\Software\Microsoft\Windows\Shell\Bags\2341</Key>
        <Key>HKEY_CURRENT_USER\Software\Classes\Local Settings\Software\Microsoft\Windows\Shell\Bags\2342</Key>
        <Key>HKEY_CURRENT_USER\Software\Classes\Local Settings\Software\Microsoft\Windows\Shell\Bags\2343</Key>
        <Key>HKEY_CURRENT_USER\Software\Classes\Local Settings\Software\Microsoft\Windows\Shell\Bags\2344</Key>
        <Key>HKEY_CURRENT_USER\Software\Classes\Local Settings\Software\Microsoft\Windows\Shell\Bags\2345</Key>
        <Key>HKEY_CURRENT_USER\Software\Classes\Local Settings\Software\Microsoft\Windows\Shell\Bags\2346</Key>
        <Key>HKEY_CURRENT_USER\Software\Classes\Local Settings\Software\Microsoft\Windows\Shell\Bags\2347</Key>
        <Key>HKEY_CURRENT_USER\Software\Classes\Local Settings\Software\Microsoft\Windows\Shell\Bags\2348</Key>
        <Key>HKEY_CURRENT_USER\Software\Classes\Local Settings\Software\Microsoft\Windows\Shell\Bags\2349</Key>
        <Key>HKEY_CURRENT_USER\Software\Classes\Local Settings\Software\Microsoft\Windows\Shell\Bags\2350</Key>
        <Key>HKEY_CURRENT_USER\Software\Classes\Local Settings\Software\Microsoft\Windows\Shell\Bags\2351</Key>
        <Key>HKEY_CURRENT_USER\Software\Classes\Local Settings\Software\Microsoft\Windows\Shell\Bags\2352</Key>
        <Key>HKEY_CURRENT_USER\Software\Classes\Local Settings\Software\Microsoft\Windows\Shell\Bags\2353</Key>
        <Key>HKEY_CURRENT_USER\Software\Classes\Local Settings\Software\Microsoft\Windows\Shell\Bags\2354</Key>
        <Key>HKEY_CURRENT_USER\Software\Classes\Local Settings\Software\Microsoft\Windows\Shell\Bags\2355</Key>
        <Key>HKEY_CURRENT_USER\Software\Classes\Local Settings\Software\Microsoft\Windows\Shell\Bags\2356</Key>
        <Key>HKEY_CURRENT_USER\Software\Classes\Local Settings\Software\Microsoft\Windows\Shell\Bags\2357</Key>
        <Key>HKEY_CURRENT_USER\Software\Classes\Local Settings\Software\Microsoft\Windows\Shell\Bags\2358</Key>
        <Key>HKEY_CURRENT_USER\Software\Classes\Local Settings\Software\Microsoft\Windows\Shell\Bags\2359</Key>
        <Key>HKEY_CURRENT_USER\Software\Classes\Local Settings\Software\Microsoft\Windows\Shell\Bags\2360</Key>
        <Key>HKEY_CURRENT_USER\Software\Classes\Local Settings\Software\Microsoft\Windows\Shell\Bags\2361</Key>
        <Key>HKEY_CURRENT_USER\Software\Classes\Local Settings\Software\Microsoft\Windows\Shell\Bags\2362</Key>
        <Key>HKEY_CURRENT_USER\Software\Classes\Local Settings\Software\Microsoft\Windows\Shell\Bags\2363</Key>
        <Key>HKEY_CURRENT_USER\Software\Classes\Local Settings\Software\Microsoft\Windows\Shell\Bags\2364</Key>
        <Key>HKEY_CURRENT_USER\Software\Classes\Local Settings\Software\Microsoft\Windows\Shell\Bags\2365</Key>
        <Key>HKEY_CURRENT_USER\Software\Classes\Local Settings\Software\Microsoft\Windows\Shell\Bags\2366</Key>
        <Key>HKEY_CURRENT_USER\Software\Classes\Local Settings\Software\Microsoft\Windows\Shell\Bags\2367</Key>
        <Key>HKEY_CURRENT_USER\Software\Classes\Local Settings\Software\Microsoft\Windows\Shell\Bags\2368</Key>
        <Key>HKEY_CURRENT_USER\Software\Classes\Local Settings\Software\Microsoft\Windows\Shell\Bags\2369</Key>
        <Key>HKEY_CURRENT_USER\Software\Classes\Local Settings\Software\Microsoft\Windows\Shell\Bags\2370</Key>
        <Key>HKEY_CURRENT_USER\Software\Classes\Local Settings\Software\Microsoft\Windows\Shell\Bags\2371</Key>
        <Key>HKEY_CURRENT_USER\Software\Classes\Local Settings\Software\Microsoft\Windows\Shell\Bags\2372</Key>
        <Key>HKEY_CURRENT_USER\Software\Classes\Local Settings\Software\Microsoft\Windows\Shell\Bags\2373</Key>
        <Key>HKEY_CURRENT_USER\Software\Classes\Local Settings\Software\Microsoft\Windows\Shell\Bags\2374</Key>
        <Key>HKEY_CURRENT_USER\Software\Classes\Local Settings\Software\Microsoft\Windows\Shell\Bags\2375</Key>
        <Key>HKEY_CURRENT_USER\Software\Classes\Local Settings\Software\Microsoft\Windows\Shell\Bags\2376</Key>
        <Key>HKEY_LOCAL_MACHINE\SOFTWARE\WOW6432Node\Microsoft\Windows\CurrentVersion\Uninstall\Air Live Drive_is1</Key>
    </RegistryKeys>
    <RegistryValues>
        <Value Key="HKEY_CURRENT_USER\SOFTWARE\Andrew Zhezherun\WinDjView\Tabs">tab0</Value>
        <Value Key="HKEY_CURRENT_USER\SOFTWARE\Andrew Zhezherun\WinDjView\Tabs">tab1</Value>
        <Value Key="HKEY_CURRENT_USER\SOFTWARE\Andrew Zhezherun\WinDjView\Tabs">tab2</Value>
        <Value Key="HKEY_CURRENT_USER\SOFTWARE\Microsoft\Windows\CurrentVersion\Run">AirLiveDriveAutoRun</Value>
        <Value Key="HKEY_CURRENT_USER\Software\Classes\Local Settings\Software\Microsoft\Windows\Shell\BagMRU\0\22">0</Value>
        <Value Key="HKEY_CURRENT_USER\Software\Classes\Local Settings\Software\Microsoft\Windows\Shell\BagMRU\0\29">4</Value>
        <Value Key="HKEY_CURRENT_USER\Software\Classes\Local Settings\Software\Microsoft\Windows\Shell\BagMRU\0\29">5</Value>
        <Value Key="HKEY_CURRENT_USER\Software\Classes\Local Settings\Software\Microsoft\Windows\Shell\BagMRU\0\29">6</Value>
        <Value Key="HKEY_CURRENT_USER\Software\Classes\Local Settings\Software\Microsoft\Windows\Shell\BagMRU\0\29">7</Value>
        <Value Key="HKEY_CURRENT_USER\Software\Classes\Local Settings\Software\Microsoft\Windows\Shell\BagMRU\0\29">8</Value>
        <Value Key="HKEY_CURRENT_USER\Software\Classes\Local Settings\Software\Microsoft\Windows\Shell\MuiCache">C:\Program Files\WinDjView\WinDjView.exe.ApplicationCompany</Value>
        <Value Key="HKEY_CURRENT_USER\Software\Classes\Local Settings\Software\Microsoft\Windows\Shell\MuiCache">C:\Program Files\WinDjView\WinDjView.exe.FriendlyAppName</Value>
    </RegistryValues>
</ProgramTraces>
