<?xml version="1.0" encoding="UTF-8" ?>
<ProgramTraces version="1">
    <Folders>
        <Folder>C:\Program Files (x86)\Western Digital</Folder>
        <Folder>C:\Users\71288\AppData\Local\WesternDigitalSSDDashboard</Folder>
        <Folder>D:\sys\tmp\UninstallToolPortableTemp\u81o.0</Folder>
    </Folders>
    <Files>
        <File>C:\ProgramData\Intel\ShaderCache\WesternDigitalSSDDashboard_0</File>
        <File>C:\ProgramData\Intel\ShaderCache\WesternDigitalSSDDashboard_1</File>
        <File>C:\Users\71288\AppData\Local\Microsoft\Windows\INetCache\IE\1NIHCAX1\WesternDigitalDashboard[1].zip</File>
        <File>C:\Users\71288\AppData\Local\Microsoft\Windows\INetCache\IE\2MUD812E\WesternDigitalSSDDashboardReleaseNotes[1].pdf</File>
        <File>C:\Users\71288\AppData\Local\Microsoft\Windows\INetCache\IE\UXGIOVIL\lista_updater[1].xml</File>
        <File>C:\Users\71288\Desktop\Western Digital SSD Dashboard.lnk</File>
        <File>D:\sys\tmp\UninstallToolPortableTemp\dd_vcredist_x86_20200829194235.log</File>
    </Files>
    <RegistryKeys>
        <Key>HKEY_CURRENT_USER\Software\Classes\Local Settings\MrtCache\C:%5CWindows%5CSystemApps%5CMicrosoft.MicrosoftEdge_8wekyb3d8bbwe%5Cresources.pri\1d66d5cce292fd3\3df6793f</Key>
        <Key>HKEY_LOCAL_MACHINE\SOFTWARE\WOW6432Node\Microsoft\Windows\CurrentVersion\Uninstall\Western Digital SSD Dashboard</Key>
        <Key>HKEY_LOCAL_MACHINE\SOFTWARE\WOW6432Node\Western Digital</Key>
    </RegistryKeys>
</ProgramTraces>
