<?xml version="1.0" encoding="UTF-8" ?>
<ProgramTraces version="1">
    <Folders>
        <Folder>C:\Program Files (x86)\VirusTotalUploader2</Folder>
    </Folders>
    <Files>
        <File>C:\Program Files\Double Commander\doublecmd.xml</File>
        <File>C:\Program Files\Double Commander\history.xml</File>
        <File>C:\Users\71288\AppData\Roaming\Microsoft\Windows\SendTo\VirusTotal.lnk</File>
    </Files>
    <RegistryKeys>
        <Key>HKEY_LOCAL_MACHINE\SOFTWARE\Classes\*\shell\vtuploader</Key>
        <Key>HKEY_LOCAL_MACHINE\SOFTWARE\WOW6432Node\Microsoft\Windows\CurrentVersion\Uninstall\VTUploader</Key>
        <Key>HKEY_LOCAL_MACHINE\SOFTWARE\WOW6432Node\Virustotal</Key>
    </RegistryKeys>
</ProgramTraces>
