<?xml version="1.0" encoding="UTF-8" ?>
<ProgramTraces version="1">
    <Folders>
        <Folder>C:\Program Files (x86)\NeoSmart Technologies</Folder>
        <Folder>C:\ProgramData\Microsoft\Windows\Start Menu\Programs\NeoSmart Technologies</Folder>
        <Folder>C:\Users\71288\AppData\Local\Microsoft\CLR_v2.0\UsageLogs</Folder>
        <Folder>C:\Users\71288\AppData\Local\Microsoft\Feeds</Folder>
        <Folder>C:\Users\71288\AppData\Local\NeoSmart_Technologies</Folder>
        <Folder>C:\Windows\assembly\GAC_MSIL\msfeeds</Folder>
    </Folders>
    <Files>
        <File>C:\Users\71288\AppData\Local\Microsoft\Feeds Cache\3PX6WWI0\neosmart[1]</File>
        <File>C:\Users\71288\AppData\Local\Microsoft\Windows\INetCache\IE\7M892OHX\neosmart[1].xml</File>
        <File>C:\Users\71288\Favorites\The NeoSmart Files.url</File>
        <File>C:\Users\Public\Desktop\EasyBCD 1.7.2.lnk</File>
    </Files>
    <RegistryKeys>
        <Key>HKEY_CURRENT_USER\SOFTWARE\Microsoft\Feeds</Key>
        <Key>HKEY_LOCAL_MACHINE\SOFTWARE\Microsoft\Tracing\EasyBCD_RASAPI32</Key>
        <Key>HKEY_LOCAL_MACHINE\SOFTWARE\Microsoft\Tracing\EasyBCD_RASMANCS</Key>
        <Key>HKEY_LOCAL_MACHINE\SOFTWARE\NeoSmart Technologies</Key>
        <Key>HKEY_LOCAL_MACHINE\SOFTWARE\WOW6432Node\Microsoft\Windows\CurrentVersion\Uninstall\EasyBCD</Key>
        <Key>HKEY_LOCAL_MACHINE\SOFTWARE\WOW6432Node\NeoSmart Technologies</Key>
    </RegistryKeys>
    <RegistryValues>
        <Value Key="HKEY_LOCAL_MACHINE\SOFTWARE\Microsoft\Fusion\GACChangeNotification\Default">msfeeds,1.0.0.0,,7df935e7b230192c,MSIL</Value>
    </RegistryValues>
</ProgramTraces>
