<?xml version="1.0" encoding="UTF-8" ?>
<ProgramTraces version="1">
    <Folders>
        <Folder>C:\Program Files (x86)\VisiPics</Folder>
        <Folder>C:\ProgramData\Microsoft\Windows\Start Menu\Programs\VisiPics</Folder>
    </Folders>
    <Files>
        <File>C:\Windows\SysWOW64\msvcr71.dll</File>
    </Files>
    <RegistryKeys>
        <Key>HKEY_CURRENT_USER\SOFTWARE\Ozone</Key>
        <Key>HKEY_LOCAL_MACHINE\SOFTWARE\Classes\.vsp</Key>
        <Key>HKEY_LOCAL_MACHINE\SOFTWARE\Classes\VisiPics</Key>
        <Key>HKEY_LOCAL_MACHINE\SOFTWARE\WOW6432Node\ImageMagick</Key>
        <Key>HKEY_LOCAL_MACHINE\SOFTWARE\WOW6432Node\Microsoft\Windows\CurrentVersion\Uninstall\VisiPics_is1</Key>
    </RegistryKeys>
    <RegistryValues>
        <Value Key="HKEY_LOCAL_MACHINE\SOFTWARE\WOW6432Node\Microsoft\Windows\CurrentVersion\SharedDlls">C:\Windows\system32\msvcr71.dll</Value>
    </RegistryValues>
</ProgramTraces>
