<?xml version="1.0" encoding="UTF-8" ?>
<ProgramTraces version="1">
    <Folders>
        <Folder>C:\Program Files (x86)\Easy Autoinstaller</Folder>
        <Folder>C:\ProgramData\Microsoft\Windows\Start Menu\Programs\Easy Autoinstaller</Folder>
        <Folder>C:\ProgramData\{E45CC17E-8457-4082-8118-A6730BE3A83D}</Folder>
        <Folder>D:\sys\tmp\UninstallToolPortableTemp\mia47EB.tmp</Folder>
    </Folders>
    <Files>
        <File>C:\Program Files\Double Commander\doublecmd.xml</File>
        <File>C:\Program Files\Double Commander\history.xml</File>
        <File>C:\ProgramData\Microsoft\Windows\Start Menu\Easy Autoinstaller.lnk</File>
        <File>C:\Users\71288\AppData\Roaming\Microsoft\Internet Explorer\Quick Launch\Easy Autoinstaller.lnk</File>
        <File>C:\Users\Public\Desktop\Easy Autoinstaller.lnk</File>
        <File>C:\Windows\Installer\1683df.msi</File>
        <File>C:\Windows\Installer\SourceHash{B2FD5D51-1FAB-430B-A554-4F1EBBFE77DA}</File>
        <File>D:\sys\tmp\UninstallToolPortableTemp\mia47EB.tmp</File>
    </Files>
    <RegistryKeys>
        <Key>HKEY_LOCAL_MACHINE\SOFTWARE\Classes\Installer\Features\15D5DF2BBAF1B0345A45F4E1BBEF77AD</Key>
        <Key>HKEY_LOCAL_MACHINE\SOFTWARE\Classes\Installer\Products\15D5DF2BBAF1B0345A45F4E1BBEF77AD</Key>
        <Key>HKEY_LOCAL_MACHINE\SOFTWARE\Classes\Installer\UpgradeCodes\1204F0C00B29BA942906BF9FD791E219</Key>
        <Key>HKEY_LOCAL_MACHINE\SOFTWARE\Microsoft\Windows\CurrentVersion\Installer\UpgradeCodes\1204F0C00B29BA942906BF9FD791E219</Key>
        <Key>HKEY_LOCAL_MACHINE\SOFTWARE\Microsoft\Windows\CurrentVersion\Installer\UserData\S-1-5-18\Components\14155DA7BC583C94BBA777D823C6B29A</Key>
        <Key>HKEY_LOCAL_MACHINE\SOFTWARE\Microsoft\Windows\CurrentVersion\Installer\UserData\S-1-5-18\Components\32ADBBB59CB99AB4E8C7B521DF4292F1</Key>
        <Key>HKEY_LOCAL_MACHINE\SOFTWARE\Microsoft\Windows\CurrentVersion\Installer\UserData\S-1-5-18\Components\5E78848FC57DFDE4388FF0428763A654</Key>
        <Key>HKEY_LOCAL_MACHINE\SOFTWARE\Microsoft\Windows\CurrentVersion\Installer\UserData\S-1-5-18\Components\738FE5C59B6370540901D4C5B324E5EC</Key>
        <Key>HKEY_LOCAL_MACHINE\SOFTWARE\Microsoft\Windows\CurrentVersion\Installer\UserData\S-1-5-18\Components\77A541A72A6D05543B3972F3B9148FC5</Key>
        <Key>HKEY_LOCAL_MACHINE\SOFTWARE\Microsoft\Windows\CurrentVersion\Installer\UserData\S-1-5-18\Components\83A0045FFAE7EC948981A00DFD303A61</Key>
        <Key>HKEY_LOCAL_MACHINE\SOFTWARE\Microsoft\Windows\CurrentVersion\Installer\UserData\S-1-5-18\Components\935CA490C7887B44E888EA44A178F654</Key>
        <Key>HKEY_LOCAL_MACHINE\SOFTWARE\Microsoft\Windows\CurrentVersion\Installer\UserData\S-1-5-18\Components\BA72A19AB54120041A2181384499AC21</Key>
        <Key>HKEY_LOCAL_MACHINE\SOFTWARE\Microsoft\Windows\CurrentVersion\Installer\UserData\S-1-5-18\Components\C99632A9292718741814BAA1F26E7D64</Key>
        <Key>HKEY_LOCAL_MACHINE\SOFTWARE\Microsoft\Windows\CurrentVersion\Installer\UserData\S-1-5-18\Components\E695C34E0566C8E4FBA2CEA4B6E863CD</Key>
        <Key>HKEY_LOCAL_MACHINE\SOFTWARE\Microsoft\Windows\CurrentVersion\Installer\UserData\S-1-5-18\Products\15D5DF2BBAF1B0345A45F4E1BBEF77AD</Key>
        <Key>HKEY_LOCAL_MACHINE\SOFTWARE\WOW6432Node\Microsoft\Windows\CurrentVersion\Uninstall\Easy Autoinstaller</Key>
        <Key>HKEY_LOCAL_MACHINE\SOFTWARE\WOW6432Node\Microsoft\Windows\CurrentVersion\Uninstall\{B2FD5D51-1FAB-430B-A554-4F1EBBFE77DA}</Key>
        <Key>HKEY_LOCAL_MACHINE\SOFTWARE\WOW6432Node\MimarSinan</Key>
        <Key>HKEY_USERS\.DEFAULT\Software\Classes\Local Settings\MuiCache\3c9</Key>
    </RegistryKeys>
    <RegistryValues>
        <Value Key="HKEY_LOCAL_MACHINE\SOFTWARE\Microsoft\Windows\CurrentVersion\Installer\Folders">C:\Program Files (x86)\Easy Autoinstaller\</Value>
        <Value Key="HKEY_LOCAL_MACHINE\SOFTWARE\Microsoft\Windows\CurrentVersion\Installer\Folders">C:\ProgramData\Microsoft\Windows\Start Menu\Programs\Easy Autoinstaller\</Value>
    </RegistryValues>
</ProgramTraces>
