<?xml version="1.0" encoding="UTF-8" ?>
<ProgramTraces version="1">
    <Folders>
        <Folder>C:\Program Files\Microsoft PC Manager</Folder>
        <Folder>C:\ProgramData\Windows Master</Folder>
        <Folder>C:\ProgramData\Windows Master Setup</Folder>
        <Folder>D:\sys\tmp\UninstallToolPortableTemp\WM Scan Test</Folder>
        <Folder>D:\sys\tmp\UninstallToolPortableTemp\skin</Folder>
    </Folders>
    <Files>
        <File>C:\ProgramData\Microsoft\Windows\Start Menu\Programs\PC Manager.lnk</File>
        <File>C:\Users\71288\AppData\Roaming\doublecmd\doublecmd.xml</File>
        <File>C:\Users\71288\AppData\Roaming\doublecmd\history.xml</File>
        <File>C:\Users\Public\Desktop\PC Manager.lnk</File>
        <File>D:\sys\tmp\UninstallToolPortableTemp\Installer.dll</File>
        <File>D:\sys\tmp\UninstallToolPortableTemp\skin.zip</File>
    </Files>
    <RegistryKeys>
        <Key>HKEY_CURRENT_USER\SOFTWARE\AppInsights</Key>
        <Key>HKEY_LOCAL_MACHINE\SOFTWARE\Classes\AppID\{9c1d65ab-f03c-4fe7-afca-b25ab39fedf4}</Key>
        <Key>HKEY_LOCAL_MACHINE\SOFTWARE\Classes\CLSID\{9c1d65ab-f03c-4fe7-afca-b25ab39fedf4}</Key>
        <Key>HKEY_LOCAL_MACHINE\SOFTWARE\WOW6432Node\MSPCManager</Key>
        <Key>HKEY_LOCAL_MACHINE\SOFTWARE\WOW6432Node\Microsoft\MSPCManager</Key>
        <Key>HKEY_LOCAL_MACHINE\SOFTWARE\WOW6432Node\Microsoft\Windows\CurrentVersion\Uninstall\MSPCManager</Key>
    </RegistryKeys>
    <RegistryValues>
        <Value Key="HKEY_LOCAL_MACHINE\SOFTWARE\Microsoft\Windows\CurrentVersion\Run">WindowsMasterUI</Value>
    </RegistryValues>
</ProgramTraces>
