<?xml version="1.0" encoding="UTF-8" ?>
<ProgramTraces version="1">
    <Folders>
        <Folder>C:\Program Files\VeraCrypt</Folder>
        <Folder>C:\ProgramData\Microsoft\Windows\Start Menu\Programs\VeraCrypt</Folder>
    </Folders>
    <Files>
        <File>C:\Windows\System32\drivers\veracrypt.sys</File>
    </Files>
    <RegistryKeys>
        <Key>HKEY_CURRENT_USER\SOFTWARE\VeraCrypt</Key>
        <Key>HKEY_LOCAL_MACHINE\SOFTWARE\Classes\.hc</Key>
        <Key>HKEY_LOCAL_MACHINE\SOFTWARE\Classes\VeraCryptVolume</Key>
        <Key>HKEY_LOCAL_MACHINE\SOFTWARE\WOW6432Node\Microsoft\Windows\CurrentVersion\Uninstall\VeraCrypt</Key>
    </RegistryKeys>
</ProgramTraces>
