<?xml version="1.0" encoding="UTF-8" ?>
<ProgramTraces version="1">
    <Folders>
        <Folder>C:\Program Files (x86)\AOMEI Backupper\AOMEI Image Deploy</Folder>
        <Folder>C:\Program Files (x86)\AOMEI Backupper\Image</Folder>
        <Folder>C:\Program Files (x86)\AOMEI Backupper\Winpe64</Folder>
        <Folder>C:\Program Files (x86)\AOMEI Backupper\bios</Folder>
        <Folder>C:\Program Files (x86)\AOMEI Backupper\driver</Folder>
        <Folder>C:\Program Files (x86)\AOMEI Backupper\html</Folder>
        <Folder>C:\Program Files (x86)\AOMEI Backupper\lang</Folder>
        <Folder>C:\Program Files (x86)\AOMEI Backupper\log</Folder>
        <Folder>C:\Program Files (x86)\AOMEI Backupper\msbios</Folder>
        <Folder>C:\Program Files (x86)\AOMEI Backupper\msefi64</Folder>
        <Folder>C:\Program Files (x86)\AOMEI Backupper\plugins</Folder>
        <Folder>C:\Program Files (x86)\AOMEI Backupper\vss</Folder>
        <Folder>C:\Users\71288\AppData\Local\Microsoft\Windows\Explorer\IconCacheToDelete</Folder>
        <Folder>D:\disk_d\backup\win10x64_2004_notebook_mi_c</Folder>
        <Folder>D:\disk_d\backup\win10x64_2004_notebook_mi_t</Folder>
    </Folders>
    <Files>
        <File>C:\Program Files (x86)\AOMEI Backupper\2Gpt_BCD</File>
        <File>C:\Program Files (x86)\AOMEI Backupper\2Mbr_BCD</File>
        <File>C:\Program Files (x86)\AOMEI Backupper\ABCHHlp.exe</File>
        <File>C:\Program Files (x86)\AOMEI Backupper\ABCore.exe</File>
        <File>C:\Program Files (x86)\AOMEI Backupper\ABCorehlp.exe</File>
        <File>C:\Program Files (x86)\AOMEI Backupper\ABEventBackup.exe</File>
        <File>C:\Program Files (x86)\AOMEI Backupper\ABRequestDlg.exe</File>
        <File>C:\Program Files (x86)\AOMEI Backupper\ABSchedhlp.exe</File>
        <File>C:\Program Files (x86)\AOMEI Backupper\ABService.exe</File>
        <File>C:\Program Files (x86)\AOMEI Backupper\ABSpawn.exe</File>
        <File>C:\Program Files (x86)\AOMEI Backupper\ABSync.exe</File>
        <File>C:\Program Files (x86)\AOMEI Backupper\ABUsbTips.exe</File>
        <File>C:\Program Files (x86)\AOMEI Backupper\ABUserPass.exe</File>
        <File>C:\Program Files (x86)\AOMEI Backupper\AMBackup.exe</File>
        <File>C:\Program Files (x86)\AOMEI Backupper\Abspawnhlp.exe</File>
        <File>C:\Program Files (x86)\AOMEI Backupper\AmCore.dll</File>
        <File>C:\Program Files (x86)\AOMEI Backupper\Amnet.dll</File>
        <File>C:\Program Files (x86)\AOMEI Backupper\Backup.dll</File>
        <File>C:\Program Files (x86)\AOMEI Backupper\BackupRecovery.ini</File>
        <File>C:\Program Files (x86)\AOMEI Backupper\Backupper.exe</File>
        <File>C:\Program Files (x86)\AOMEI Backupper\BrFat.dll</File>
        <File>C:\Program Files (x86)\AOMEI Backupper\BrLog.dll</File>
        <File>C:\Program Files (x86)\AOMEI Backupper\BrNtfs.dll</File>
        <File>C:\Program Files (x86)\AOMEI Backupper\BrVol.dll</File>
        <File>C:\Program Files (x86)\AOMEI Backupper\CallbackCtrl.dll</File>
        <File>C:\Program Files (x86)\AOMEI Backupper\Clone.dll</File>
        <File>C:\Program Files (x86)\AOMEI Backupper\Color.xml</File>
        <File>C:\Program Files (x86)\AOMEI Backupper\Comn.dll</File>
        <File>C:\Program Files (x86)\AOMEI Backupper\Compress.dll</File>
        <File>C:\Program Files (x86)\AOMEI Backupper\CrashDumpper.dll</File>
        <File>C:\Program Files (x86)\AOMEI Backupper\Dev.dat</File>
        <File>C:\Program Files (x86)\AOMEI Backupper\Device.dll</File>
        <File>C:\Program Files (x86)\AOMEI Backupper\DeviceMgr.dll</File>
        <File>C:\Program Files (x86)\AOMEI Backupper\DiskMgr.dll</File>
        <File>C:\Program Files (x86)\AOMEI Backupper\Download.dll</File>
        <File>C:\Program Files (x86)\AOMEI Backupper\Encrypt.dll</File>
        <File>C:\Program Files (x86)\AOMEI Backupper\EnumFolder.dll</File>
        <File>C:\Program Files (x86)\AOMEI Backupper\FileDialog.dll</File>
        <File>C:\Program Files (x86)\AOMEI Backupper\FlBackup.dll</File>
        <File>C:\Program Files (x86)\AOMEI Backupper\FuncLogic.dll</File>
        <File>C:\Program Files (x86)\AOMEI Backupper\GptBcd.dll</File>
        <File>C:\Program Files (x86)\AOMEI Backupper\ImgFile.dll</File>
        <File>C:\Program Files (x86)\AOMEI Backupper\LHBase.dll</File>
        <File>C:\Program Files (x86)\AOMEI Backupper\Ldm.dll</File>
        <File>C:\Program Files (x86)\AOMEI Backupper\LoadDrv.exe</File>
        <File>C:\Program Files (x86)\AOMEI Backupper\MakeDisc.exe</File>
        <File>C:\Program Files (x86)\AOMEI Backupper\MakeIso.dll</File>
        <File>C:\Program Files (x86)\AOMEI Backupper\MakePeLogic.dll</File>
        <File>C:\Program Files (x86)\AOMEI Backupper\Microsoft.VC80.CRT.manifest</File>
        <File>C:\Program Files (x86)\AOMEI Backupper\Microsoft.VC80.MFC.manifest</File>
        <File>C:\Program Files (x86)\AOMEI Backupper\Microsoft.VC80.OpenMP.manifest</File>
        <File>C:\Program Files (x86)\AOMEI Backupper\Microsoft.VC90.CRT.manifest</File>
        <File>C:\Program Files (x86)\AOMEI Backupper\NASSql.dll</File>
        <File>C:\Program Files (x86)\AOMEI Backupper\NTHelp.dll</File>
        <File>C:\Program Files (x86)\AOMEI Backupper\NTLog.dll</File>
        <File>C:\Program Files (x86)\AOMEI Backupper\NTLogic.dll</File>
        <File>C:\Program Files (x86)\AOMEI Backupper\NTSQLite.dll</File>
        <File>C:\Program Files (x86)\AOMEI Backupper\NotDPIAware.dll</File>
        <File>C:\Program Files (x86)\AOMEI Backupper\PE.dll</File>
        <File>C:\Program Files (x86)\AOMEI Backupper\PeLoadDrv.exe</File>
        <File>C:\Program Files (x86)\AOMEI Backupper\PxeUi.exe</File>
        <File>C:\Program Files (x86)\AOMEI Backupper\QtCore4.dll</File>
        <File>C:\Program Files (x86)\AOMEI Backupper\QtGui4.dll</File>
        <File>C:\Program Files (x86)\AOMEI Backupper\QtNetwork4.dll</File>
        <File>C:\Program Files (x86)\AOMEI Backupper\QtWebKit4.dll</File>
        <File>C:\Program Files (x86)\AOMEI Backupper\QtXml4.dll</File>
        <File>C:\Program Files (x86)\AOMEI Backupper\SendFeedback.exe</File>
        <File>C:\Program Files (x86)\AOMEI Backupper\ShortcutTaskAgent.exe</File>
        <File>C:\Program Files (x86)\AOMEI Backupper\ShowPage.exe</File>
        <File>C:\Program Files (x86)\AOMEI Backupper\Sync.dll</File>
        <File>C:\Program Files (x86)\AOMEI Backupper\TFTP.dll</File>
        <File>C:\Program Files (x86)\AOMEI Backupper\TipInfo.exe</File>
        <File>C:\Program Files (x86)\AOMEI Backupper\UiLogic.dll</File>
        <File>C:\Program Files (x86)\AOMEI Backupper\UsbDetect.dll</File>
        <File>C:\Program Files (x86)\AOMEI Backupper\UserManual.pdf</File>
        <File>C:\Program Files (x86)\AOMEI Backupper\ValidCheck.exe</File>
        <File>C:\Program Files (x86)\AOMEI Backupper\Version.ini</File>
        <File>C:\Program Files (x86)\AOMEI Backupper\adi.ico</File>
        <File>C:\Program Files (x86)\AOMEI Backupper\amldr</File>
        <File>C:\Program Files (x86)\AOMEI Backupper\amldr.mbr</File>
        <File>C:\Program Files (x86)\AOMEI Backupper\amlnx.iso</File>
        <File>C:\Program Files (x86)\AOMEI Backupper\ammcauth.dll</File>
        <File>C:\Program Files (x86)\AOMEI Backupper\awsSns.dll</File>
        <File>C:\Program Files (x86)\AOMEI Backupper\bootmgfw.efi</File>
        <File>C:\Program Files (x86)\AOMEI Backupper\botva2.dll</File>
        <File>C:\Program Files (x86)\AOMEI Backupper\cfg.ini</File>
        <File>C:\Program Files (x86)\AOMEI Backupper\lib7zg.dll</File>
        <File>C:\Program Files (x86)\AOMEI Backupper\libamcbconsole.dll</File>
        <File>C:\Program Files (x86)\AOMEI Backupper\libamcbdb.dll</File>
        <File>C:\Program Files (x86)\AOMEI Backupper\libamct.dll</File>
        <File>C:\Program Files (x86)\AOMEI Backupper\libcrypto-1_1.dll</File>
        <File>C:\Program Files (x86)\AOMEI Backupper\libcurl.dll</File>
        <File>C:\Program Files (x86)\AOMEI Backupper\libeay32.dll</File>
        <File>C:\Program Files (x86)\AOMEI Backupper\libssl-1_1.dll</File>
        <File>C:\Program Files (x86)\AOMEI Backupper\mfc80.dll</File>
        <File>C:\Program Files (x86)\AOMEI Backupper\mfc80u.dll</File>
        <File>C:\Program Files (x86)\AOMEI Backupper\mfcm80.dll</File>
        <File>C:\Program Files (x86)\AOMEI Backupper\mfcm80u.dll</File>
        <File>C:\Program Files (x86)\AOMEI Backupper\msvcm80.dll</File>
        <File>C:\Program Files (x86)\AOMEI Backupper\msvcm90.dll</File>
        <File>C:\Program Files (x86)\AOMEI Backupper\msvcp80.dll</File>
        <File>C:\Program Files (x86)\AOMEI Backupper\msvcp90.dll</File>
        <File>C:\Program Files (x86)\AOMEI Backupper\msvcr80.dll</File>
        <File>C:\Program Files (x86)\AOMEI Backupper\msvcr90.dll</File>
        <File>C:\Program Files (x86)\AOMEI Backupper\other.ini</File>
        <File>C:\Program Files (x86)\AOMEI Backupper\regex2.dll</File>
        <File>C:\Program Files (x86)\AOMEI Backupper\sqlite3.dll</File>
        <File>C:\Program Files (x86)\AOMEI Backupper\ssleay32.dll</File>
        <File>C:\Program Files (x86)\AOMEI Backupper\unins000.dat</File>
        <File>C:\Program Files (x86)\AOMEI Backupper\unins000.exe</File>
        <File>C:\Program Files (x86)\AOMEI Backupper\vcomp.dll</File>
        <File>C:\Program Files (x86)\AOMEI Backupper\vsscom.exe</File>
        <File>C:\Program Files (x86)\AOMEI Backupper\wimgapi.dll</File>
        <File>C:\Program Files (x86)\AOMEI Backupper\winpeshl.ini</File>
        <File>C:\ProgramData\AomeiBR\8c11186f-c046-4dd2-bd6b-ac6d61fc9599</File>
        <File>C:\ProgramData\AomeiBR\b7c65a0a-d7a2-4885-84d5-ef871a7880e6</File>
        <File>C:\ProgramData\AomeiBR\d422c278-25b6-4065-ade8-b15268501fa7</File>
        <File>C:\ProgramData\AomeiBR\filebackup_task_name.txt</File>
        <File>C:\ProgramData\Microsoft\Windows\Start Menu\Programs\AOMEI Backupper\AOMEI Backupper.lnk</File>
        <File>C:\ProgramData\Microsoft\Windows\Start Menu\Programs\AOMEI Backupper\Удаление.lnk</File>
        <File>C:\SYSTAG.BIN</File>
        <File>C:\Users\71288\AppData\Local\Microsoft\Windows\Explorer\iconcache_1280.db</File>
        <File>C:\Users\71288\AppData\Local\Microsoft\Windows\Explorer\iconcache_16.db</File>
        <File>C:\Users\71288\AppData\Local\Microsoft\Windows\Explorer\iconcache_1920.db</File>
        <File>C:\Users\71288\AppData\Local\Microsoft\Windows\Explorer\iconcache_256.db</File>
        <File>C:\Users\71288\AppData\Local\Microsoft\Windows\Explorer\iconcache_2560.db</File>
        <File>C:\Users\71288\AppData\Local\Microsoft\Windows\Explorer\iconcache_32.db</File>
        <File>C:\Users\71288\AppData\Local\Microsoft\Windows\Explorer\iconcache_48.db</File>
        <File>C:\Users\71288\AppData\Local\Microsoft\Windows\Explorer\iconcache_768.db</File>
        <File>C:\Users\71288\AppData\Local\Microsoft\Windows\Explorer\iconcache_96.db</File>
        <File>C:\Users\71288\AppData\Local\Microsoft\Windows\Explorer\iconcache_custom_stream.db</File>
        <File>C:\Users\71288\AppData\Local\Microsoft\Windows\Explorer\iconcache_exif.db</File>
        <File>C:\Users\71288\AppData\Local\Microsoft\Windows\Explorer\iconcache_idx.db</File>
        <File>C:\Users\71288\AppData\Local\Microsoft\Windows\Explorer\iconcache_sr.db</File>
        <File>C:\Users\71288\AppData\Local\Microsoft\Windows\Explorer\iconcache_wide.db</File>
        <File>C:\Users\71288\AppData\Local\Microsoft\Windows\Explorer\iconcache_wide_alternate.db</File>
        <File>C:\Users\71288\AppData\Local\Microsoft\Windows\INetCache\IE\9UKALXGF\Apps[1].zip</File>
        <File>C:\Users\71288\AppData\Local\Microsoft\Windows\INetCache\IE\SRDRCXTI\KnownStartupItemsV3[1].zip</File>
        <File>C:\Users\71288\AppData\Local\Microsoft\Windows\INetCache\IE\SRDRCXTI\data[1].xml</File>
        <File>C:\Users\71288\AppData\Local\Microsoft\Windows\INetCache\IE\WVQNT8T4\subscribers[1].htm</File>
        <File>C:\Users\71288\AppData\Roaming\doublecmd\doublecmd.xml</File>
        <File>C:\Users\71288\AppData\Roaming\doublecmd\history.xml</File>
        <File>C:\Windows\SysWOW64\winsevr.dat</File>
        <File>D:\sys\PortableApps\RegOrganizer\Data\Reg Organizer\DeletedApps\Apps.txt</File>
        <File>D:\sys\PortableApps\RegOrganizer\Data\Reg Organizer\KnownStartupItemsV3.zip</File>
    </Files>
    <RegistryKeys>
        <Key>HKEY_CURRENT_USER\Software\Classes\Local Settings\Software\Microsoft\Windows\Shell\Bags\1634\ComDlgLegacy</Key>
        <Key>HKEY_LOCAL_MACHINE\SOFTWARE\WOW6432Node\Microsoft\Windows\CurrentVersion\Uninstall\AOMEI Backupper_is1</Key>
    </RegistryKeys>
    <RegistryValues>
        <Value Key="HKEY_CURRENT_USER\SOFTWARE\Microsoft\Windows\CurrentVersion\Explorer\ComDlg32\CIDSizeMRU">13</Value>
        <Value Key="HKEY_CURRENT_USER\SOFTWARE\Microsoft\Windows\CurrentVersion\Explorer\ComDlg32\LastVisitedPidlMRULegacy">0</Value>
        <Value Key="HKEY_CURRENT_USER\SOFTWARE\Microsoft\Windows\CurrentVersion\Explorer\ComDlg32\OpenSavePidlMRU\*">8</Value>
        <Value Key="HKEY_CURRENT_USER\SOFTWARE\Microsoft\Windows\CurrentVersion\Explorer\ComDlg32\OpenSavePidlMRU\exe">1</Value>
        <Value Key="HKEY_LOCAL_MACHINE\SOFTWARE\WOW6432Node\Microsoft\Windows\CurrentVersion">ProgramData</Value>
    </RegistryValues>
</ProgramTraces>
