<?xml version="1.0" encoding="UTF-8" ?>
<ProgramTraces version="1">
    <Folders>
        <Folder>C:\Program Files (x86)\AnyDesk</Folder>
        <Folder>C:\ProgramData\AnyDesk</Folder>
        <Folder>C:\ProgramData\Microsoft\Windows\Start Menu\Programs\AnyDesk</Folder>
        <Folder>C:\Users\71288\AppData\Roaming\AnyDesk\printer_driver</Folder>
        <Folder>C:\Users\71288\Pictures\AnyDesk</Folder>
    </Folders>
    <Files>
        <File>C:\ProgramData\Microsoft\Windows\Start Menu\Programs\StartUp\AnyDesk.lnk</File>
        <File>C:\Windows\Logs\DPX\setupact.log</File>
        <File>C:\Windows\Logs\DPX\setuperr.log</File>
        <File>D:\sys\tmp\UninstallToolPortableTemp\gcapi.dll</File>
    </Files>
    <RegistryKeys>
        <Key>HKEY_LOCAL_MACHINE\SOFTWARE\Classes\.anydesk</Key>
        <Key>HKEY_LOCAL_MACHINE\SOFTWARE\Classes\AnyDesk</Key>
        <Key>HKEY_LOCAL_MACHINE\SOFTWARE\Clients\Media\AnyDesk</Key>
        <Key>HKEY_LOCAL_MACHINE\SOFTWARE\WOW6432Node\Google\No Chrome Offer Until</Key>
        <Key>HKEY_LOCAL_MACHINE\SOFTWARE\WOW6432Node\Microsoft\Windows\CurrentVersion\Uninstall\AnyDesk</Key>
    </RegistryKeys>
    <RegistryValues>
        <Value Key="HKEY_LOCAL_MACHINE\SOFTWARE\RegisteredApplications">AnyDesk</Value>
    </RegistryValues>
</ProgramTraces>
