<?xml version="1.0" encoding="UTF-8" ?>
<ProgramTraces version="1">
    <Folders>
        <Folder>C:\Program Files (x86)\Duplicate Video Remover Free 1.8.1</Folder>
        <Folder>C:\ProgramData\Microsoft\Windows\Start Menu\Programs\Duplicate Video Remover Free 1.8.1</Folder>
        <Folder>C:\Users\71288\.swt</Folder>
        <Folder>D:\sys\tmp\UninstallToolPortableTemp\hsperfdata_71288</Folder>
    </Folders>
    <Files>
        <File>C:\Users\71288\Desktop\Duplicate Video Remover Free 1.8.1.lnk</File>
    </Files>
    <RegistryKeys>
        <Key>HKEY_CURRENT_USER\SOFTWARE\JavaSoft</Key>
        <Key>HKEY_LOCAL_MACHINE\SOFTWARE\WOW6432Node\JavaSoft</Key>
        <Key>HKEY_LOCAL_MACHINE\SOFTWARE\WOW6432Node\Microsoft\Windows\CurrentVersion\Uninstall\Duplicate Video Remover Free 1.8.1_is1</Key>
    </RegistryKeys>
</ProgramTraces>
