<?xml version="1.0" encoding="UTF-8" ?>
<ProgramTraces version="1">
    <Folders>
        <Folder>C:\Program Files (x86)\Convertilla</Folder>
        <Folder>C:\ProgramData\Microsoft\Windows\Start Menu\Programs\Convertilla</Folder>
        <Folder>C:\Users\71288\AppData\Roaming\Convertilla</Folder>
    </Folders>
    <Files>
        <File>C:\Program Files\Double Commander\doublecmd.xml</File>
        <File>C:\Program Files\Double Commander\history.xml</File>
    </Files>
    <RegistryKeys>
        <Key>HKEY_CURRENT_USER\SOFTWARE\2vg\Convertilla</Key>
        <Key>HKEY_LOCAL_MACHINE\SOFTWARE\WOW6432Node\Microsoft\Windows\CurrentVersion\Uninstall\Convertilla_is1</Key>
    </RegistryKeys>
</ProgramTraces>
