<?xml version="1.0" encoding="UTF-8" ?>
<ProgramTraces version="1">
    <Folders>
        <Folder>C:\Program Files (x86)\Yandex\Punto Switcher</Folder>
        <Folder>C:\ProgramData\Microsoft\Windows\Start Menu\Programs\Яндекс</Folder>
        <Folder>C:\Users\71288\AppData\Roaming\Yandex\Punto Switcher\User Data</Folder>
        <Folder>C:\Windows\Installer\{44DF95BD-8D02-42D0-96EE-677A0943F01F}</Folder>
        <Folder>D:\sys\tmp\UninstallToolPortableTemp\{44DF95BD-8D02-42D0-96EE-677A0943F01F}</Folder>
    </Folders>
    <Files>
        <File>C:\Users\71288\AppData\LocalLow\Yandex\Updater\punto\appinfo.xml</File>
        <File>C:\Users\71288\AppData\Local\Microsoft\Windows\INetCache\IE\AQ7422E8\_[1].gif</File>
        <File>C:\Users\71288\AppData\Local\Microsoft\Windows\INetCache\IE\LUS5WQTU\_[1].gif</File>
        <File>C:\Users\71288\AppData\Roaming\Microsoft\Windows\Start Menu\Programs\Startup\Punto Switcher.lnk</File>
        <File>C:\Windows\Installer\SourceHash{44DF95BD-8D02-42D0-96EE-677A0943F01F}</File>
        <File>C:\Windows\Installer\e88a.msi</File>
        <File>D:\sys\tmp\UninstallToolPortableTemp\PuntoSwitcher00000.log</File>
        <File>D:\sys\tmp\downloader.exe</File>
    </Files>
    <RegistryKeys>
        <Key>HKEY_LOCAL_MACHINE\SOFTWARE\Classes\Installer\Features\DB59FD4420D80D2469EE76A790340FF1</Key>
        <Key>HKEY_LOCAL_MACHINE\SOFTWARE\Classes\Installer\Products\DB59FD4420D80D2469EE76A790340FF1</Key>
        <Key>HKEY_LOCAL_MACHINE\SOFTWARE\Classes\Installer\UpgradeCodes\C750FAE89DD4F9943832DA86AF636611</Key>
        <Key>HKEY_LOCAL_MACHINE\SOFTWARE\Microsoft\Windows\CurrentVersion\Installer\UpgradeCodes\C750FAE89DD4F9943832DA86AF636611</Key>
        <Key>HKEY_LOCAL_MACHINE\SOFTWARE\Microsoft\Windows\CurrentVersion\Installer\UserData\S-1-5-18\Components\0047F90B59F733942A1645903149B695</Key>
        <Key>HKEY_LOCAL_MACHINE\SOFTWARE\Microsoft\Windows\CurrentVersion\Installer\UserData\S-1-5-18\Components\03BC3EB54FA01484E832E1C57F409AE3</Key>
        <Key>HKEY_LOCAL_MACHINE\SOFTWARE\Microsoft\Windows\CurrentVersion\Installer\UserData\S-1-5-18\Components\0AA79014958B1F54BA3C5BAF974C07F0</Key>
        <Key>HKEY_LOCAL_MACHINE\SOFTWARE\Microsoft\Windows\CurrentVersion\Installer\UserData\S-1-5-18\Components\0D6FBCEE822AD754CA66AAD9C3147199</Key>
        <Key>HKEY_LOCAL_MACHINE\SOFTWARE\Microsoft\Windows\CurrentVersion\Installer\UserData\S-1-5-18\Components\0EB65B28F746F22489558C97A802F4D5</Key>
        <Key>HKEY_LOCAL_MACHINE\SOFTWARE\Microsoft\Windows\CurrentVersion\Installer\UserData\S-1-5-18\Components\186842C85A0C0514FBBC7387DCF416DB</Key>
        <Key>HKEY_LOCAL_MACHINE\SOFTWARE\Microsoft\Windows\CurrentVersion\Installer\UserData\S-1-5-18\Components\21341E0FEC5FA064FB38B5388C95A03E</Key>
        <Key>HKEY_LOCAL_MACHINE\SOFTWARE\Microsoft\Windows\CurrentVersion\Installer\UserData\S-1-5-18\Components\26543F3AD341F834AA2D8B4CDA81E54A</Key>
        <Key>HKEY_LOCAL_MACHINE\SOFTWARE\Microsoft\Windows\CurrentVersion\Installer\UserData\S-1-5-18\Components\28B47E67E2E0C5E43BCFB3C12312047F</Key>
        <Key>HKEY_LOCAL_MACHINE\SOFTWARE\Microsoft\Windows\CurrentVersion\Installer\UserData\S-1-5-18\Components\2C6EBDADB44577548B55E175A85296B5</Key>
        <Key>HKEY_LOCAL_MACHINE\SOFTWARE\Microsoft\Windows\CurrentVersion\Installer\UserData\S-1-5-18\Components\2EEC03D770DEE5243B6D7CA435BC8AB8</Key>
        <Key>HKEY_LOCAL_MACHINE\SOFTWARE\Microsoft\Windows\CurrentVersion\Installer\UserData\S-1-5-18\Components\34713AEFF107C834E9F23147F942C9C5</Key>
        <Key>HKEY_LOCAL_MACHINE\SOFTWARE\Microsoft\Windows\CurrentVersion\Installer\UserData\S-1-5-18\Components\39E96F86B1A018D4B8956876597D9C3F</Key>
        <Key>HKEY_LOCAL_MACHINE\SOFTWARE\Microsoft\Windows\CurrentVersion\Installer\UserData\S-1-5-18\Components\3FA40C7CFA670174A9F349F47E1063FB</Key>
        <Key>HKEY_LOCAL_MACHINE\SOFTWARE\Microsoft\Windows\CurrentVersion\Installer\UserData\S-1-5-18\Components\491E24A7F76F5834A9F5E9CC74F6C97F</Key>
        <Key>HKEY_LOCAL_MACHINE\SOFTWARE\Microsoft\Windows\CurrentVersion\Installer\UserData\S-1-5-18\Components\499E487B4F14BBE419C971C83B9D02ED</Key>
        <Key>HKEY_LOCAL_MACHINE\SOFTWARE\Microsoft\Windows\CurrentVersion\Installer\UserData\S-1-5-18\Components\4A0E778E0A883D1458B7845F3EEE5CE9</Key>
        <Key>HKEY_LOCAL_MACHINE\SOFTWARE\Microsoft\Windows\CurrentVersion\Installer\UserData\S-1-5-18\Components\53D6855D22DC34F41B84F30CC7AE3677</Key>
        <Key>HKEY_LOCAL_MACHINE\SOFTWARE\Microsoft\Windows\CurrentVersion\Installer\UserData\S-1-5-18\Components\672A6DE0633113745BCE772BC00DA8ED</Key>
        <Key>HKEY_LOCAL_MACHINE\SOFTWARE\Microsoft\Windows\CurrentVersion\Installer\UserData\S-1-5-18\Components\67D4D7E6F8DA53644B15BD9997E3B7D1</Key>
        <Key>HKEY_LOCAL_MACHINE\SOFTWARE\Microsoft\Windows\CurrentVersion\Installer\UserData\S-1-5-18\Components\6F7907EBFB0627C4988652E0A3F37F47</Key>
        <Key>HKEY_LOCAL_MACHINE\SOFTWARE\Microsoft\Windows\CurrentVersion\Installer\UserData\S-1-5-18\Components\70C816A428327CA4BA687084DCDD6E49</Key>
        <Key>HKEY_LOCAL_MACHINE\SOFTWARE\Microsoft\Windows\CurrentVersion\Installer\UserData\S-1-5-18\Components\74A793027AA8E0345A35A3929A3F1F03</Key>
        <Key>HKEY_LOCAL_MACHINE\SOFTWARE\Microsoft\Windows\CurrentVersion\Installer\UserData\S-1-5-18\Components\7541F1F4A8E332D4696CD752DFAF4494</Key>
        <Key>HKEY_LOCAL_MACHINE\SOFTWARE\Microsoft\Windows\CurrentVersion\Installer\UserData\S-1-5-18\Components\79871AD99993B8A42B09480C6423B63D</Key>
        <Key>HKEY_LOCAL_MACHINE\SOFTWARE\Microsoft\Windows\CurrentVersion\Installer\UserData\S-1-5-18\Components\7BD33C88EA4E80A4CB8B3FF0872B76BD</Key>
        <Key>HKEY_LOCAL_MACHINE\SOFTWARE\Microsoft\Windows\CurrentVersion\Installer\UserData\S-1-5-18\Components\7BDCBD12600FD0449AF8BD70477831FD</Key>
        <Key>HKEY_LOCAL_MACHINE\SOFTWARE\Microsoft\Windows\CurrentVersion\Installer\UserData\S-1-5-18\Components\7C8F0C62F59D57543ABC57EF2CAB1F8E</Key>
        <Key>HKEY_LOCAL_MACHINE\SOFTWARE\Microsoft\Windows\CurrentVersion\Installer\UserData\S-1-5-18\Components\81892ABD12DB06B49986B70A748B5B3C</Key>
        <Key>HKEY_LOCAL_MACHINE\SOFTWARE\Microsoft\Windows\CurrentVersion\Installer\UserData\S-1-5-18\Components\82E1F33C70E415946A7FDCCB9B6E9B75</Key>
        <Key>HKEY_LOCAL_MACHINE\SOFTWARE\Microsoft\Windows\CurrentVersion\Installer\UserData\S-1-5-18\Components\84CE8FC23EBC5354BB39F318340B16A4</Key>
        <Key>HKEY_LOCAL_MACHINE\SOFTWARE\Microsoft\Windows\CurrentVersion\Installer\UserData\S-1-5-18\Components\86B1A7833FEC5AB43BD22B5165A0F816</Key>
        <Key>HKEY_LOCAL_MACHINE\SOFTWARE\Microsoft\Windows\CurrentVersion\Installer\UserData\S-1-5-18\Components\922A07F7531135A45BCCDE3043820CDC</Key>
        <Key>HKEY_LOCAL_MACHINE\SOFTWARE\Microsoft\Windows\CurrentVersion\Installer\UserData\S-1-5-18\Components\92693B89B8FF7AC4AB9FC72B87875479</Key>
        <Key>HKEY_LOCAL_MACHINE\SOFTWARE\Microsoft\Windows\CurrentVersion\Installer\UserData\S-1-5-18\Components\991BFCA9F30E31F4290C0E6163E2A964</Key>
        <Key>HKEY_LOCAL_MACHINE\SOFTWARE\Microsoft\Windows\CurrentVersion\Installer\UserData\S-1-5-18\Components\A52E7E6A1F4BB1D4DBD8AE88882D6C2D</Key>
        <Key>HKEY_LOCAL_MACHINE\SOFTWARE\Microsoft\Windows\CurrentVersion\Installer\UserData\S-1-5-18\Components\A7C118EA7A7DDE04AB3AFDAB46553082</Key>
        <Key>HKEY_LOCAL_MACHINE\SOFTWARE\Microsoft\Windows\CurrentVersion\Installer\UserData\S-1-5-18\Components\A8D3F678DAC7B4D46B5FF28CCB84CD59</Key>
        <Key>HKEY_LOCAL_MACHINE\SOFTWARE\Microsoft\Windows\CurrentVersion\Installer\UserData\S-1-5-18\Components\B0A0DE67E1AB6044BB75CB456991139A</Key>
        <Key>HKEY_LOCAL_MACHINE\SOFTWARE\Microsoft\Windows\CurrentVersion\Installer\UserData\S-1-5-18\Components\B0B6F22905F50E64BBDF37E05AEAF074</Key>
        <Key>HKEY_LOCAL_MACHINE\SOFTWARE\Microsoft\Windows\CurrentVersion\Installer\UserData\S-1-5-18\Components\B3CA8E7B631661146BD98528B0C31D16</Key>
        <Key>HKEY_LOCAL_MACHINE\SOFTWARE\Microsoft\Windows\CurrentVersion\Installer\UserData\S-1-5-18\Components\B8A3179BED4DE38499E4B51E7D1B6A52</Key>
        <Key>HKEY_LOCAL_MACHINE\SOFTWARE\Microsoft\Windows\CurrentVersion\Installer\UserData\S-1-5-18\Components\D37CCF3DE35210540A6657E9DC252C8A</Key>
        <Key>HKEY_LOCAL_MACHINE\SOFTWARE\Microsoft\Windows\CurrentVersion\Installer\UserData\S-1-5-18\Components\DB3517860413A2C40B56F9A975470C4F</Key>
        <Key>HKEY_LOCAL_MACHINE\SOFTWARE\Microsoft\Windows\CurrentVersion\Installer\UserData\S-1-5-18\Components\DF034AD29FAD92F419B9665C9A1DC73A</Key>
        <Key>HKEY_LOCAL_MACHINE\SOFTWARE\Microsoft\Windows\CurrentVersion\Installer\UserData\S-1-5-18\Components\E07F483C87FCF0540AF3EDC3A2DC522F</Key>
        <Key>HKEY_LOCAL_MACHINE\SOFTWARE\Microsoft\Windows\CurrentVersion\Installer\UserData\S-1-5-18\Components\E125FC9956710F04792D7FA1599DEECE</Key>
        <Key>HKEY_LOCAL_MACHINE\SOFTWARE\Microsoft\Windows\CurrentVersion\Installer\UserData\S-1-5-18\Components\E3684C7B0124D3C4A88B43FE91FD1B4D</Key>
        <Key>HKEY_LOCAL_MACHINE\SOFTWARE\Microsoft\Windows\CurrentVersion\Installer\UserData\S-1-5-18\Components\F084739D3C79719468E9656750CE4AE7</Key>
        <Key>HKEY_LOCAL_MACHINE\SOFTWARE\Microsoft\Windows\CurrentVersion\Installer\UserData\S-1-5-18\Components\F3264D456676B494BA9F2F4656DF6A11</Key>
        <Key>HKEY_LOCAL_MACHINE\SOFTWARE\Microsoft\Windows\CurrentVersion\Installer\UserData\S-1-5-18\Components\F998D8B14850CDF44B9C5A998357AAFC</Key>
        <Key>HKEY_LOCAL_MACHINE\SOFTWARE\Microsoft\Windows\CurrentVersion\Installer\UserData\S-1-5-18\Components\FA941665A3C68664A856315EAA6B74E7</Key>
        <Key>HKEY_LOCAL_MACHINE\SOFTWARE\Microsoft\Windows\CurrentVersion\Installer\UserData\S-1-5-18\Components\FB7092730D86D8843B1B6B802D1672B7</Key>
        <Key>HKEY_LOCAL_MACHINE\SOFTWARE\Microsoft\Windows\CurrentVersion\Installer\UserData\S-1-5-18\Components\FD1B745C1C44675498CA5319E50C0BC6</Key>
        <Key>HKEY_LOCAL_MACHINE\SOFTWARE\Microsoft\Windows\CurrentVersion\Installer\UserData\S-1-5-18\Products\DB59FD4420D80D2469EE76A790340FF1</Key>
        <Key>HKEY_LOCAL_MACHINE\SOFTWARE\WOW6432Node\Microsoft\Windows\CurrentVersion\Uninstall\{44DF95BD-8D02-42D0-96EE-677A0943F01F}</Key>
        <Key>HKEY_USERS\.DEFAULT\Software\Classes\Local Settings\MuiCache\1f2</Key>
    </RegistryKeys>
    <RegistryValues>
        <Value Key="HKEY_CURRENT_USER\SOFTWARE\Yandex\Punto Switcher">ShortcutPresent</Value>
        <Value Key="HKEY_CURRENT_USER\Software\Classes\Local Settings\MuiCache\1f2\B1A07F78">@%SystemRoot%\system32\WindowsPowerShell\v1.0\powershell.exe,-124</Value>
        <Value Key="HKEY_CURRENT_USER\Software\Classes\Local Settings\MuiCache\1f2\B1A07F78">@%SystemRoot%\system32\dnsapi.dll,-103</Value>
        <Value Key="HKEY_LOCAL_MACHINE\SOFTWARE\Microsoft\Windows\CurrentVersion\Installer\Folders">C:\Program Files (x86)\Yandex\Punto Switcher\</Value>
        <Value Key="HKEY_LOCAL_MACHINE\SOFTWARE\Microsoft\Windows\CurrentVersion\Installer\Folders">C:\Program Files (x86)\Yandex\Punto Switcher\Data\</Value>
        <Value Key="HKEY_LOCAL_MACHINE\SOFTWARE\Microsoft\Windows\CurrentVersion\Installer\Folders">C:\Program Files (x86)\Yandex\Punto Switcher\Images\</Value>
        <Value Key="HKEY_LOCAL_MACHINE\SOFTWARE\Microsoft\Windows\CurrentVersion\Installer\Folders">C:\Program Files (x86)\Yandex\Punto Switcher\Sounds\</Value>
        <Value Key="HKEY_LOCAL_MACHINE\SOFTWARE\Microsoft\Windows\CurrentVersion\Installer\Folders">C:\Program Files (x86)\Yandex\Punto Switcher\Updater\</Value>
        <Value Key="HKEY_LOCAL_MACHINE\SOFTWARE\Microsoft\Windows\CurrentVersion\Installer\Folders">C:\ProgramData\Microsoft\Windows\Start Menu\Programs\Яндекс\</Value>
        <Value Key="HKEY_LOCAL_MACHINE\SOFTWARE\Microsoft\Windows\CurrentVersion\Installer\Folders">C:\ProgramData\Microsoft\Windows\Start Menu\Programs\Яндекс\Punto Switcher\</Value>
        <Value Key="HKEY_LOCAL_MACHINE\SOFTWARE\Microsoft\Windows\CurrentVersion\Installer\Folders">C:\Windows\Installer\{44DF95BD-8D02-42D0-96EE-677A0943F01F}\</Value>
    </RegistryValues>
</ProgramTraces>
