<?xml version="1.0" encoding="UTF-8" ?>
<ProgramTraces version="1">
    <Folders>
        <Folder>C:\Program Files (x86)\BitTorrent Sync</Folder>
        <Folder>C:\Users\71288\AppData\Roaming\BitTorrent Sync</Folder>
        <Folder>D:\sys\tmp\nod32</Folder>
    </Folders>
    <Files>
        <File>C:\ProgramData\Microsoft\Windows\Start Menu\BitTorrent Sync.lnk</File>
        <File>C:\Users\71288\AppData\Roaming\Microsoft\Crypto\RSA\S-1-5-21-4066324000-1651029815-820322042-1001\0b26fd14181c7e0352857c270be8e53b_1bf5b84c-7cd4-44eb-b19e-ff83656f1ab3</File>
        <File>C:\Users\71288\AppData\Roaming\Microsoft\Crypto\RSA\S-1-5-21-4066324000-1651029815-820322042-1001\9f1d49a9831f22bfc21236f73780d1d3_1bf5b84c-7cd4-44eb-b19e-ff83656f1ab3</File>
        <File>C:\Users\Public\Desktop\BitTorrent Sync.lnk</File>
    </Files>
    <RegistryKeys>
        <Key>HKEY_CURRENT_USER\SOFTWARE\BitTorrent</Key>
        <Key>HKEY_CURRENT_USER\Software\Classes\.btsearch</Key>
        <Key>HKEY_CURRENT_USER\Software\Classes\.torrent</Key>
        <Key>HKEY_CURRENT_USER\Software\Classes\Applications\BTSync.exe</Key>
        <Key>HKEY_CURRENT_USER\Software\Classes\FalconBetaAccount</Key>
        <Key>HKEY_LOCAL_MACHINE\SOFTWARE\WOW6432Node\Microsoft\Windows\CurrentVersion\Uninstall\BitTorrent Sync</Key>
    </RegistryKeys>
    <RegistryValues>
        <Value Key="HKEY_CURRENT_USER\SOFTWARE\Microsoft\Windows\CurrentVersion\Explorer\ComDlg32\CIDSizeMRU">24</Value>
        <Value Key="HKEY_CURRENT_USER\SOFTWARE\Microsoft\Windows\CurrentVersion\Explorer\ComDlg32\LastVisitedPidlMRU">16</Value>
    </RegistryValues>
</ProgramTraces>
