<?xml version="1.0" encoding="UTF-8" ?>
<ProgramTraces version="1" dependencies="_1_2147483650_{643FC1E0-77D7-42FB-B1C6-E63838244C50}">
    <Folders>
        <Folder>C:\Program Files (x86)\Samsung\RAPID\CacheFilter</Folder>
        <Folder>C:\Program Files (x86)\Samsung\RAPID\Tools</Folder>
        <Folder>C:\Program Files (x86)\Samsung\Samsung Magician</Folder>
        <Folder>C:\ProgramData\Microsoft\Windows\Start Menu\Programs\Samsung Magician</Folder>
        <Folder>C:\ProgramData\Samsung\Backup</Folder>
        <Folder>C:\ProgramData\Samsung\Samsung Magician</Folder>
        <Folder>C:\Users\71288\AppData\Roaming\Samsung Magician</Folder>
        <Folder>C:\Windows\Installer\{643FC1E0-77D7-42FB-B1C6-E63838244C50}</Folder>
        <Folder>C:\Windows\System32\DRVSTORE\SamsungRap_13A1489E885405CF5964A07FDBBAED63A59E0B0A</Folder>
        <Folder>C:\Windows\System32\RAPID</Folder>
    </Folders>
    <Files>
        <File>C:\Program Files (x86)\Samsung\RAPID\OpenSourceAnnouncement.txt</File>
        <File>C:\ProgramData\Intel\ShaderCache\SamsungMagician_0</File>
        <File>C:\ProgramData\Intel\ShaderCache\SamsungMagician_1</File>
        <File>C:\ProgramData\Intel\ShaderCache\SamsungMagician_2</File>
        <File>C:\Users\71288\AppData\Local\Microsoft\Internet Explorer\ie4uinit-show.log</File>
        <File>C:\Users\71288\AppData\Roaming\doublecmd\doublecmd.xml</File>
        <File>C:\Users\71288\AppData\Roaming\doublecmd\history.xml</File>
        <File>C:\Users\Public\Desktop\Samsung Magician.lnk</File>
        <File>C:\Windows\Installer\15dade.msi</File>
        <File>C:\Windows\Installer\SourceHash{643FC1E0-77D7-42FB-B1C6-E63838244C50}</File>
        <File>C:\Windows\System32\drivers\SamsungRapidDiskFltr.sys</File>
        <File>C:\Windows\System32\drivers\SamsungRapidFSFltr.sys</File>
        <File>D:\sys\tmp\RAPID.addfilter.log</File>
        <File>D:\sys\tmp\RAPID.log</File>
        <File>D:\sys\tmp\UninstallToolPortableTemp\Samsung_NVM_Express_Driver_20230519204720.log</File>
        <File>D:\sys\tmp\UninstallToolPortableTemp\Setup Log 2023-05-19 #001.txt</File>
        <File>D:\sys\tmp\UninstallToolPortableTemp\Setup Log 2023-05-19 #002.txt</File>
        <File>D:\sys\tmp\log.txt</File>
    </Files>
    <RegistryKeys>
        <Key>HKEY_LOCAL_MACHINE\SOFTWARE\Classes\AppID\{b9ce352c-a6f7-4ea9-9e50-f354b3285ae3}</Key>
        <Key>HKEY_LOCAL_MACHINE\SOFTWARE\Classes\Installer\Features\0E1CF3467D77BF241B6C6E838342C405</Key>
        <Key>HKEY_LOCAL_MACHINE\SOFTWARE\Classes\Installer\Products\0E1CF3467D77BF241B6C6E838342C405</Key>
        <Key>HKEY_LOCAL_MACHINE\SOFTWARE\Classes\Installer\UpgradeCodes\714474DD0F7EDBC4D9587DD78B37EBAD</Key>
        <Key>HKEY_LOCAL_MACHINE\SOFTWARE\Microsoft\Windows\CurrentVersion\DIFx\DriverStore\SamsungRap_13A1489E885405CF5964A07FDBBAED63A59E0B0A</Key>
        <Key>HKEY_LOCAL_MACHINE\SOFTWARE\Microsoft\Windows\CurrentVersion\Installer\UpgradeCodes\714474DD0F7EDBC4D9587DD78B37EBAD</Key>
        <Key>HKEY_LOCAL_MACHINE\SOFTWARE\Microsoft\Windows\CurrentVersion\Installer\UserData\S-1-5-18\Components\115C6FDF51FBFB64B9E8BF931B9D5230</Key>
        <Key>HKEY_LOCAL_MACHINE\SOFTWARE\Microsoft\Windows\CurrentVersion\Installer\UserData\S-1-5-18\Components\24D5285FA5F0E14418DEBAA20A1C35BD</Key>
        <Key>HKEY_LOCAL_MACHINE\SOFTWARE\Microsoft\Windows\CurrentVersion\Installer\UserData\S-1-5-18\Components\305262D736E0A564DB7C3BD77A7DEED3</Key>
        <Key>HKEY_LOCAL_MACHINE\SOFTWARE\Microsoft\Windows\CurrentVersion\Installer\UserData\S-1-5-18\Components\543ACE3EC9120194D8BDD8A815650140</Key>
        <Key>HKEY_LOCAL_MACHINE\SOFTWARE\Microsoft\Windows\CurrentVersion\Installer\UserData\S-1-5-18\Components\66188BCDDF6C1CA4AB6C256C419D3B44</Key>
        <Key>HKEY_LOCAL_MACHINE\SOFTWARE\Microsoft\Windows\CurrentVersion\Installer\UserData\S-1-5-18\Components\7419FD20219589A4BBDEDEC8C5D5BB24</Key>
        <Key>HKEY_LOCAL_MACHINE\SOFTWARE\Microsoft\Windows\CurrentVersion\Installer\UserData\S-1-5-18\Components\86B631088CDFB6540A2237828C0452CD</Key>
        <Key>HKEY_LOCAL_MACHINE\SOFTWARE\Microsoft\Windows\CurrentVersion\Installer\UserData\S-1-5-18\Components\91F9D991D137DF6429DFF0AAB45F1047</Key>
        <Key>HKEY_LOCAL_MACHINE\SOFTWARE\Microsoft\Windows\CurrentVersion\Installer\UserData\S-1-5-18\Components\B1D9F5DB3C0ED7647AD06AA2C241BA90</Key>
        <Key>HKEY_LOCAL_MACHINE\SOFTWARE\Microsoft\Windows\CurrentVersion\Installer\UserData\S-1-5-18\Components\B21FBD5A5CFB5C24F826C50EC1B4A16A</Key>
        <Key>HKEY_LOCAL_MACHINE\SOFTWARE\Microsoft\Windows\CurrentVersion\Installer\UserData\S-1-5-18\Components\B8A3A17B1C475924DAF49A18D3D14E60</Key>
        <Key>HKEY_LOCAL_MACHINE\SOFTWARE\Microsoft\Windows\CurrentVersion\Installer\UserData\S-1-5-18\Components\D49F15C81D8A4B84CBE580BA412B59AC</Key>
        <Key>HKEY_LOCAL_MACHINE\SOFTWARE\Microsoft\Windows\CurrentVersion\Installer\UserData\S-1-5-18\Components\D6C8A1DB0DBBB564EA4860DE76963E9E</Key>
        <Key>HKEY_LOCAL_MACHINE\SOFTWARE\Microsoft\Windows\CurrentVersion\Installer\UserData\S-1-5-18\Components\F74776C57F63F16448F0709D23052D2F</Key>
        <Key>HKEY_LOCAL_MACHINE\SOFTWARE\Microsoft\Windows\CurrentVersion\Installer\UserData\S-1-5-18\Products\0E1CF3467D77BF241B6C6E838342C405</Key>
        <Key>HKEY_LOCAL_MACHINE\SOFTWARE\Microsoft\Windows\CurrentVersion\RunOnceEx</Key>
        <Key>HKEY_LOCAL_MACHINE\SOFTWARE\Microsoft\Windows\CurrentVersion\Uninstall\{643FC1E0-77D7-42FB-B1C6-E63838244C50}</Key>
        <Key>HKEY_LOCAL_MACHINE\SOFTWARE\RAPID</Key>
        <Key>HKEY_LOCAL_MACHINE\SOFTWARE\WOW6432Node\Microsoft\Windows\CurrentVersion\Uninstall\{29AE3F9F-7158-4ca7-B1ED-28A73ECDB215}_is1</Key>
        <Key>HKEY_LOCAL_MACHINE\SOFTWARE\WOW6432Node\Samsung Magician</Key>
        <Key>HKEY_LOCAL_MACHINE\SYSTEM\ControlSet001\Services\SamsungRapidFSFltr\Instances</Key>
        <Key>HKEY_USERS\.DEFAULT\Software\Classes\Local Settings\MuiCache\349</Key>
    </RegistryKeys>
    <RegistryValues>
        <Value Key="HKEY_CURRENT_USER\SOFTWARE\Microsoft\Internet Explorer\Suggested Sites">LogFileFolder</Value>
        <Value Key="HKEY_LOCAL_MACHINE\SOFTWARE\Classes\.URL\OpenWithProgIds">InternetShortcut</Value>
        <Value Key="HKEY_LOCAL_MACHINE\SOFTWARE\Classes\.mht\OpenWithProgIds">mhtmlfile</Value>
        <Value Key="HKEY_LOCAL_MACHINE\SOFTWARE\Classes\.mhtml\OpenWithProgIds">mhtmlfile</Value>
        <Value Key="HKEY_LOCAL_MACHINE\SOFTWARE\Classes\.partial\OpenWithProgIds">IE.AssocFile.PARTIAL</Value>
        <Value Key="HKEY_LOCAL_MACHINE\SOFTWARE\Classes\.svg\OpenWithProgIds">svgfile</Value>
        <Value Key="HKEY_LOCAL_MACHINE\SOFTWARE\Classes\.website\OpenWithProgIds">Microsoft.Website</Value>
        <Value Key="HKEY_LOCAL_MACHINE\SOFTWARE\Classes\.xht\OpenWithProgIds">xhtmlfile</Value>
        <Value Key="HKEY_LOCAL_MACHINE\SOFTWARE\Classes\.xhtml\OpenWithProgIds">xhtmlfile</Value>
        <Value Key="HKEY_LOCAL_MACHINE\SOFTWARE\Classes\ftp">URL Protocol</Value>
        <Value Key="HKEY_LOCAL_MACHINE\SOFTWARE\Classes\htmlfile\shell\open">CommandId</Value>
        <Value Key="HKEY_LOCAL_MACHINE\SOFTWARE\Classes\http">URL Protocol</Value>
        <Value Key="HKEY_LOCAL_MACHINE\SOFTWARE\Classes\http\shell\open">CommandId</Value>
        <Value Key="HKEY_LOCAL_MACHINE\SOFTWARE\Classes\https">URL Protocol</Value>
        <Value Key="HKEY_LOCAL_MACHINE\SOFTWARE\Classes\mhtmlfile\shell\opennew">CommandId</Value>
        <Value Key="HKEY_LOCAL_MACHINE\SOFTWARE\Classes\svgfile\shell\open">CommandId</Value>
        <Value Key="HKEY_LOCAL_MACHINE\SOFTWARE\Classes\svgfile\shell\opennew">CommandId</Value>
        <Value Key="HKEY_LOCAL_MACHINE\SOFTWARE\Classes\xhtmlfile\shell\open">CommandId</Value>
        <Value Key="HKEY_LOCAL_MACHINE\SOFTWARE\Classes\xhtmlfile\shell\opennew">CommandId</Value>
        <Value Key="HKEY_LOCAL_MACHINE\SOFTWARE\Microsoft\Windows\CurrentVersion\Installer\Folders">C:\Program Files (x86)\Samsung\RAPID\CacheFilter\</Value>
        <Value Key="HKEY_LOCAL_MACHINE\SOFTWARE\Microsoft\Windows\CurrentVersion\Installer\Folders">C:\Program Files (x86)\Samsung\RAPID\CacheFilter\amd64\</Value>
        <Value Key="HKEY_LOCAL_MACHINE\SOFTWARE\Microsoft\Windows\CurrentVersion\Installer\Folders">C:\Program Files (x86)\Samsung\RAPID\Tools\</Value>
        <Value Key="HKEY_LOCAL_MACHINE\SOFTWARE\Microsoft\Windows\CurrentVersion\Installer\Folders">C:\Program Files (x86)\Samsung\RAPID\Tools\RAPIDCollectLogs\</Value>
        <Value Key="HKEY_LOCAL_MACHINE\SOFTWARE\Microsoft\Windows\CurrentVersion\Installer\Folders">C:\Windows\Installer\{643FC1E0-77D7-42FB-B1C6-E63838244C50}\</Value>
        <Value Key="HKEY_LOCAL_MACHINE\SOFTWARE\Microsoft\Windows\CurrentVersion\Installer\Folders">C:\Windows\system32\RAPID\</Value>
        <Value Key="HKEY_LOCAL_MACHINE\SOFTWARE\Microsoft\Windows\CurrentVersion\Run">SamsungRapidApp</Value>
        <Value Key="HKEY_LOCAL_MACHINE\SYSTEM\ControlSet001\Services\SamsungRapidFSFltr">DebugFlags</Value>
        <Value Key="HKEY_LOCAL_MACHINE\SYSTEM\ControlSet001\Services\SamsungRapidFSFltr">EnableFA</Value>
        <Value Key="HKEY_LOCAL_MACHINE\SYSTEM\ControlSet001\Services\SamsungRapidFSFltr">SupportedFeatures</Value>
    </RegistryValues>
</ProgramTraces>
