<?xml version="1.0" encoding="UTF-8" ?>
<ProgramTraces version="1">
    <Folders>
        <Folder>C:\Program Files\AirLiveDrive</Folder>
        <Folder>C:\Users\71288\AppData\Roaming\AirLiveDrive</Folder>
        <Folder>C:\Users\71288\AppData\Roaming\Microsoft\Windows\Start Menu\Programs\Air Live Drive</Folder>
        <Folder>D:\sys\tmp\UninstallToolPortableTemp\AirLiveDrive</Folder>
    </Folders>
    <Files>
        <File>C:\Program Files\Double Commander\doublecmd.xml</File>
        <File>C:\Program Files\Double Commander\history.xml</File>
        <File>C:\Users\71288\Desktop\Air Live Drive.lnk</File>
        <File>D:\sys\tmp\UninstallToolPortableTemp\Dokan_Library_1.4.1.1000_Bundle_20210626233857.log</File>
        <File>D:\sys\tmp\UninstallToolPortableTemp\Dokan_Library_1.4.1.1000_Bundle_20210626233857_000_Dokan_x64.msi.log</File>
        <File>D:\sys\tmp\UninstallToolPortableTemp\MSI24ee8.LOG</File>
    </Files>
    <RegistryKeys>
        <Key>HKEY_CURRENT_USER\SOFTWARE\Policies\Microsoft\SystemCertificates\TrustedPublisher</Key>
        <Key>HKEY_CURRENT_USER\Software\Classes\Local Settings\Software\Microsoft\Windows\Shell\BagMRU\0\23\5</Key>
        <Key>HKEY_CURRENT_USER\Software\Classes\Local Settings\Software\Microsoft\Windows\Shell\BagMRU\0\23\6</Key>
        <Key>HKEY_CURRENT_USER\Software\Classes\Local Settings\Software\Microsoft\Windows\Shell\BagMRU\0\23\7</Key>
        <Key>HKEY_CURRENT_USER\Software\Classes\Local Settings\Software\Microsoft\Windows\Shell\BagMRU\0\23\8</Key>
        <Key>HKEY_CURRENT_USER\Software\Classes\Local Settings\Software\Microsoft\Windows\Shell\BagMRU\0\23\9</Key>
        <Key>HKEY_CURRENT_USER\Software\Classes\Local Settings\Software\Microsoft\Windows\Shell\Bags\2090</Key>
        <Key>HKEY_CURRENT_USER\Software\Classes\Local Settings\Software\Microsoft\Windows\Shell\Bags\2091</Key>
        <Key>HKEY_CURRENT_USER\Software\Classes\Local Settings\Software\Microsoft\Windows\Shell\Bags\2092</Key>
        <Key>HKEY_CURRENT_USER\Software\Classes\Local Settings\Software\Microsoft\Windows\Shell\Bags\2093</Key>
        <Key>HKEY_CURRENT_USER\Software\Classes\Local Settings\Software\Microsoft\Windows\Shell\Bags\2094</Key>
        <Key>HKEY_LOCAL_MACHINE\SOFTWARE\Microsoft\Windows\CurrentVersion\App Paths\AirLiveDrive.exe</Key>
        <Key>HKEY_LOCAL_MACHINE\SOFTWARE\WOW6432Node\Microsoft\Windows\CurrentVersion\Uninstall\Air Live Drive</Key>
    </RegistryKeys>
    <RegistryValues>
        <Value Key="HKEY_CURRENT_USER\SOFTWARE\Microsoft\Internet Explorer\Main\FeatureControl\FEATURE_BROWSER_EMULATION">AirLiveDrive.exe</Value>
        <Value Key="HKEY_CURRENT_USER\Software\Classes\Local Settings\Software\Microsoft\Windows\Shell\BagMRU\0\23">5</Value>
        <Value Key="HKEY_CURRENT_USER\Software\Classes\Local Settings\Software\Microsoft\Windows\Shell\BagMRU\0\23">6</Value>
        <Value Key="HKEY_CURRENT_USER\Software\Classes\Local Settings\Software\Microsoft\Windows\Shell\BagMRU\0\23">7</Value>
        <Value Key="HKEY_CURRENT_USER\Software\Classes\Local Settings\Software\Microsoft\Windows\Shell\BagMRU\0\23">8</Value>
        <Value Key="HKEY_CURRENT_USER\Software\Classes\Local Settings\Software\Microsoft\Windows\Shell\BagMRU\0\23">9</Value>
    </RegistryValues>
</ProgramTraces>
