<?xml version="1.0" encoding="UTF-8" ?>
<ProgramTraces version="1">
    <Folders>
        <Folder>C:\Program Files (x86)\Movavi Video Converter 3D 2</Folder>
        <Folder>C:\ProgramData\Microsoft\Windows\Start Menu\Programs\Movavi Video Converter 3D 2</Folder>
    </Folders>
    <Files>
        <File>C:\Program Files\Double Commander\doublecmd.xml</File>
        <File>C:\Program Files\Double Commander\history.xml</File>
        <File>C:\Users\71288\AppData\Local\Microsoft\Windows\INetCache\IE\SRDRCXTI\get_nag[2].htm</File>
        <File>C:\Users\Public\Desktop\Movavi Video Converter 3D 2.lnk</File>
        <File>D:\sys\tmp\UninstallToolPortableTemp\TFX00934.tmp</File>
        <File>D:\sys\tmp\UninstallToolPortableTemp\~2184822458.tmp</File>
    </Files>
    <RegistryKeys>
        <Key>HKEY_LOCAL_MACHINE\SOFTWARE\WOW6432Node\Microsoft\Windows\CurrentVersion\Uninstall\Movavi Video Converter 3D 2</Key>
    </RegistryKeys>
</ProgramTraces>
