<?xml version="1.0" encoding="UTF-8" ?>
<ProgramTraces version="1">
    <Folders>
        <Folder>C:\Program Files\TeamViewer</Folder>
        <Folder>D:\sys\tmp\UninstallToolPortableTemp\TeamViewer</Folder>
    </Folders>
    <Files>
        <File>C:\ProgramData\Microsoft\Windows\Start Menu\Programs\TeamViewer.lnk</File>
        <File>C:\Users\71288\AppData\Roaming\Microsoft\Windows\SendTo\TeamViewer.lnk</File>
        <File>C:\Users\71288\AppData\Roaming\doublecmd\doublecmd.xml</File>
        <File>C:\Users\71288\AppData\Roaming\doublecmd\history.xml</File>
        <File>C:\Users\Default\AppData\Roaming\Microsoft\Windows\SendTo\TeamViewer.lnk</File>
        <File>C:\Users\Public\Desktop\TeamViewer.lnk</File>
        <File>C:\Windows\Fonts\teamviewer15.otf</File>
    </Files>
    <RegistryKeys>
        <Key>HKEY_LOCAL_MACHINE\SOFTWARE\Classes\.tpsr</Key>
        <Key>HKEY_LOCAL_MACHINE\SOFTWARE\Classes\.tvc</Key>
        <Key>HKEY_LOCAL_MACHINE\SOFTWARE\Classes\.tvlink</Key>
        <Key>HKEY_LOCAL_MACHINE\SOFTWARE\Classes\.tvs</Key>
        <Key>HKEY_LOCAL_MACHINE\SOFTWARE\Classes\TeamViewerConfiguration</Key>
        <Key>HKEY_LOCAL_MACHINE\SOFTWARE\Classes\TeamViewerPilotSessionReporting</Key>
        <Key>HKEY_LOCAL_MACHINE\SOFTWARE\Classes\TeamViewerSession</Key>
        <Key>HKEY_LOCAL_MACHINE\SOFTWARE\Classes\blizzv1</Key>
        <Key>HKEY_LOCAL_MACHINE\SOFTWARE\Classes\teamviewer10</Key>
        <Key>HKEY_LOCAL_MACHINE\SOFTWARE\Classes\teamviewer8</Key>
        <Key>HKEY_LOCAL_MACHINE\SOFTWARE\Classes\teamviewerapi</Key>
        <Key>HKEY_LOCAL_MACHINE\SOFTWARE\Classes\tvchat1</Key>
        <Key>HKEY_LOCAL_MACHINE\SOFTWARE\Classes\tvcontrol1</Key>
        <Key>HKEY_LOCAL_MACHINE\SOFTWARE\Classes\tvfiletransfer1</Key>
        <Key>HKEY_LOCAL_MACHINE\SOFTWARE\Classes\tvjoinv8</Key>
        <Key>HKEY_LOCAL_MACHINE\SOFTWARE\Classes\tvpresent1</Key>
        <Key>HKEY_LOCAL_MACHINE\SOFTWARE\Classes\tvsendfile1</Key>
        <Key>HKEY_LOCAL_MACHINE\SOFTWARE\Classes\tvsqcustomer1</Key>
        <Key>HKEY_LOCAL_MACHINE\SOFTWARE\Classes\tvsqsupport1</Key>
        <Key>HKEY_LOCAL_MACHINE\SOFTWARE\Classes\tvvideocall1</Key>
        <Key>HKEY_LOCAL_MACHINE\SOFTWARE\Classes\tvvpn1</Key>
        <Key>HKEY_LOCAL_MACHINE\SOFTWARE\Microsoft\Windows\CurrentVersion\Uninstall\TeamViewer</Key>
        <Key>HKEY_LOCAL_MACHINE\SOFTWARE\TeamViewer</Key>
        <Key>HKEY_LOCAL_MACHINE\SOFTWARE\WOW6432Node\TVInstallTemp</Key>
    </RegistryKeys>
    <RegistryValues>
        <Value Key="HKEY_LOCAL_MACHINE\SOFTWARE\Microsoft\Windows NT\CurrentVersion\Fonts">TeamViewer15 (TrueType)</Value>
    </RegistryValues>
</ProgramTraces>
