<?xml version="1.0" encoding="UTF-8" ?>
<ProgramTraces version="1">
    <Folders>
        <Folder>C:\Program Files\bitbeans</Folder>
        <Folder>C:\ProgramData\Microsoft\Windows\Start Menu\Programs\Simple DNSCrypt x64</Folder>
        <Folder>C:\Users\71288\AppData\Local\SimpleDnsCrypt</Folder>
        <Folder>C:\Windows\Installer\{F21D078F-4055-462F-A9E9-468A4DE37F06}</Folder>
    </Folders>
    <Files>
        <File>C:\ProgramData\Microsoft\NetFramework\BreadcrumbStore\System.Net.Http, Culture=neutral, PublicKeyToken=b03f5f7f11d50a3a</File>
        <File>C:\ProgramData\Microsoft\NetFramework\BreadcrumbStore\System.Net.Http, Version=4.2.0.0, Culture=neutral, PublicKeyToken=b03f5f7f11d50a3a</File>
        <File>C:\ProgramData\Microsoft\NetFramework\BreadcrumbStore\System.Runtime.Serialization.Primitives, Culture=neutral, PublicKeyToken=b03f5f7f11d50a3a</File>
        <File>C:\ProgramData\Microsoft\NetFramework\BreadcrumbStore\System.Runtime.Serialization.Primitives, Version=4.2.0.0, Culture=neutral, PublicKeyToken=b03f5f7f11d50a3a</File>
        <File>C:\Users\71288\AppData\Local\Microsoft\CLR_v4.0\UsageLogs\SimpleDnsCrypt.exe.log</File>
        <File>C:\Windows\Installer\1cc4e24.msi</File>
        <File>C:\Windows\Installer\SourceHash{F21D078F-4055-462F-A9E9-468A4DE37F06}</File>
        <File>D:\sys\tmp\AIBB_{F21D078F-4055-462F-A9E9-468A4DE37F06}_5460.tmp</File>
    </Files>
    <RegistryKeys>
        <Key>HKEY_LOCAL_MACHINE\SOFTWARE\Classes\Installer\Features\F870D12F5504F2649A9E64A8D43EF760</Key>
        <Key>HKEY_LOCAL_MACHINE\SOFTWARE\Classes\Installer\Products\F870D12F5504F2649A9E64A8D43EF760</Key>
        <Key>HKEY_LOCAL_MACHINE\SOFTWARE\Classes\Installer\UpgradeCodes\DCC5778C4AEEAF244878C171B01421F8</Key>
        <Key>HKEY_LOCAL_MACHINE\SOFTWARE\Microsoft\Tracing\MPRAPI</Key>
        <Key>HKEY_LOCAL_MACHINE\SOFTWARE\Microsoft\Tracing\SimpleDnsCrypt_RASAPI32</Key>
        <Key>HKEY_LOCAL_MACHINE\SOFTWARE\Microsoft\Tracing\SimpleDnsCrypt_RASMANCS</Key>
        <Key>HKEY_LOCAL_MACHINE\SOFTWARE\Microsoft\Windows\CurrentVersion\Installer\UpgradeCodes\DCC5778C4AEEAF244878C171B01421F8</Key>
        <Key>HKEY_LOCAL_MACHINE\SOFTWARE\Microsoft\Windows\CurrentVersion\Installer\UserData\S-1-5-18\Components\05271F4E54309AC4D95F9977E729AE5A</Key>
        <Key>HKEY_LOCAL_MACHINE\SOFTWARE\Microsoft\Windows\CurrentVersion\Installer\UserData\S-1-5-18\Components\0CC2FB20DE7C79646A73CF5E4E3B6011</Key>
        <Key>HKEY_LOCAL_MACHINE\SOFTWARE\Microsoft\Windows\CurrentVersion\Installer\UserData\S-1-5-18\Components\0CCC091CC1AB097439189352E60220F8</Key>
        <Key>HKEY_LOCAL_MACHINE\SOFTWARE\Microsoft\Windows\CurrentVersion\Installer\UserData\S-1-5-18\Components\0FA22C8A67DA2FE49ACAE91C4F5B25F7</Key>
        <Key>HKEY_LOCAL_MACHINE\SOFTWARE\Microsoft\Windows\CurrentVersion\Installer\UserData\S-1-5-18\Components\165FEBB9340234C42BE9FEF2DCDE29DB</Key>
        <Key>HKEY_LOCAL_MACHINE\SOFTWARE\Microsoft\Windows\CurrentVersion\Installer\UserData\S-1-5-18\Components\1CA54EA312FA9174B8A891110F349E72</Key>
        <Key>HKEY_LOCAL_MACHINE\SOFTWARE\Microsoft\Windows\CurrentVersion\Installer\UserData\S-1-5-18\Components\1DD1325D12838CF49BE5A30CDE994A3C</Key>
        <Key>HKEY_LOCAL_MACHINE\SOFTWARE\Microsoft\Windows\CurrentVersion\Installer\UserData\S-1-5-18\Components\21A4C59B8DEE96447938AB3EBFDD6B96</Key>
        <Key>HKEY_LOCAL_MACHINE\SOFTWARE\Microsoft\Windows\CurrentVersion\Installer\UserData\S-1-5-18\Components\22977CFDCA5E4EA40830DA194A83D046</Key>
        <Key>HKEY_LOCAL_MACHINE\SOFTWARE\Microsoft\Windows\CurrentVersion\Installer\UserData\S-1-5-18\Components\270BBED93554BD4428CF49DDE3B44354</Key>
        <Key>HKEY_LOCAL_MACHINE\SOFTWARE\Microsoft\Windows\CurrentVersion\Installer\UserData\S-1-5-18\Components\34B1840197A88E44EA2FCDF31F623F79</Key>
        <Key>HKEY_LOCAL_MACHINE\SOFTWARE\Microsoft\Windows\CurrentVersion\Installer\UserData\S-1-5-18\Components\3A3325DA830DB6C458FE66FF8415E858</Key>
        <Key>HKEY_LOCAL_MACHINE\SOFTWARE\Microsoft\Windows\CurrentVersion\Installer\UserData\S-1-5-18\Components\3E185B8AF245F1942A2169D6AB2459A3</Key>
        <Key>HKEY_LOCAL_MACHINE\SOFTWARE\Microsoft\Windows\CurrentVersion\Installer\UserData\S-1-5-18\Components\53C5BEF7BAF00BD458D8831E582F389C</Key>
        <Key>HKEY_LOCAL_MACHINE\SOFTWARE\Microsoft\Windows\CurrentVersion\Installer\UserData\S-1-5-18\Components\570C156848F4A294DBAFEFA7E0FA5524</Key>
        <Key>HKEY_LOCAL_MACHINE\SOFTWARE\Microsoft\Windows\CurrentVersion\Installer\UserData\S-1-5-18\Components\58063A0B2FC28584EBE1EC980A966C07</Key>
        <Key>HKEY_LOCAL_MACHINE\SOFTWARE\Microsoft\Windows\CurrentVersion\Installer\UserData\S-1-5-18\Components\5D7E7487D50251947A5CAEA15582D75A</Key>
        <Key>HKEY_LOCAL_MACHINE\SOFTWARE\Microsoft\Windows\CurrentVersion\Installer\UserData\S-1-5-18\Components\6231A749FF76B544587B42734B428E30</Key>
        <Key>HKEY_LOCAL_MACHINE\SOFTWARE\Microsoft\Windows\CurrentVersion\Installer\UserData\S-1-5-18\Components\72CE8DBA3533B3C428525B4C9351ED9A</Key>
        <Key>HKEY_LOCAL_MACHINE\SOFTWARE\Microsoft\Windows\CurrentVersion\Installer\UserData\S-1-5-18\Components\783E2CF57FB38234CAA00229C606EF43</Key>
        <Key>HKEY_LOCAL_MACHINE\SOFTWARE\Microsoft\Windows\CurrentVersion\Installer\UserData\S-1-5-18\Components\79353C0E478C0434DBFEBE9339FBFE2E</Key>
        <Key>HKEY_LOCAL_MACHINE\SOFTWARE\Microsoft\Windows\CurrentVersion\Installer\UserData\S-1-5-18\Components\7FB0357393A19BC4ABD8504A572913E1</Key>
        <Key>HKEY_LOCAL_MACHINE\SOFTWARE\Microsoft\Windows\CurrentVersion\Installer\UserData\S-1-5-18\Components\8487327846EDE97479F4A7897F29EEDF</Key>
        <Key>HKEY_LOCAL_MACHINE\SOFTWARE\Microsoft\Windows\CurrentVersion\Installer\UserData\S-1-5-18\Components\86336BE6169261141A8EEBD73BD35D7A</Key>
        <Key>HKEY_LOCAL_MACHINE\SOFTWARE\Microsoft\Windows\CurrentVersion\Installer\UserData\S-1-5-18\Components\86ACD658B5513C5428C9F308E7850014</Key>
        <Key>HKEY_LOCAL_MACHINE\SOFTWARE\Microsoft\Windows\CurrentVersion\Installer\UserData\S-1-5-18\Components\96F3B9783BED98C4CAA20CDCFB5CB749</Key>
        <Key>HKEY_LOCAL_MACHINE\SOFTWARE\Microsoft\Windows\CurrentVersion\Installer\UserData\S-1-5-18\Components\99FCCBC4D2691EA40B66B2C279913C89</Key>
        <Key>HKEY_LOCAL_MACHINE\SOFTWARE\Microsoft\Windows\CurrentVersion\Installer\UserData\S-1-5-18\Components\9A3E8BE80066D1F42AAD0B5FB6576101</Key>
        <Key>HKEY_LOCAL_MACHINE\SOFTWARE\Microsoft\Windows\CurrentVersion\Installer\UserData\S-1-5-18\Components\ABC2EA96FC08C144A8F0DC39CF22F7BD</Key>
        <Key>HKEY_LOCAL_MACHINE\SOFTWARE\Microsoft\Windows\CurrentVersion\Installer\UserData\S-1-5-18\Components\AE469A03A3D73C7488F47E3A80C34FEB</Key>
        <Key>HKEY_LOCAL_MACHINE\SOFTWARE\Microsoft\Windows\CurrentVersion\Installer\UserData\S-1-5-18\Components\B0038786171EEF742AE9BC209CBE433B</Key>
        <Key>HKEY_LOCAL_MACHINE\SOFTWARE\Microsoft\Windows\CurrentVersion\Installer\UserData\S-1-5-18\Components\B8D846A3A8702A446B6018CFCE840D92</Key>
        <Key>HKEY_LOCAL_MACHINE\SOFTWARE\Microsoft\Windows\CurrentVersion\Installer\UserData\S-1-5-18\Components\BD6E5ED9CE591A8449E93E875384C565</Key>
        <Key>HKEY_LOCAL_MACHINE\SOFTWARE\Microsoft\Windows\CurrentVersion\Installer\UserData\S-1-5-18\Components\C6B06D08934854A478F307D2165DD082</Key>
        <Key>HKEY_LOCAL_MACHINE\SOFTWARE\Microsoft\Windows\CurrentVersion\Installer\UserData\S-1-5-18\Components\C716C12C5A891BC48BC0B4E6BB1217D2</Key>
        <Key>HKEY_LOCAL_MACHINE\SOFTWARE\Microsoft\Windows\CurrentVersion\Installer\UserData\S-1-5-18\Components\CC0360652720C11449206C219928FFBE</Key>
        <Key>HKEY_LOCAL_MACHINE\SOFTWARE\Microsoft\Windows\CurrentVersion\Installer\UserData\S-1-5-18\Components\CCD152DE5A81787408A4BB56C729CE65</Key>
        <Key>HKEY_LOCAL_MACHINE\SOFTWARE\Microsoft\Windows\CurrentVersion\Installer\UserData\S-1-5-18\Components\D576AFC430557CB46BFBE6E34C2711BC</Key>
        <Key>HKEY_LOCAL_MACHINE\SOFTWARE\Microsoft\Windows\CurrentVersion\Installer\UserData\S-1-5-18\Components\D873C1D208F239F409AAB48E434BEAB1</Key>
        <Key>HKEY_LOCAL_MACHINE\SOFTWARE\Microsoft\Windows\CurrentVersion\Installer\UserData\S-1-5-18\Components\DE28557104759424C852A03EAC8272BD</Key>
        <Key>HKEY_LOCAL_MACHINE\SOFTWARE\Microsoft\Windows\CurrentVersion\Installer\UserData\S-1-5-18\Components\DE3E442CE3668D9469393659A0322B3D</Key>
        <Key>HKEY_LOCAL_MACHINE\SOFTWARE\Microsoft\Windows\CurrentVersion\Installer\UserData\S-1-5-18\Components\EC93378AE50BE9B4E99587CC45540B66</Key>
        <Key>HKEY_LOCAL_MACHINE\SOFTWARE\Microsoft\Windows\CurrentVersion\Installer\UserData\S-1-5-18\Components\F89847280F5E00946ACF1F4CC4681916</Key>
        <Key>HKEY_LOCAL_MACHINE\SOFTWARE\Microsoft\Windows\CurrentVersion\Installer\UserData\S-1-5-18\Components\FAA23FF812BAE9645BEC9B5B56DBB8B4</Key>
        <Key>HKEY_LOCAL_MACHINE\SOFTWARE\Microsoft\Windows\CurrentVersion\Installer\UserData\S-1-5-18\Products\F870D12F5504F2649A9E64A8D43EF760</Key>
        <Key>HKEY_LOCAL_MACHINE\SOFTWARE\Microsoft\Windows\CurrentVersion\Uninstall\{F21D078F-4055-462F-A9E9-468A4DE37F06}</Key>
        <Key>HKEY_LOCAL_MACHINE\SOFTWARE\WOW6432Node\Caphyon</Key>
        <Key>HKEY_LOCAL_MACHINE\SOFTWARE\WOW6432Node\bitbeans</Key>
        <Key>HKEY_LOCAL_MACHINE\SYSTEM\ControlSet001\Services\EventLog\Application\dnscrypt-proxy</Key>
        <Key>HKEY_USERS\.DEFAULT\Software\Classes\Local Settings\MuiCache\75</Key>
    </RegistryKeys>
    <RegistryValues>
        <Value Key="HKEY_CURRENT_USER\Software\Classes\Local Settings\MuiCache\75\B1A07F78">@%SystemRoot%\System32\ci.dll,-100</Value>
        <Value Key="HKEY_CURRENT_USER\Software\Classes\Local Settings\MuiCache\75\B1A07F78">@%SystemRoot%\System32\ci.dll,-101</Value>
        <Value Key="HKEY_CURRENT_USER\Software\Classes\Local Settings\MuiCache\75\B1A07F78">@%SystemRoot%\System32\fveui.dll,-843</Value>
        <Value Key="HKEY_CURRENT_USER\Software\Classes\Local Settings\MuiCache\75\B1A07F78">@%SystemRoot%\System32\fveui.dll,-844</Value>
        <Value Key="HKEY_CURRENT_USER\Software\Classes\Local Settings\MuiCache\75\B1A07F78">@%SystemRoot%\System32\wuaueng.dll,-400</Value>
        <Value Key="HKEY_CURRENT_USER\Software\Classes\Local Settings\MuiCache\75\B1A07F78">@%SystemRoot%\system32\NgcRecovery.dll,-100</Value>
        <Value Key="HKEY_CURRENT_USER\Software\Classes\Local Settings\MuiCache\75\B1A07F78">@%SystemRoot%\system32\WindowsPowerShell\v1.0\powershell.exe,-124</Value>
        <Value Key="HKEY_CURRENT_USER\Software\Classes\Local Settings\MuiCache\75\B1A07F78">@%SystemRoot%\system32\dnsapi.dll,-103</Value>
        <Value Key="HKEY_CURRENT_USER\Software\Classes\Local Settings\MuiCache\75\B1A07F78">C:\Windows\system32\,@tzres.dll,-1021</Value>
        <Value Key="HKEY_CURRENT_USER\Software\Classes\Local Settings\MuiCache\75\B1A07F78">C:\Windows\system32\,@tzres.dll,-1022</Value>
        <Value Key="HKEY_CURRENT_USER\Software\Classes\Local Settings\MuiCache\75\B1A07F78">C:\Windows\system32\,@tzres.dll,-104</Value>
        <Value Key="HKEY_CURRENT_USER\Software\Classes\Local Settings\MuiCache\75\B1A07F78">C:\Windows\system32\,@tzres.dll,-105</Value>
        <Value Key="HKEY_CURRENT_USER\Software\Classes\Local Settings\MuiCache\75\B1A07F78">C:\Windows\system32\,@tzres.dll,-11</Value>
        <Value Key="HKEY_CURRENT_USER\Software\Classes\Local Settings\MuiCache\75\B1A07F78">C:\Windows\system32\,@tzres.dll,-111</Value>
        <Value Key="HKEY_CURRENT_USER\Software\Classes\Local Settings\MuiCache\75\B1A07F78">C:\Windows\system32\,@tzres.dll,-112</Value>
        <Value Key="HKEY_CURRENT_USER\Software\Classes\Local Settings\MuiCache\75\B1A07F78">C:\Windows\system32\,@tzres.dll,-12</Value>
        <Value Key="HKEY_CURRENT_USER\Software\Classes\Local Settings\MuiCache\75\B1A07F78">C:\Windows\system32\,@tzres.dll,-141</Value>
        <Value Key="HKEY_CURRENT_USER\Software\Classes\Local Settings\MuiCache\75\B1A07F78">C:\Windows\system32\,@tzres.dll,-142</Value>
        <Value Key="HKEY_CURRENT_USER\Software\Classes\Local Settings\MuiCache\75\B1A07F78">C:\Windows\system32\,@tzres.dll,-1471</Value>
        <Value Key="HKEY_CURRENT_USER\Software\Classes\Local Settings\MuiCache\75\B1A07F78">C:\Windows\system32\,@tzres.dll,-1472</Value>
        <Value Key="HKEY_CURRENT_USER\Software\Classes\Local Settings\MuiCache\75\B1A07F78">C:\Windows\system32\,@tzres.dll,-151</Value>
        <Value Key="HKEY_CURRENT_USER\Software\Classes\Local Settings\MuiCache\75\B1A07F78">C:\Windows\system32\,@tzres.dll,-152</Value>
        <Value Key="HKEY_CURRENT_USER\Software\Classes\Local Settings\MuiCache\75\B1A07F78">C:\Windows\system32\,@tzres.dll,-161</Value>
        <Value Key="HKEY_CURRENT_USER\Software\Classes\Local Settings\MuiCache\75\B1A07F78">C:\Windows\system32\,@tzres.dll,-162</Value>
        <Value Key="HKEY_CURRENT_USER\Software\Classes\Local Settings\MuiCache\75\B1A07F78">C:\Windows\system32\,@tzres.dll,-1661</Value>
        <Value Key="HKEY_CURRENT_USER\Software\Classes\Local Settings\MuiCache\75\B1A07F78">C:\Windows\system32\,@tzres.dll,-1662</Value>
        <Value Key="HKEY_CURRENT_USER\Software\Classes\Local Settings\MuiCache\75\B1A07F78">C:\Windows\system32\,@tzres.dll,-171</Value>
        <Value Key="HKEY_CURRENT_USER\Software\Classes\Local Settings\MuiCache\75\B1A07F78">C:\Windows\system32\,@tzres.dll,-172</Value>
        <Value Key="HKEY_CURRENT_USER\Software\Classes\Local Settings\MuiCache\75\B1A07F78">C:\Windows\system32\,@tzres.dll,-1721</Value>
        <Value Key="HKEY_CURRENT_USER\Software\Classes\Local Settings\MuiCache\75\B1A07F78">C:\Windows\system32\,@tzres.dll,-1722</Value>
        <Value Key="HKEY_CURRENT_USER\Software\Classes\Local Settings\MuiCache\75\B1A07F78">C:\Windows\system32\,@tzres.dll,-1801</Value>
        <Value Key="HKEY_CURRENT_USER\Software\Classes\Local Settings\MuiCache\75\B1A07F78">C:\Windows\system32\,@tzres.dll,-1802</Value>
        <Value Key="HKEY_CURRENT_USER\Software\Classes\Local Settings\MuiCache\75\B1A07F78">C:\Windows\system32\,@tzres.dll,-181</Value>
        <Value Key="HKEY_CURRENT_USER\Software\Classes\Local Settings\MuiCache\75\B1A07F78">C:\Windows\system32\,@tzres.dll,-182</Value>
        <Value Key="HKEY_CURRENT_USER\Software\Classes\Local Settings\MuiCache\75\B1A07F78">C:\Windows\system32\,@tzres.dll,-1821</Value>
        <Value Key="HKEY_CURRENT_USER\Software\Classes\Local Settings\MuiCache\75\B1A07F78">C:\Windows\system32\,@tzres.dll,-1822</Value>
        <Value Key="HKEY_CURRENT_USER\Software\Classes\Local Settings\MuiCache\75\B1A07F78">C:\Windows\system32\,@tzres.dll,-1841</Value>
        <Value Key="HKEY_CURRENT_USER\Software\Classes\Local Settings\MuiCache\75\B1A07F78">C:\Windows\system32\,@tzres.dll,-1842</Value>
        <Value Key="HKEY_CURRENT_USER\Software\Classes\Local Settings\MuiCache\75\B1A07F78">C:\Windows\system32\,@tzres.dll,-1861</Value>
        <Value Key="HKEY_CURRENT_USER\Software\Classes\Local Settings\MuiCache\75\B1A07F78">C:\Windows\system32\,@tzres.dll,-1862</Value>
        <Value Key="HKEY_CURRENT_USER\Software\Classes\Local Settings\MuiCache\75\B1A07F78">C:\Windows\system32\,@tzres.dll,-1871</Value>
        <Value Key="HKEY_CURRENT_USER\Software\Classes\Local Settings\MuiCache\75\B1A07F78">C:\Windows\system32\,@tzres.dll,-1872</Value>
        <Value Key="HKEY_CURRENT_USER\Software\Classes\Local Settings\MuiCache\75\B1A07F78">C:\Windows\system32\,@tzres.dll,-191</Value>
        <Value Key="HKEY_CURRENT_USER\Software\Classes\Local Settings\MuiCache\75\B1A07F78">C:\Windows\system32\,@tzres.dll,-192</Value>
        <Value Key="HKEY_CURRENT_USER\Software\Classes\Local Settings\MuiCache\75\B1A07F78">C:\Windows\system32\,@tzres.dll,-1971</Value>
        <Value Key="HKEY_CURRENT_USER\Software\Classes\Local Settings\MuiCache\75\B1A07F78">C:\Windows\system32\,@tzres.dll,-1972</Value>
        <Value Key="HKEY_CURRENT_USER\Software\Classes\Local Settings\MuiCache\75\B1A07F78">C:\Windows\system32\,@tzres.dll,-2001</Value>
        <Value Key="HKEY_CURRENT_USER\Software\Classes\Local Settings\MuiCache\75\B1A07F78">C:\Windows\system32\,@tzres.dll,-2002</Value>
        <Value Key="HKEY_CURRENT_USER\Software\Classes\Local Settings\MuiCache\75\B1A07F78">C:\Windows\system32\,@tzres.dll,-2041</Value>
        <Value Key="HKEY_CURRENT_USER\Software\Classes\Local Settings\MuiCache\75\B1A07F78">C:\Windows\system32\,@tzres.dll,-2042</Value>
        <Value Key="HKEY_CURRENT_USER\Software\Classes\Local Settings\MuiCache\75\B1A07F78">C:\Windows\system32\,@tzres.dll,-2061</Value>
        <Value Key="HKEY_CURRENT_USER\Software\Classes\Local Settings\MuiCache\75\B1A07F78">C:\Windows\system32\,@tzres.dll,-2062</Value>
        <Value Key="HKEY_CURRENT_USER\Software\Classes\Local Settings\MuiCache\75\B1A07F78">C:\Windows\system32\,@tzres.dll,-211</Value>
        <Value Key="HKEY_CURRENT_USER\Software\Classes\Local Settings\MuiCache\75\B1A07F78">C:\Windows\system32\,@tzres.dll,-212</Value>
        <Value Key="HKEY_CURRENT_USER\Software\Classes\Local Settings\MuiCache\75\B1A07F78">C:\Windows\system32\,@tzres.dll,-2161</Value>
        <Value Key="HKEY_CURRENT_USER\Software\Classes\Local Settings\MuiCache\75\B1A07F78">C:\Windows\system32\,@tzres.dll,-2162</Value>
        <Value Key="HKEY_CURRENT_USER\Software\Classes\Local Settings\MuiCache\75\B1A07F78">C:\Windows\system32\,@tzres.dll,-2181</Value>
        <Value Key="HKEY_CURRENT_USER\Software\Classes\Local Settings\MuiCache\75\B1A07F78">C:\Windows\system32\,@tzres.dll,-2182</Value>
        <Value Key="HKEY_CURRENT_USER\Software\Classes\Local Settings\MuiCache\75\B1A07F78">C:\Windows\system32\,@tzres.dll,-221</Value>
        <Value Key="HKEY_CURRENT_USER\Software\Classes\Local Settings\MuiCache\75\B1A07F78">C:\Windows\system32\,@tzres.dll,-222</Value>
        <Value Key="HKEY_CURRENT_USER\Software\Classes\Local Settings\MuiCache\75\B1A07F78">C:\Windows\system32\,@tzres.dll,-231</Value>
        <Value Key="HKEY_CURRENT_USER\Software\Classes\Local Settings\MuiCache\75\B1A07F78">C:\Windows\system32\,@tzres.dll,-232</Value>
        <Value Key="HKEY_CURRENT_USER\Software\Classes\Local Settings\MuiCache\75\B1A07F78">C:\Windows\system32\,@tzres.dll,-2341</Value>
        <Value Key="HKEY_CURRENT_USER\Software\Classes\Local Settings\MuiCache\75\B1A07F78">C:\Windows\system32\,@tzres.dll,-2342</Value>
        <Value Key="HKEY_CURRENT_USER\Software\Classes\Local Settings\MuiCache\75\B1A07F78">C:\Windows\system32\,@tzres.dll,-2371</Value>
        <Value Key="HKEY_CURRENT_USER\Software\Classes\Local Settings\MuiCache\75\B1A07F78">C:\Windows\system32\,@tzres.dll,-2372</Value>
        <Value Key="HKEY_CURRENT_USER\Software\Classes\Local Settings\MuiCache\75\B1A07F78">C:\Windows\system32\,@tzres.dll,-2391</Value>
        <Value Key="HKEY_CURRENT_USER\Software\Classes\Local Settings\MuiCache\75\B1A07F78">C:\Windows\system32\,@tzres.dll,-2392</Value>
        <Value Key="HKEY_CURRENT_USER\Software\Classes\Local Settings\MuiCache\75\B1A07F78">C:\Windows\system32\,@tzres.dll,-2411</Value>
        <Value Key="HKEY_CURRENT_USER\Software\Classes\Local Settings\MuiCache\75\B1A07F78">C:\Windows\system32\,@tzres.dll,-2412</Value>
        <Value Key="HKEY_CURRENT_USER\Software\Classes\Local Settings\MuiCache\75\B1A07F78">C:\Windows\system32\,@tzres.dll,-2431</Value>
        <Value Key="HKEY_CURRENT_USER\Software\Classes\Local Settings\MuiCache\75\B1A07F78">C:\Windows\system32\,@tzres.dll,-2432</Value>
        <Value Key="HKEY_CURRENT_USER\Software\Classes\Local Settings\MuiCache\75\B1A07F78">C:\Windows\system32\,@tzres.dll,-2491</Value>
        <Value Key="HKEY_CURRENT_USER\Software\Classes\Local Settings\MuiCache\75\B1A07F78">C:\Windows\system32\,@tzres.dll,-2492</Value>
        <Value Key="HKEY_CURRENT_USER\Software\Classes\Local Settings\MuiCache\75\B1A07F78">C:\Windows\system32\,@tzres.dll,-251</Value>
        <Value Key="HKEY_CURRENT_USER\Software\Classes\Local Settings\MuiCache\75\B1A07F78">C:\Windows\system32\,@tzres.dll,-2511</Value>
        <Value Key="HKEY_CURRENT_USER\Software\Classes\Local Settings\MuiCache\75\B1A07F78">C:\Windows\system32\,@tzres.dll,-2512</Value>
        <Value Key="HKEY_CURRENT_USER\Software\Classes\Local Settings\MuiCache\75\B1A07F78">C:\Windows\system32\,@tzres.dll,-252</Value>
        <Value Key="HKEY_CURRENT_USER\Software\Classes\Local Settings\MuiCache\75\B1A07F78">C:\Windows\system32\,@tzres.dll,-2531</Value>
        <Value Key="HKEY_CURRENT_USER\Software\Classes\Local Settings\MuiCache\75\B1A07F78">C:\Windows\system32\,@tzres.dll,-2532</Value>
        <Value Key="HKEY_CURRENT_USER\Software\Classes\Local Settings\MuiCache\75\B1A07F78">C:\Windows\system32\,@tzres.dll,-261</Value>
        <Value Key="HKEY_CURRENT_USER\Software\Classes\Local Settings\MuiCache\75\B1A07F78">C:\Windows\system32\,@tzres.dll,-2611</Value>
        <Value Key="HKEY_CURRENT_USER\Software\Classes\Local Settings\MuiCache\75\B1A07F78">C:\Windows\system32\,@tzres.dll,-2612</Value>
        <Value Key="HKEY_CURRENT_USER\Software\Classes\Local Settings\MuiCache\75\B1A07F78">C:\Windows\system32\,@tzres.dll,-262</Value>
        <Value Key="HKEY_CURRENT_USER\Software\Classes\Local Settings\MuiCache\75\B1A07F78">C:\Windows\system32\,@tzres.dll,-2631</Value>
        <Value Key="HKEY_CURRENT_USER\Software\Classes\Local Settings\MuiCache\75\B1A07F78">C:\Windows\system32\,@tzres.dll,-2632</Value>
        <Value Key="HKEY_CURRENT_USER\Software\Classes\Local Settings\MuiCache\75\B1A07F78">C:\Windows\system32\,@tzres.dll,-271</Value>
        <Value Key="HKEY_CURRENT_USER\Software\Classes\Local Settings\MuiCache\75\B1A07F78">C:\Windows\system32\,@tzres.dll,-272</Value>
        <Value Key="HKEY_CURRENT_USER\Software\Classes\Local Settings\MuiCache\75\B1A07F78">C:\Windows\system32\,@tzres.dll,-2771</Value>
        <Value Key="HKEY_CURRENT_USER\Software\Classes\Local Settings\MuiCache\75\B1A07F78">C:\Windows\system32\,@tzres.dll,-2772</Value>
        <Value Key="HKEY_CURRENT_USER\Software\Classes\Local Settings\MuiCache\75\B1A07F78">C:\Windows\system32\,@tzres.dll,-2791</Value>
        <Value Key="HKEY_CURRENT_USER\Software\Classes\Local Settings\MuiCache\75\B1A07F78">C:\Windows\system32\,@tzres.dll,-2792</Value>
        <Value Key="HKEY_CURRENT_USER\Software\Classes\Local Settings\MuiCache\75\B1A07F78">C:\Windows\system32\,@tzres.dll,-281</Value>
        <Value Key="HKEY_CURRENT_USER\Software\Classes\Local Settings\MuiCache\75\B1A07F78">C:\Windows\system32\,@tzres.dll,-282</Value>
        <Value Key="HKEY_CURRENT_USER\Software\Classes\Local Settings\MuiCache\75\B1A07F78">C:\Windows\system32\,@tzres.dll,-2871</Value>
        <Value Key="HKEY_CURRENT_USER\Software\Classes\Local Settings\MuiCache\75\B1A07F78">C:\Windows\system32\,@tzres.dll,-2872</Value>
        <Value Key="HKEY_CURRENT_USER\Software\Classes\Local Settings\MuiCache\75\B1A07F78">C:\Windows\system32\,@tzres.dll,-291</Value>
        <Value Key="HKEY_CURRENT_USER\Software\Classes\Local Settings\MuiCache\75\B1A07F78">C:\Windows\system32\,@tzres.dll,-292</Value>
        <Value Key="HKEY_CURRENT_USER\Software\Classes\Local Settings\MuiCache\75\B1A07F78">C:\Windows\system32\,@tzres.dll,-31</Value>
        <Value Key="HKEY_CURRENT_USER\Software\Classes\Local Settings\MuiCache\75\B1A07F78">C:\Windows\system32\,@tzres.dll,-32</Value>
        <Value Key="HKEY_CURRENT_USER\Software\Classes\Local Settings\MuiCache\75\B1A07F78">C:\Windows\system32\,@tzres.dll,-331</Value>
        <Value Key="HKEY_CURRENT_USER\Software\Classes\Local Settings\MuiCache\75\B1A07F78">C:\Windows\system32\,@tzres.dll,-332</Value>
        <Value Key="HKEY_CURRENT_USER\Software\Classes\Local Settings\MuiCache\75\B1A07F78">C:\Windows\system32\,@tzres.dll,-334</Value>
        <Value Key="HKEY_CURRENT_USER\Software\Classes\Local Settings\MuiCache\75\B1A07F78">C:\Windows\system32\,@tzres.dll,-335</Value>
        <Value Key="HKEY_CURRENT_USER\Software\Classes\Local Settings\MuiCache\75\B1A07F78">C:\Windows\system32\,@tzres.dll,-341</Value>
        <Value Key="HKEY_CURRENT_USER\Software\Classes\Local Settings\MuiCache\75\B1A07F78">C:\Windows\system32\,@tzres.dll,-342</Value>
        <Value Key="HKEY_CURRENT_USER\Software\Classes\Local Settings\MuiCache\75\B1A07F78">C:\Windows\system32\,@tzres.dll,-351</Value>
        <Value Key="HKEY_CURRENT_USER\Software\Classes\Local Settings\MuiCache\75\B1A07F78">C:\Windows\system32\,@tzres.dll,-352</Value>
        <Value Key="HKEY_CURRENT_USER\Software\Classes\Local Settings\MuiCache\75\B1A07F78">C:\Windows\system32\,@tzres.dll,-361</Value>
        <Value Key="HKEY_CURRENT_USER\Software\Classes\Local Settings\MuiCache\75\B1A07F78">C:\Windows\system32\,@tzres.dll,-362</Value>
        <Value Key="HKEY_CURRENT_USER\Software\Classes\Local Settings\MuiCache\75\B1A07F78">C:\Windows\system32\,@tzres.dll,-364</Value>
        <Value Key="HKEY_CURRENT_USER\Software\Classes\Local Settings\MuiCache\75\B1A07F78">C:\Windows\system32\,@tzres.dll,-365</Value>
        <Value Key="HKEY_CURRENT_USER\Software\Classes\Local Settings\MuiCache\75\B1A07F78">C:\Windows\system32\,@tzres.dll,-371</Value>
        <Value Key="HKEY_CURRENT_USER\Software\Classes\Local Settings\MuiCache\75\B1A07F78">C:\Windows\system32\,@tzres.dll,-372</Value>
        <Value Key="HKEY_CURRENT_USER\Software\Classes\Local Settings\MuiCache\75\B1A07F78">C:\Windows\system32\,@tzres.dll,-384</Value>
        <Value Key="HKEY_CURRENT_USER\Software\Classes\Local Settings\MuiCache\75\B1A07F78">C:\Windows\system32\,@tzres.dll,-385</Value>
        <Value Key="HKEY_CURRENT_USER\Software\Classes\Local Settings\MuiCache\75\B1A07F78">C:\Windows\system32\,@tzres.dll,-391</Value>
        <Value Key="HKEY_CURRENT_USER\Software\Classes\Local Settings\MuiCache\75\B1A07F78">C:\Windows\system32\,@tzres.dll,-392</Value>
        <Value Key="HKEY_CURRENT_USER\Software\Classes\Local Settings\MuiCache\75\B1A07F78">C:\Windows\system32\,@tzres.dll,-401</Value>
        <Value Key="HKEY_CURRENT_USER\Software\Classes\Local Settings\MuiCache\75\B1A07F78">C:\Windows\system32\,@tzres.dll,-402</Value>
        <Value Key="HKEY_CURRENT_USER\Software\Classes\Local Settings\MuiCache\75\B1A07F78">C:\Windows\system32\,@tzres.dll,-41</Value>
        <Value Key="HKEY_CURRENT_USER\Software\Classes\Local Settings\MuiCache\75\B1A07F78">C:\Windows\system32\,@tzres.dll,-411</Value>
        <Value Key="HKEY_CURRENT_USER\Software\Classes\Local Settings\MuiCache\75\B1A07F78">C:\Windows\system32\,@tzres.dll,-412</Value>
        <Value Key="HKEY_CURRENT_USER\Software\Classes\Local Settings\MuiCache\75\B1A07F78">C:\Windows\system32\,@tzres.dll,-42</Value>
        <Value Key="HKEY_CURRENT_USER\Software\Classes\Local Settings\MuiCache\75\B1A07F78">C:\Windows\system32\,@tzres.dll,-431</Value>
        <Value Key="HKEY_CURRENT_USER\Software\Classes\Local Settings\MuiCache\75\B1A07F78">C:\Windows\system32\,@tzres.dll,-432</Value>
        <Value Key="HKEY_CURRENT_USER\Software\Classes\Local Settings\MuiCache\75\B1A07F78">C:\Windows\system32\,@tzres.dll,-434</Value>
        <Value Key="HKEY_CURRENT_USER\Software\Classes\Local Settings\MuiCache\75\B1A07F78">C:\Windows\system32\,@tzres.dll,-435</Value>
        <Value Key="HKEY_CURRENT_USER\Software\Classes\Local Settings\MuiCache\75\B1A07F78">C:\Windows\system32\,@tzres.dll,-441</Value>
        <Value Key="HKEY_CURRENT_USER\Software\Classes\Local Settings\MuiCache\75\B1A07F78">C:\Windows\system32\,@tzres.dll,-442</Value>
        <Value Key="HKEY_CURRENT_USER\Software\Classes\Local Settings\MuiCache\75\B1A07F78">C:\Windows\system32\,@tzres.dll,-448</Value>
        <Value Key="HKEY_CURRENT_USER\Software\Classes\Local Settings\MuiCache\75\B1A07F78">C:\Windows\system32\,@tzres.dll,-449</Value>
        <Value Key="HKEY_CURRENT_USER\Software\Classes\Local Settings\MuiCache\75\B1A07F78">C:\Windows\system32\,@tzres.dll,-451</Value>
        <Value Key="HKEY_CURRENT_USER\Software\Classes\Local Settings\MuiCache\75\B1A07F78">C:\Windows\system32\,@tzres.dll,-452</Value>
        <Value Key="HKEY_CURRENT_USER\Software\Classes\Local Settings\MuiCache\75\B1A07F78">C:\Windows\system32\,@tzres.dll,-461</Value>
        <Value Key="HKEY_CURRENT_USER\Software\Classes\Local Settings\MuiCache\75\B1A07F78">C:\Windows\system32\,@tzres.dll,-462</Value>
        <Value Key="HKEY_CURRENT_USER\Software\Classes\Local Settings\MuiCache\75\B1A07F78">C:\Windows\system32\,@tzres.dll,-491</Value>
        <Value Key="HKEY_CURRENT_USER\Software\Classes\Local Settings\MuiCache\75\B1A07F78">C:\Windows\system32\,@tzres.dll,-492</Value>
        <Value Key="HKEY_CURRENT_USER\Software\Classes\Local Settings\MuiCache\75\B1A07F78">C:\Windows\system32\,@tzres.dll,-501</Value>
        <Value Key="HKEY_CURRENT_USER\Software\Classes\Local Settings\MuiCache\75\B1A07F78">C:\Windows\system32\,@tzres.dll,-502</Value>
        <Value Key="HKEY_CURRENT_USER\Software\Classes\Local Settings\MuiCache\75\B1A07F78">C:\Windows\system32\,@tzres.dll,-51</Value>
        <Value Key="HKEY_CURRENT_USER\Software\Classes\Local Settings\MuiCache\75\B1A07F78">C:\Windows\system32\,@tzres.dll,-511</Value>
        <Value Key="HKEY_CURRENT_USER\Software\Classes\Local Settings\MuiCache\75\B1A07F78">C:\Windows\system32\,@tzres.dll,-512</Value>
        <Value Key="HKEY_CURRENT_USER\Software\Classes\Local Settings\MuiCache\75\B1A07F78">C:\Windows\system32\,@tzres.dll,-52</Value>
        <Value Key="HKEY_CURRENT_USER\Software\Classes\Local Settings\MuiCache\75\B1A07F78">C:\Windows\system32\,@tzres.dll,-541</Value>
        <Value Key="HKEY_CURRENT_USER\Software\Classes\Local Settings\MuiCache\75\B1A07F78">C:\Windows\system32\,@tzres.dll,-542</Value>
        <Value Key="HKEY_CURRENT_USER\Software\Classes\Local Settings\MuiCache\75\B1A07F78">C:\Windows\system32\,@tzres.dll,-571</Value>
        <Value Key="HKEY_CURRENT_USER\Software\Classes\Local Settings\MuiCache\75\B1A07F78">C:\Windows\system32\,@tzres.dll,-572</Value>
        <Value Key="HKEY_CURRENT_USER\Software\Classes\Local Settings\MuiCache\75\B1A07F78">C:\Windows\system32\,@tzres.dll,-621</Value>
        <Value Key="HKEY_CURRENT_USER\Software\Classes\Local Settings\MuiCache\75\B1A07F78">C:\Windows\system32\,@tzres.dll,-622</Value>
        <Value Key="HKEY_CURRENT_USER\Software\Classes\Local Settings\MuiCache\75\B1A07F78">C:\Windows\system32\,@tzres.dll,-651</Value>
        <Value Key="HKEY_CURRENT_USER\Software\Classes\Local Settings\MuiCache\75\B1A07F78">C:\Windows\system32\,@tzres.dll,-652</Value>
        <Value Key="HKEY_CURRENT_USER\Software\Classes\Local Settings\MuiCache\75\B1A07F78">C:\Windows\system32\,@tzres.dll,-661</Value>
        <Value Key="HKEY_CURRENT_USER\Software\Classes\Local Settings\MuiCache\75\B1A07F78">C:\Windows\system32\,@tzres.dll,-662</Value>
        <Value Key="HKEY_CURRENT_USER\Software\Classes\Local Settings\MuiCache\75\B1A07F78">C:\Windows\system32\,@tzres.dll,-671</Value>
        <Value Key="HKEY_CURRENT_USER\Software\Classes\Local Settings\MuiCache\75\B1A07F78">C:\Windows\system32\,@tzres.dll,-672</Value>
        <Value Key="HKEY_CURRENT_USER\Software\Classes\Local Settings\MuiCache\75\B1A07F78">C:\Windows\system32\,@tzres.dll,-681</Value>
        <Value Key="HKEY_CURRENT_USER\Software\Classes\Local Settings\MuiCache\75\B1A07F78">C:\Windows\system32\,@tzres.dll,-682</Value>
        <Value Key="HKEY_CURRENT_USER\Software\Classes\Local Settings\MuiCache\75\B1A07F78">C:\Windows\system32\,@tzres.dll,-71</Value>
        <Value Key="HKEY_CURRENT_USER\Software\Classes\Local Settings\MuiCache\75\B1A07F78">C:\Windows\system32\,@tzres.dll,-72</Value>
        <Value Key="HKEY_CURRENT_USER\Software\Classes\Local Settings\MuiCache\75\B1A07F78">C:\Windows\system32\,@tzres.dll,-721</Value>
        <Value Key="HKEY_CURRENT_USER\Software\Classes\Local Settings\MuiCache\75\B1A07F78">C:\Windows\system32\,@tzres.dll,-722</Value>
        <Value Key="HKEY_CURRENT_USER\Software\Classes\Local Settings\MuiCache\75\B1A07F78">C:\Windows\system32\,@tzres.dll,-731</Value>
        <Value Key="HKEY_CURRENT_USER\Software\Classes\Local Settings\MuiCache\75\B1A07F78">C:\Windows\system32\,@tzres.dll,-732</Value>
        <Value Key="HKEY_CURRENT_USER\Software\Classes\Local Settings\MuiCache\75\B1A07F78">C:\Windows\system32\,@tzres.dll,-741</Value>
        <Value Key="HKEY_CURRENT_USER\Software\Classes\Local Settings\MuiCache\75\B1A07F78">C:\Windows\system32\,@tzres.dll,-742</Value>
        <Value Key="HKEY_CURRENT_USER\Software\Classes\Local Settings\MuiCache\75\B1A07F78">C:\Windows\system32\,@tzres.dll,-771</Value>
        <Value Key="HKEY_CURRENT_USER\Software\Classes\Local Settings\MuiCache\75\B1A07F78">C:\Windows\system32\,@tzres.dll,-772</Value>
        <Value Key="HKEY_CURRENT_USER\Software\Classes\Local Settings\MuiCache\75\B1A07F78">C:\Windows\system32\,@tzres.dll,-81</Value>
        <Value Key="HKEY_CURRENT_USER\Software\Classes\Local Settings\MuiCache\75\B1A07F78">C:\Windows\system32\,@tzres.dll,-82</Value>
        <Value Key="HKEY_CURRENT_USER\Software\Classes\Local Settings\MuiCache\75\B1A07F78">C:\Windows\system32\,@tzres.dll,-841</Value>
        <Value Key="HKEY_CURRENT_USER\Software\Classes\Local Settings\MuiCache\75\B1A07F78">C:\Windows\system32\,@tzres.dll,-842</Value>
        <Value Key="HKEY_CURRENT_USER\Software\Classes\Local Settings\MuiCache\75\B1A07F78">C:\Windows\system32\,@tzres.dll,-891</Value>
        <Value Key="HKEY_CURRENT_USER\Software\Classes\Local Settings\MuiCache\75\B1A07F78">C:\Windows\system32\,@tzres.dll,-892</Value>
        <Value Key="HKEY_CURRENT_USER\Software\Classes\Local Settings\MuiCache\75\B1A07F78">C:\Windows\system32\,@tzres.dll,-91</Value>
        <Value Key="HKEY_CURRENT_USER\Software\Classes\Local Settings\MuiCache\75\B1A07F78">C:\Windows\system32\,@tzres.dll,-911</Value>
        <Value Key="HKEY_CURRENT_USER\Software\Classes\Local Settings\MuiCache\75\B1A07F78">C:\Windows\system32\,@tzres.dll,-912</Value>
        <Value Key="HKEY_CURRENT_USER\Software\Classes\Local Settings\MuiCache\75\B1A07F78">C:\Windows\system32\,@tzres.dll,-92</Value>
        <Value Key="HKEY_CURRENT_USER\Software\Classes\Local Settings\MuiCache\75\B1A07F78">C:\Windows\system32\,@tzres.dll,-981</Value>
        <Value Key="HKEY_CURRENT_USER\Software\Classes\Local Settings\MuiCache\75\B1A07F78">C:\Windows\system32\,@tzres.dll,-982</Value>
        <Value Key="HKEY_LOCAL_MACHINE\SOFTWARE\Microsoft\Windows\CurrentVersion\Installer\Folders">C:\Program Files\bitbeans\</Value>
        <Value Key="HKEY_LOCAL_MACHINE\SOFTWARE\Microsoft\Windows\CurrentVersion\Installer\Folders">C:\Program Files\bitbeans\Simple DNSCrypt x64\</Value>
        <Value Key="HKEY_LOCAL_MACHINE\SOFTWARE\Microsoft\Windows\CurrentVersion\Installer\Folders">C:\Program Files\bitbeans\Simple DNSCrypt x64\ar\</Value>
        <Value Key="HKEY_LOCAL_MACHINE\SOFTWARE\Microsoft\Windows\CurrentVersion\Installer\Folders">C:\Program Files\bitbeans\Simple DNSCrypt x64\bg\</Value>
        <Value Key="HKEY_LOCAL_MACHINE\SOFTWARE\Microsoft\Windows\CurrentVersion\Installer\Folders">C:\Program Files\bitbeans\Simple DNSCrypt x64\cs\</Value>
        <Value Key="HKEY_LOCAL_MACHINE\SOFTWARE\Microsoft\Windows\CurrentVersion\Installer\Folders">C:\Program Files\bitbeans\Simple DNSCrypt x64\da\</Value>
        <Value Key="HKEY_LOCAL_MACHINE\SOFTWARE\Microsoft\Windows\CurrentVersion\Installer\Folders">C:\Program Files\bitbeans\Simple DNSCrypt x64\de\</Value>
        <Value Key="HKEY_LOCAL_MACHINE\SOFTWARE\Microsoft\Windows\CurrentVersion\Installer\Folders">C:\Program Files\bitbeans\Simple DNSCrypt x64\dnscrypt-proxy\</Value>
        <Value Key="HKEY_LOCAL_MACHINE\SOFTWARE\Microsoft\Windows\CurrentVersion\Installer\Folders">C:\Program Files\bitbeans\Simple DNSCrypt x64\el\</Value>
        <Value Key="HKEY_LOCAL_MACHINE\SOFTWARE\Microsoft\Windows\CurrentVersion\Installer\Folders">C:\Program Files\bitbeans\Simple DNSCrypt x64\en\</Value>
        <Value Key="HKEY_LOCAL_MACHINE\SOFTWARE\Microsoft\Windows\CurrentVersion\Installer\Folders">C:\Program Files\bitbeans\Simple DNSCrypt x64\es\</Value>
        <Value Key="HKEY_LOCAL_MACHINE\SOFTWARE\Microsoft\Windows\CurrentVersion\Installer\Folders">C:\Program Files\bitbeans\Simple DNSCrypt x64\fa\</Value>
        <Value Key="HKEY_LOCAL_MACHINE\SOFTWARE\Microsoft\Windows\CurrentVersion\Installer\Folders">C:\Program Files\bitbeans\Simple DNSCrypt x64\fi\</Value>
        <Value Key="HKEY_LOCAL_MACHINE\SOFTWARE\Microsoft\Windows\CurrentVersion\Installer\Folders">C:\Program Files\bitbeans\Simple DNSCrypt x64\fil\</Value>
        <Value Key="HKEY_LOCAL_MACHINE\SOFTWARE\Microsoft\Windows\CurrentVersion\Installer\Folders">C:\Program Files\bitbeans\Simple DNSCrypt x64\fr\</Value>
        <Value Key="HKEY_LOCAL_MACHINE\SOFTWARE\Microsoft\Windows\CurrentVersion\Installer\Folders">C:\Program Files\bitbeans\Simple DNSCrypt x64\he\</Value>
        <Value Key="HKEY_LOCAL_MACHINE\SOFTWARE\Microsoft\Windows\CurrentVersion\Installer\Folders">C:\Program Files\bitbeans\Simple DNSCrypt x64\hu\</Value>
        <Value Key="HKEY_LOCAL_MACHINE\SOFTWARE\Microsoft\Windows\CurrentVersion\Installer\Folders">C:\Program Files\bitbeans\Simple DNSCrypt x64\id\</Value>
        <Value Key="HKEY_LOCAL_MACHINE\SOFTWARE\Microsoft\Windows\CurrentVersion\Installer\Folders">C:\Program Files\bitbeans\Simple DNSCrypt x64\it\</Value>
        <Value Key="HKEY_LOCAL_MACHINE\SOFTWARE\Microsoft\Windows\CurrentVersion\Installer\Folders">C:\Program Files\bitbeans\Simple DNSCrypt x64\ja\</Value>
        <Value Key="HKEY_LOCAL_MACHINE\SOFTWARE\Microsoft\Windows\CurrentVersion\Installer\Folders">C:\Program Files\bitbeans\Simple DNSCrypt x64\ko\</Value>
        <Value Key="HKEY_LOCAL_MACHINE\SOFTWARE\Microsoft\Windows\CurrentVersion\Installer\Folders">C:\Program Files\bitbeans\Simple DNSCrypt x64\ms\</Value>
        <Value Key="HKEY_LOCAL_MACHINE\SOFTWARE\Microsoft\Windows\CurrentVersion\Installer\Folders">C:\Program Files\bitbeans\Simple DNSCrypt x64\nl\</Value>
        <Value Key="HKEY_LOCAL_MACHINE\SOFTWARE\Microsoft\Windows\CurrentVersion\Installer\Folders">C:\Program Files\bitbeans\Simple DNSCrypt x64\pl\</Value>
        <Value Key="HKEY_LOCAL_MACHINE\SOFTWARE\Microsoft\Windows\CurrentVersion\Installer\Folders">C:\Program Files\bitbeans\Simple DNSCrypt x64\pt-br\</Value>
        <Value Key="HKEY_LOCAL_MACHINE\SOFTWARE\Microsoft\Windows\CurrentVersion\Installer\Folders">C:\Program Files\bitbeans\Simple DNSCrypt x64\pt\</Value>
        <Value Key="HKEY_LOCAL_MACHINE\SOFTWARE\Microsoft\Windows\CurrentVersion\Installer\Folders">C:\Program Files\bitbeans\Simple DNSCrypt x64\ro\</Value>
        <Value Key="HKEY_LOCAL_MACHINE\SOFTWARE\Microsoft\Windows\CurrentVersion\Installer\Folders">C:\Program Files\bitbeans\Simple DNSCrypt x64\ru\</Value>
        <Value Key="HKEY_LOCAL_MACHINE\SOFTWARE\Microsoft\Windows\CurrentVersion\Installer\Folders">C:\Program Files\bitbeans\Simple DNSCrypt x64\sl\</Value>
        <Value Key="HKEY_LOCAL_MACHINE\SOFTWARE\Microsoft\Windows\CurrentVersion\Installer\Folders">C:\Program Files\bitbeans\Simple DNSCrypt x64\sv\</Value>
        <Value Key="HKEY_LOCAL_MACHINE\SOFTWARE\Microsoft\Windows\CurrentVersion\Installer\Folders">C:\Program Files\bitbeans\Simple DNSCrypt x64\th\</Value>
        <Value Key="HKEY_LOCAL_MACHINE\SOFTWARE\Microsoft\Windows\CurrentVersion\Installer\Folders">C:\Program Files\bitbeans\Simple DNSCrypt x64\tr\</Value>
        <Value Key="HKEY_LOCAL_MACHINE\SOFTWARE\Microsoft\Windows\CurrentVersion\Installer\Folders">C:\Program Files\bitbeans\Simple DNSCrypt x64\uk\</Value>
        <Value Key="HKEY_LOCAL_MACHINE\SOFTWARE\Microsoft\Windows\CurrentVersion\Installer\Folders">C:\Program Files\bitbeans\Simple DNSCrypt x64\vi\</Value>
        <Value Key="HKEY_LOCAL_MACHINE\SOFTWARE\Microsoft\Windows\CurrentVersion\Installer\Folders">C:\Program Files\bitbeans\Simple DNSCrypt x64\zh-hans\</Value>
        <Value Key="HKEY_LOCAL_MACHINE\SOFTWARE\Microsoft\Windows\CurrentVersion\Installer\Folders">C:\Program Files\bitbeans\Simple DNSCrypt x64\zh-hant\</Value>
        <Value Key="HKEY_LOCAL_MACHINE\SOFTWARE\Microsoft\Windows\CurrentVersion\Installer\Folders">C:\ProgramData\Microsoft\Windows\Start Menu\Programs\Simple DNSCrypt x64\</Value>
        <Value Key="HKEY_LOCAL_MACHINE\SOFTWARE\Microsoft\Windows\CurrentVersion\Installer\Folders">C:\Windows\Installer\{F21D078F-4055-462F-A9E9-468A4DE37F06}\</Value>
        <Value Key="HKEY_LOCAL_MACHINE\SYSTEM\ControlSet001\Services\Tcpip6\Parameters\Interfaces\{3c1beb9c-5d6f-4b3b-bca4-d7868335ea65}">NameServer</Value>
    </RegistryValues>
</ProgramTraces>
