<?xml version="1.0" encoding="UTF-8" ?>
<ProgramTraces version="1">
    <Folders>
        <Folder>C:\Program Files\AESCrypt</Folder>
        <Folder>C:\Windows\Installer\{562885D3-41A7-4211-822E-B1B1510069E5}</Folder>
    </Folders>
    <Files>
        <File>C:\Windows\Installer\SourceHash{562885D3-41A7-4211-822E-B1B1510069E5}</File>
        <File>C:\Windows\Installer\db11b3.msi</File>
        <File>D:\sys\tmp\CFGE293.tmp</File>
        <File>D:\sys\tmp\UninstallToolPortableTemp\CFGBF5B.tmp</File>
    </Files>
    <RegistryKeys>
        <Key>HKEY_LOCAL_MACHINE\SOFTWARE\Classes\*\shellex\ContextMenuHandlers\AESCrypt</Key>
        <Key>HKEY_LOCAL_MACHINE\SOFTWARE\Classes\.aes</Key>
        <Key>HKEY_LOCAL_MACHINE\SOFTWARE\Classes\AppID\AESCrypt.DLL</Key>
        <Key>HKEY_LOCAL_MACHINE\SOFTWARE\Classes\AppID\{BACE464C-A450-46A7-BC98-F441BCE45CE9}</Key>
        <Key>HKEY_LOCAL_MACHINE\SOFTWARE\Classes\CLSID\{35872D53-3BD4-45FA-8DB5-FFC47D4235E7}</Key>
        <Key>HKEY_LOCAL_MACHINE\SOFTWARE\Classes\Installer\Features\3D5882657A14112428E21B1B1500965E</Key>
        <Key>HKEY_LOCAL_MACHINE\SOFTWARE\Classes\Installer\Products\3D5882657A14112428E21B1B1500965E</Key>
        <Key>HKEY_LOCAL_MACHINE\SOFTWARE\Classes\Installer\UpgradeCodes\06E61D2961F138147AC880C670FC34A6</Key>
        <Key>HKEY_LOCAL_MACHINE\SOFTWARE\Classes\aesfile</Key>
        <Key>HKEY_LOCAL_MACHINE\SOFTWARE\Microsoft\Windows\CurrentVersion\Installer\UpgradeCodes\06E61D2961F138147AC880C670FC34A6</Key>
        <Key>HKEY_LOCAL_MACHINE\SOFTWARE\Microsoft\Windows\CurrentVersion\Installer\UserData\S-1-5-18\Components\0E2B5264DD7DF7C51261B5D7FF514EEF</Key>
        <Key>HKEY_LOCAL_MACHINE\SOFTWARE\Microsoft\Windows\CurrentVersion\Installer\UserData\S-1-5-18\Components\9FA3990E2882D1C7229CD41CAA592EB4</Key>
        <Key>HKEY_LOCAL_MACHINE\SOFTWARE\Microsoft\Windows\CurrentVersion\Installer\UserData\S-1-5-18\Components\A520AABF096CA09B786DCCEE4E2BF51F</Key>
        <Key>HKEY_LOCAL_MACHINE\SOFTWARE\Microsoft\Windows\CurrentVersion\Installer\UserData\S-1-5-18\Products\3D5882657A14112428E21B1B1500965E</Key>
        <Key>HKEY_LOCAL_MACHINE\SOFTWARE\Microsoft\Windows\CurrentVersion\Uninstall\{562885D3-41A7-4211-822E-B1B1510069E5}</Key>
        <Key>HKEY_USERS\.DEFAULT\Software\Classes\Local Settings\MuiCache\306</Key>
    </RegistryKeys>
    <RegistryValues>
        <Value Key="HKEY_LOCAL_MACHINE\SOFTWARE\Microsoft\Windows\CurrentVersion\Installer\Folders">C:\Program Files\AESCrypt\</Value>
        <Value Key="HKEY_LOCAL_MACHINE\SOFTWARE\Microsoft\Windows\CurrentVersion\Installer\Folders">C:\Windows\Installer\{562885D3-41A7-4211-822E-B1B1510069E5}\</Value>
        <Value Key="HKEY_LOCAL_MACHINE\SOFTWARE\Microsoft\Windows\CurrentVersion\Installer\UserData\S-1-5-18\Components\03EA91DAF1821523AAA0556E73E73D5F">3D5882657A14112428E21B1B1500965E</Value>
        <Value Key="HKEY_LOCAL_MACHINE\SOFTWARE\Microsoft\Windows\CurrentVersion\Installer\UserData\S-1-5-18\Components\620139E0B929C2837B208B4B3039995E">3D5882657A14112428E21B1B1500965E</Value>
        <Value Key="HKEY_LOCAL_MACHINE\SOFTWARE\Microsoft\Windows\CurrentVersion\Installer\UserData\S-1-5-18\Components\CC55BAE45466EF63487E80325EFD4699">3D5882657A14112428E21B1B1500965E</Value>
        <Value Key="HKEY_LOCAL_MACHINE\SOFTWARE\Microsoft\Windows\CurrentVersion\Shell Extensions\Approved">{35872D53-3BD4-45FA-8DB5-FFC47D4235E7}</Value>
    </RegistryValues>
</ProgramTraces>
