<?xml version="1.0" encoding="UTF-8" ?>
<ProgramTraces version="1">
    <Folders>
        <Folder>C:\Program Files\OO Software\Defrag\en-US</Folder>
        <Folder>C:\ProgramData\Microsoft\Windows\Start Menu\Programs\O&amp;O Software</Folder>
        <Folder>C:\Users\71288\AppData\Local\O&amp;O_Software_GmbH</Folder>
        <Folder>C:\Windows\Installer\{A79698A4-886B-4609-8B31-6278C918EF8C}</Folder>
    </Folders>
    <Files>
        <File>C:\Program Files\OO Software\Defrag\oodag.exe</File>
        <File>C:\Program Files\OO Software\Defrag\oodagmg.dll</File>
        <File>C:\Program Files\OO Software\Defrag\oodagrs.dll</File>
        <File>C:\Program Files\OO Software\Defrag\oodagt.adm</File>
        <File>C:\Program Files\OO Software\Defrag\oodcmd.exe</File>
        <File>C:\Program Files\OO Software\Defrag\oodcmdrs.dll</File>
        <File>C:\Program Files\OO Software\Defrag\oodcnt.exe</File>
        <File>C:\Program Files\OO Software\Defrag\oodgui.adm</File>
        <File>C:\Program Files\OO Software\Defrag\oodguirs.dll</File>
        <File>C:\Program Files\OO Software\Defrag\oodjobd.dll</File>
        <File>C:\Program Files\OO Software\Defrag\oodjobdr.dll</File>
        <File>C:\Program Files\OO Software\Defrag\oodpeo.ocx</File>
        <File>C:\Program Files\OO Software\Defrag\oodpep.dll</File>
        <File>C:\Program Files\OO Software\Defrag\oodperwr.dll</File>
        <File>C:\Program Files\OO Software\Defrag\oodpesur.dll</File>
        <File>C:\Program Files\OO Software\Defrag\oodsh.dll</File>
        <File>C:\Program Files\OO Software\Defrag\oodshrs.dll</File>
        <File>C:\Program Files\OO Software\Defrag\oodsvct.exe</File>
        <File>C:\Program Files\OO Software\Defrag\oodtray.exe</File>
        <File>C:\Program Files\OO Software\Defrag\oodtrrs.dll</File>
        <File>C:\Program Files\OO Software\Defrag\oodtrwnd.exe</File>
        <File>C:\Program Files\OO Software\Defrag\oodwrtlic.exe</File>
        <File>C:\Program Files\OO Software\Defrag\ooliveupdate.exe</File>
        <File>C:\Program Files\OO Software\Defrag\oorwiz4.dll</File>
        <File>C:\Program Files\OO Software\Defrag\oosu.dll</File>
        <File>C:\Program Files\OO Software\Defrag\readme.txt</File>
        <File>C:\Program Files\OO Software\Defrag\rpcanalysis.htm</File>
        <File>C:\Program Files\OO Software\Defrag\rpcchkdsk.htm</File>
        <File>C:\Program Files\OO Software\Defrag\rpcdat01.htm</File>
        <File>C:\Program Files\OO Software\Defrag\rpcdefrag.htm</File>
        <File>C:\Program Files\OO Software\Defrag\rpcdiskcleaneropt.htm</File>
        <File>C:\Program Files\OO Software\Defrag\rpcdiskcleanerscan.htm</File>
        <File>C:\Program Files\OO Software\Defrag\rpcdiskstatscan.htm</File>
        <File>C:\Program Files\OO Software\Defrag\rpcmn01.htm</File>
        <File>C:\Program Files\OO Software\Defrag\rpcspaceopt.htm</File>
        <File>C:\Program Files\OO Software\Defrag\rpcstealth.htm</File>
        <File>C:\ProgramData\Microsoft\Windows\Start Menu\Programs\StartUp\O&amp;O Defrag Tray.lnk</File>
        <File>C:\Users\71288\AppData\Local\Microsoft\CLR_v4.0\UsageLogs\oodtrwnd.exe.log</File>
        <File>C:\Users\Public\Desktop\O&amp;O Defrag.lnk</File>
        <File>C:\Windows\Installer\8de7d5.msi</File>
        <File>C:\Windows\Installer\SourceHash{A79698A4-886B-4609-8B31-6278C918EF8C}</File>
        <File>C:\Windows\System32\oodbs.exe</File>
        <File>C:\Windows\System32\oodbsrs.dll</File>
        <File>C:\Windows\System32\oodssrs.dll</File>
        <File>C:\Windows\System32\ooscrsav.scr</File>
    </Files>
    <RegistryKeys>
        <Key>HKEY_CURRENT_USER\SOFTWARE\O&amp;O\O&amp;O Defrag\24</Key>
        <Key>HKEY_LOCAL_MACHINE\SOFTWARE\Classes\Installer\Features\4A89697AB6889064B81326879C81FEC8</Key>
        <Key>HKEY_LOCAL_MACHINE\SOFTWARE\Classes\Installer\Products\4A89697AB6889064B81326879C81FEC8</Key>
        <Key>HKEY_LOCAL_MACHINE\SOFTWARE\Microsoft\Windows\CurrentVersion\Installer\UserData\S-1-5-18\Components\851F73DE2233D424492CC5BF1230769E</Key>
        <Key>HKEY_LOCAL_MACHINE\SOFTWARE\Microsoft\Windows\CurrentVersion\Installer\UserData\S-1-5-18\Components\EE223BA394BFAAE4B967296CB6BD5952</Key>
        <Key>HKEY_LOCAL_MACHINE\SOFTWARE\Microsoft\Windows\CurrentVersion\Installer\UserData\S-1-5-18\Products\4A89697AB6889064B81326879C81FEC8</Key>
        <Key>HKEY_LOCAL_MACHINE\SOFTWARE\Microsoft\Windows\CurrentVersion\Uninstall\{A79698A4-886B-4609-8B31-6278C918EF8C}</Key>
        <Key>HKEY_USERS\.DEFAULT\Software\Classes\Local Settings\MuiCache\3ab</Key>
    </RegistryKeys>
    <RegistryValues>
        <Value Key="HKEY_CURRENT_USER\Software\Classes\Local Settings\MuiCache\3ab\B1A07F78">@%SystemRoot%\System32\ci.dll,-100</Value>
        <Value Key="HKEY_CURRENT_USER\Software\Classes\Local Settings\MuiCache\3ab\B1A07F78">@%SystemRoot%\System32\ci.dll,-101</Value>
        <Value Key="HKEY_CURRENT_USER\Software\Classes\Local Settings\MuiCache\3ab\B1A07F78">@%SystemRoot%\System32\fveui.dll,-843</Value>
        <Value Key="HKEY_CURRENT_USER\Software\Classes\Local Settings\MuiCache\3ab\B1A07F78">@%SystemRoot%\System32\fveui.dll,-844</Value>
        <Value Key="HKEY_CURRENT_USER\Software\Classes\Local Settings\MuiCache\3ab\B1A07F78">@%SystemRoot%\System32\wuaueng.dll,-400</Value>
        <Value Key="HKEY_CURRENT_USER\Software\Classes\Local Settings\MuiCache\3ab\B1A07F78">@%SystemRoot%\system32\NgcRecovery.dll,-100</Value>
        <Value Key="HKEY_CURRENT_USER\Software\Classes\Local Settings\MuiCache\3ab\B1A07F78">@%SystemRoot%\system32\WindowsPowerShell\v1.0\powershell.exe,-124</Value>
        <Value Key="HKEY_CURRENT_USER\Software\Classes\Local Settings\MuiCache\3ab\B1A07F78">@%SystemRoot%\system32\dnsapi.dll,-103</Value>
        <Value Key="HKEY_LOCAL_MACHINE\SOFTWARE\Microsoft\MMC\NodeTypes\{476e644a-aaff-11d0-b944-00c04fd8d5b0}\Extensions\NameSpace">{677D54F0-573E-11d4-9385-005004518EC8}</Value>
        <Value Key="HKEY_LOCAL_MACHINE\SOFTWARE\Microsoft\Windows\CurrentVersion\Installer\Folders">C:\Program Files\OO Software\Defrag\en-US\</Value>
        <Value Key="HKEY_LOCAL_MACHINE\SOFTWARE\Microsoft\Windows\CurrentVersion\Installer\Folders">C:\ProgramData\Microsoft\Windows\Start Menu\Programs\O&amp;O Software\</Value>
        <Value Key="HKEY_LOCAL_MACHINE\SOFTWARE\Microsoft\Windows\CurrentVersion\Installer\Folders">C:\ProgramData\Microsoft\Windows\Start Menu\Programs\O&amp;O Software\O&amp;O Defrag\</Value>
        <Value Key="HKEY_LOCAL_MACHINE\SOFTWARE\Microsoft\Windows\CurrentVersion\Installer\Folders">C:\Windows\Installer\{A79698A4-886B-4609-8B31-6278C918EF8C}\</Value>
        <Value Key="HKEY_LOCAL_MACHINE\SOFTWARE\Microsoft\Windows\CurrentVersion\SharedDLLs">C:\Windows\system32\oodbs.exe</Value>
        <Value Key="HKEY_LOCAL_MACHINE\SOFTWARE\Microsoft\Windows\CurrentVersion\SharedDLLs">C:\Windows\system32\oodbsrs.dll</Value>
        <Value Key="HKEY_LOCAL_MACHINE\SOFTWARE\Microsoft\Windows\CurrentVersion\SharedDLLs">C:\Windows\system32\oodssrs.dll</Value>
        <Value Key="HKEY_LOCAL_MACHINE\SOFTWARE\Microsoft\Windows\CurrentVersion\SharedDLLs">C:\Windows\system32\ooscrsav.scr</Value>
        <Value Key="HKEY_LOCAL_MACHINE\SOFTWARE\Microsoft\Windows\CurrentVersion\Shell Extensions\Approved">{48EAD1E1-ECF2-4a85-AA09-1C44FBEED451}</Value>
    </RegistryValues>
</ProgramTraces>
