<?xml version="1.0" encoding="UTF-8" ?>
<ProgramTraces version="1">
    <Files>
        <File>C:\Program Files\PeaZip\Add to archive.lnk</File>
        <File>C:\Program Files\PeaZip\Extract here (smart new folder).lnk</File>
        <File>C:\Program Files\PeaZip\Extract....lnk</File>
        <File>C:\Program Files\PeaZip\Open as archive.lnk</File>
        <File>C:\Program Files\PeaZip\dragdropfilesdll.dll</File>
        <File>C:\Program Files\PeaZip\pea.exe</File>
        <File>C:\Program Files\PeaZip\peazip.exe</File>
        <File>C:\Program Files\PeaZip\res\bin\7z\7z.dll</File>
        <File>C:\Program Files\PeaZip\res\bin\7z\7z.exe</File>
        <File>C:\Program Files\PeaZip\res\bin\7z\7z.sfx</File>
        <File>C:\Program Files\PeaZip\res\bin\7z\7zCon.sfx</File>
        <File>C:\Program Files\PeaZip\res\bin\7z\7zS2.sfx</File>
        <File>C:\Program Files\PeaZip\res\bin\7z\7zS2con.sfx</File>
        <File>C:\Program Files\PeaZip\res\bin\7z\7zSD.sfx</File>
        <File>C:\Program Files\PeaZip\res\bin\7z\Codecs\brotli-x64.dll</File>
        <File>C:\Program Files\PeaZip\res\bin\7z\Codecs\flzma2-x64.dll</File>
        <File>C:\Program Files\PeaZip\res\bin\7z\Codecs\lizard-x64.dll</File>
        <File>C:\Program Files\PeaZip\res\bin\7z\Codecs\lz4-x64.dll</File>
        <File>C:\Program Files\PeaZip\res\bin\7z\Codecs\lz5-x64.dll</File>
        <File>C:\Program Files\PeaZip\res\bin\7z\Codecs\zstd-x64.dll</File>
        <File>C:\Program Files\PeaZip\res\bin\Configure PeaZip.exe</File>
        <File>C:\Program Files\PeaZip\res\bin\arc\Arc.exe</File>
        <File>C:\Program Files\PeaZip\res\bin\arc\arc-tiny.linux.sfx</File>
        <File>C:\Program Files\PeaZip\res\bin\arc\arc-tiny.sfx</File>
        <File>C:\Program Files\PeaZip\res\bin\arc\arc.groups</File>
        <File>C:\Program Files\PeaZip\res\bin\arc\arc.ini</File>
        <File>C:\Program Files\PeaZip\res\bin\arc\empty.arc</File>
        <File>C:\Program Files\PeaZip\res\bin\arc\facompress.dll</File>
        <File>C:\Program Files\PeaZip\res\bin\arc\facompress_mt.dll</File>
        <File>C:\Program Files\PeaZip\res\bin\arc\freearc-installer.sfx</File>
        <File>C:\Program Files\PeaZip\res\bin\arc\freearc-tiny.sfx</File>
        <File>C:\Program Files\PeaZip\res\bin\arc\freearc.sfx</File>
        <File>C:\Program Files\PeaZip\res\bin\brotli\brotli.exe</File>
        <File>C:\Program Files\PeaZip\res\bin\lpaq\lpaq8.exe</File>
        <File>C:\Program Files\PeaZip\res\bin\paq\paq8o.exe</File>
        <File>C:\Program Files\PeaZip\res\bin\quad\bcm.exe</File>
        <File>C:\Program Files\PeaZip\res\bin\upx\strip.exe</File>
        <File>C:\Program Files\PeaZip\res\bin\zpaq\zpaq.exe</File>
        <File>C:\Program Files\PeaZip\res\bin\zstd\zstd.exe</File>
        <File>C:\Program Files\PeaZip\res\share\batch\Add to archive.bat</File>
        <File>C:\Program Files\PeaZip\res\share\batch\Add to archive.sh</File>
        <File>C:\Program Files\PeaZip\res\share\batch\Extract here (smart new folder).bat</File>
        <File>C:\Program Files\PeaZip\res\share\batch\Extract here (smart new folder).sh</File>
        <File>C:\Program Files\PeaZip\res\share\batch\Extract....bat</File>
        <File>C:\Program Files\PeaZip\res\share\batch\Extract....sh</File>
        <File>C:\Program Files\PeaZip\res\share\batch\Open as archive.bat</File>
        <File>C:\Program Files\PeaZip\res\share\batch\Open as archive.sh</File>
        <File>C:\Program Files\PeaZip\res\share\batch\SendTo\SendTo_Program Files (x86)\Add to 7Z and send by mail.lnk</File>
        <File>C:\Program Files\PeaZip\res\share\batch\SendTo\SendTo_Program Files (x86)\Add to 7Z.lnk</File>
        <File>C:\Program Files\PeaZip\res\share\batch\SendTo\SendTo_Program Files (x86)\Add to ZIP and send by mail.lnk</File>
        <File>C:\Program Files\PeaZip\res\share\batch\SendTo\SendTo_Program Files (x86)\Add to ZIP.lnk</File>
        <File>C:\Program Files\PeaZip\res\share\batch\SendTo\SendTo_Program Files (x86)\Add to archive.lnk</File>
        <File>C:\Program Files\PeaZip\res\share\batch\SendTo\SendTo_Program Files (x86)\Add to self-extracting archive.lnk</File>
        <File>C:\Program Files\PeaZip\res\share\batch\SendTo\SendTo_Program Files (x86)\Add to separate 7Z.lnk</File>
        <File>C:\Program Files\PeaZip\res\share\batch\SendTo\SendTo_Program Files (x86)\Add to separate ZIP.lnk</File>
        <File>C:\Program Files\PeaZip\res\share\batch\SendTo\SendTo_Program Files (x86)\Add to sfx and send by mail.lnk</File>
        <File>C:\Program Files\PeaZip\res\share\batch\SendTo\SendTo_Program Files (x86)\Browse path with PeaZip.lnk</File>
        <File>C:\Program Files\PeaZip\res\share\batch\SendTo\SendTo_Program Files (x86)\Convert.lnk</File>
        <File>C:\Program Files\PeaZip\res\share\batch\SendTo\SendTo_Program Files (x86)\Encrypt (PEA).lnk</File>
        <File>C:\Program Files\PeaZip\res\share\batch\SendTo\SendTo_Program Files (x86)\Extract here (smart new folder).lnk</File>
        <File>C:\Program Files\PeaZip\res\share\batch\SendTo\SendTo_Program Files (x86)\Extract here.lnk</File>
        <File>C:\Program Files\PeaZip\res\share\batch\SendTo\SendTo_Program Files (x86)\Extract....lnk</File>
        <File>C:\Program Files\PeaZip\res\share\batch\SendTo\SendTo_Program Files (x86)\Open as archive.lnk</File>
        <File>C:\Program Files\PeaZip\res\share\batch\SendTo\SendTo_Program Files (x86)\Open command prompt here.lnk</File>
        <File>C:\Program Files\PeaZip\res\share\batch\SendTo\SendTo_Program Files (x86)\Secure delete.lnk</File>
        <File>C:\Program Files\PeaZip\res\share\batch\SendTo\SendTo_Program Files (x86)\Split file.lnk</File>
        <File>C:\Program Files\PeaZip\res\share\batch\SendTo\SendTo_Program Files (x86)\Test archive(s).lnk</File>
        <File>C:\Program Files\PeaZip\res\share\batch\SendTo\SendTo_Program Files\Add to .7Z and send by mail.lnk</File>
        <File>C:\Program Files\PeaZip\res\share\batch\SendTo\SendTo_Program Files\Add to .7Z.lnk</File>
        <File>C:\Program Files\PeaZip\res\share\batch\SendTo\SendTo_Program Files\Add to .ZIP and send by mail.lnk</File>
        <File>C:\Program Files\PeaZip\res\share\batch\SendTo\SendTo_Program Files\Add to .ZIP.lnk</File>
        <File>C:\Program Files\PeaZip\res\share\batch\SendTo\SendTo_Program Files\Add to archive.lnk</File>
        <File>C:\Program Files\PeaZip\res\share\batch\SendTo\SendTo_Program Files\Add to self-extracting archive.lnk</File>
        <File>C:\Program Files\PeaZip\res\share\batch\SendTo\SendTo_Program Files\Add to separate .7Z.lnk</File>
        <File>C:\Program Files\PeaZip\res\share\batch\SendTo\SendTo_Program Files\Add to separate .ZIP.lnk</File>
        <File>C:\Program Files\PeaZip\res\share\batch\SendTo\SendTo_Program Files\Add to sfx and send by mail.lnk</File>
        <File>C:\Program Files\PeaZip\res\share\batch\SendTo\SendTo_Program Files\Browse path with PeaZip.lnk</File>
        <File>C:\Program Files\PeaZip\res\share\batch\SendTo\SendTo_Program Files\Convert.lnk</File>
        <File>C:\Program Files\PeaZip\res\share\batch\SendTo\SendTo_Program Files\Encrypt (PEA).lnk</File>
        <File>C:\Program Files\PeaZip\res\share\batch\SendTo\SendTo_Program Files\Extract here (smart new folder).lnk</File>
        <File>C:\Program Files\PeaZip\res\share\batch\SendTo\SendTo_Program Files\Extract here.lnk</File>
        <File>C:\Program Files\PeaZip\res\share\batch\SendTo\SendTo_Program Files\Extract....lnk</File>
        <File>C:\Program Files\PeaZip\res\share\batch\SendTo\SendTo_Program Files\Open as archive.lnk</File>
        <File>C:\Program Files\PeaZip\res\share\batch\SendTo\SendTo_Program Files\Open command prompt here.lnk</File>
        <File>C:\Program Files\PeaZip\res\share\batch\SendTo\SendTo_Program Files\Secure delete.lnk</File>
        <File>C:\Program Files\PeaZip\res\share\batch\SendTo\SendTo_Program Files\Split file.lnk</File>
        <File>C:\Program Files\PeaZip\res\share\batch\SendTo\SendTo_Program Files\Test archive(s).lnk</File>
        <File>C:\Program Files\PeaZip\res\share\batch\SendTo\readme-SendTo.txt</File>
        <File>C:\Program Files\PeaZip\res\share\batch\Windows 11 mini context menu\add PeaZip, add to 7Z.reg</File>
        <File>C:\Program Files\PeaZip\res\share\batch\Windows 11 mini context menu\add PeaZip, add to ZIP.reg</File>
        <File>C:\Program Files\PeaZip\res\share\batch\Windows 11 mini context menu\add PeaZip, add to archive.reg</File>
        <File>C:\Program Files\PeaZip\res\share\batch\Windows 11 mini context menu\add PeaZip, convert archives.reg</File>
        <File>C:\Program Files\PeaZip\res\share\batch\Windows 11 mini context menu\add PeaZip, extract here (smart new folder).reg</File>
        <File>C:\Program Files\PeaZip\res\share\batch\Windows 11 mini context menu\add PeaZip, extract here.reg</File>
        <File>C:\Program Files\PeaZip\res\share\batch\Windows 11 mini context menu\add PeaZip, extract....reg</File>
        <File>C:\Program Files\PeaZip\res\share\batch\Windows 11 mini context menu\add PeaZip, open file or folder.reg</File>
        <File>C:\Program Files\PeaZip\res\share\batch\Windows 11 mini context menu\readme mini context menu.txt</File>
        <File>C:\Program Files\PeaZip\res\share\batch\Windows 11 mini context menu\remove PeaZip entries.reg</File>
        <File>C:\Program Files\PeaZip\res\share\batch\freedesktop_integration\KDE-servicemenus\KDE3-konqueror\peazipadd.desktop</File>
        <File>C:\Program Files\PeaZip\res\share\batch\freedesktop_integration\KDE-servicemenus\KDE3-konqueror\peazipext.desktop</File>
        <File>C:\Program Files\PeaZip\res\share\batch\freedesktop_integration\KDE-servicemenus\KDE3-konqueror\peazipextfolder.desktop</File>
        <File>C:\Program Files\PeaZip\res\share\batch\freedesktop_integration\KDE-servicemenus\KDE3-konqueror\peazipexthere.desktop</File>
        <File>C:\Program Files\PeaZip\res\share\batch\freedesktop_integration\KDE-servicemenus\KDE3-konqueror\peazipopen.desktop</File>
        <File>C:\Program Files\PeaZip\res\share\batch\freedesktop_integration\KDE-servicemenus\KDE4-dolphin\peazipadd.desktop</File>
        <File>C:\Program Files\PeaZip\res\share\batch\freedesktop_integration\KDE-servicemenus\KDE4-dolphin\peazipext.desktop</File>
        <File>C:\Program Files\PeaZip\res\share\batch\freedesktop_integration\KDE-servicemenus\KDE4-dolphin\peazipextfolder.desktop</File>
        <File>C:\Program Files\PeaZip\res\share\batch\freedesktop_integration\KDE-servicemenus\KDE4-dolphin\peazipexthere.desktop</File>
        <File>C:\Program Files\PeaZip\res\share\batch\freedesktop_integration\KDE-servicemenus\KDE4-dolphin\peazipopen.desktop</File>
        <File>C:\Program Files\PeaZip\res\share\batch\freedesktop_integration\KDE-servicemenus\KDE5-dolphin\peazipadd.desktop</File>
        <File>C:\Program Files\PeaZip\res\share\batch\freedesktop_integration\KDE-servicemenus\KDE5-dolphin\peazipext.desktop</File>
        <File>C:\Program Files\PeaZip\res\share\batch\freedesktop_integration\KDE-servicemenus\KDE5-dolphin\peazipextfolder.desktop</File>
        <File>C:\Program Files\PeaZip\res\share\batch\freedesktop_integration\KDE-servicemenus\KDE5-dolphin\peazipexthere.desktop</File>
        <File>C:\Program Files\PeaZip\res\share\batch\freedesktop_integration\KDE-servicemenus\KDE5-dolphin\peazipopen.desktop</File>
        <File>C:\Program Files\PeaZip\res\share\batch\freedesktop_integration\Nautilus-scripts\Archiving\PeaZip\Add to Archive</File>
        <File>C:\Program Files\PeaZip\res\share\batch\freedesktop_integration\Nautilus-scripts\Archiving\PeaZip\Extract Archive</File>
        <File>C:\Program Files\PeaZip\res\share\batch\freedesktop_integration\Nautilus-scripts\Archiving\PeaZip\Extract Here</File>
        <File>C:\Program Files\PeaZip\res\share\batch\freedesktop_integration\Nautilus-scripts\Archiving\PeaZip\Extract to Folder</File>
        <File>C:\Program Files\PeaZip\res\share\batch\freedesktop_integration\Nautilus-scripts\Archiving\PeaZip\Open Archive</File>
        <File>C:\Program Files\PeaZip\res\share\batch\freedesktop_integration\peazip-add-to-archive.desktop</File>
        <File>C:\Program Files\PeaZip\res\share\batch\freedesktop_integration\peazip-extract-here.desktop</File>
        <File>C:\Program Files\PeaZip\res\share\batch\freedesktop_integration\peazip-extract-smart.desktop</File>
        <File>C:\Program Files\PeaZip\res\share\batch\freedesktop_integration\peazip-extract.desktop</File>
        <File>C:\Program Files\PeaZip\res\share\batch\freedesktop_integration\peazip-open.desktop</File>
        <File>C:\Program Files\PeaZip\res\share\batch\freedesktop_integration\peazip.desktop</File>
        <File>C:\Program Files\PeaZip\res\share\batch\freedesktop_integration\peazip.png</File>
        <File>C:\Program Files\PeaZip\res\share\batch\freedesktop_integration\peazip_add.png</File>
        <File>C:\Program Files\PeaZip\res\share\batch\freedesktop_integration\peazip_extract.png</File>
        <File>C:\Program Files\PeaZip\res\share\batch\freedesktop_integration\readme_freedesktop_integration.txt</File>
        <File>C:\Program Files\PeaZip\res\share\batch\macOS service menus\PeaZip, add to archive.workflow\Contents\Info.plist</File>
        <File>C:\Program Files\PeaZip\res\share\batch\macOS service menus\PeaZip, add to archive.workflow\Contents\QuickLook\Thumbnail.png</File>
        <File>C:\Program Files\PeaZip\res\share\batch\macOS service menus\PeaZip, add to archive.workflow\Contents\document.wflow</File>
        <File>C:\Program Files\PeaZip\res\share\batch\macOS service menus\PeaZip, extract here (smart new folder).workflow\Contents\Info.plist</File>
        <File>C:\Program Files\PeaZip\res\share\batch\macOS service menus\PeaZip, extract here (smart new folder).workflow\Contents\QuickLook\Thumbnail.png</File>
        <File>C:\Program Files\PeaZip\res\share\batch\macOS service menus\PeaZip, extract here (smart new folder).workflow\Contents\QuickLook\Thumbnail.png</File>
        <File>C:\Program Files\PeaZip\res\share\batch\macOS service menus\PeaZip, extract here (smart new folder).workflow\Contents\document.wflow</File>
        <File>C:\Program Files\PeaZip\res\share\batch\macOS service menus\PeaZip, extract....workflow\Contents\Info.plist</File>
        <File>C:\Program Files\PeaZip\res\share\batch\macOS service menus\PeaZip, extract....workflow\Contents\QuickLook\Thumbnail.png</File>
        <File>C:\Program Files\PeaZip\res\share\batch\macOS service menus\PeaZip, extract....workflow\Contents\document.wflow</File>
        <File>C:\Program Files\PeaZip\res\share\batch\macOS service menus\PeaZip, open file or folder.workflow\Contents\Info.plist</File>
        <File>C:\Program Files\PeaZip\res\share\batch\macOS service menus\PeaZip, open file or folder.workflow\Contents\QuickLook\Thumbnail.png</File>
        <File>C:\Program Files\PeaZip\res\share\batch\macOS service menus\PeaZip, open file or folder.workflow\Contents\document.wflow</File>
        <File>C:\Program Files\PeaZip\res\share\batch\peazip-reset.bat</File>
        <File>C:\Program Files\PeaZip\res\share\batch\peazip-reset.sh</File>
        <File>C:\Program Files\PeaZip\res\share\copying\copying.txt</File>
        <File>C:\Program Files\PeaZip\res\share\copying\third-parties\7z License.txt</File>
        <File>C:\Program Files\PeaZip\res\share\copying\third-parties\7z codecs LICENSE.txt</File>
        <File>C:\Program Files\PeaZip\res\share\copying\third-parties\7z note.txt</File>
        <File>C:\Program Files\PeaZip\res\share\copying\third-parties\arc license.txt</File>
        <File>C:\Program Files\PeaZip\res\share\copying\third-parties\bcm LICENSE.txt</File>
        <File>C:\Program Files\PeaZip\res\share\copying\third-parties\bcm note.txt</File>
        <File>C:\Program Files\PeaZip\res\share\copying\third-parties\brotli note.txt</File>
        <File>C:\Program Files\PeaZip\res\share\copying\third-parties\lpaq COPYING.txt</File>
        <File>C:\Program Files\PeaZip\res\share\copying\third-parties\lpaq note.txt</File>
        <File>C:\Program Files\PeaZip\res\share\copying\third-parties\paq COPYING.txt</File>
        <File>C:\Program Files\PeaZip\res\share\copying\third-parties\paq note.txt</File>
        <File>C:\Program Files\PeaZip\res\share\copying\third-parties\upx note.txt</File>
        <File>C:\Program Files\PeaZip\res\share\copying\third-parties\zpaq note.txt</File>
        <File>C:\Program Files\PeaZip\res\share\copying\third-parties\zstd note.txt</File>
        <File>C:\Program Files\PeaZip\res\share\icons\PeaZip.ico</File>
        <File>C:\Program Files\PeaZip\res\share\icons\PeaZip_7z.ico</File>
        <File>C:\Program Files\PeaZip\res\share\icons\PeaZip_app.ico</File>
        <File>C:\Program Files\PeaZip\res\share\icons\PeaZip_block.ico</File>
        <File>C:\Program Files\PeaZip\res\share\icons\PeaZip_cd.ico</File>
        <File>C:\Program Files\PeaZip\res\share\icons\PeaZip_package.ico</File>
        <File>C:\Program Files\PeaZip\res\share\icons\PeaZip_rar.ico</File>
        <File>C:\Program Files\PeaZip\res\share\icons\PeaZip_zip.ico</File>
        <File>C:\Program Files\PeaZip\res\share\icons\peazip.png</File>
        <File>C:\Program Files\PeaZip\res\share\icons\peazip_7z.png</File>
        <File>C:\Program Files\PeaZip\res\share\icons\peazip_add.png</File>
        <File>C:\Program Files\PeaZip\res\share\icons\peazip_add_alt.png</File>
        <File>C:\Program Files\PeaZip\res\share\icons\peazip_app.png</File>
        <File>C:\Program Files\PeaZip\res\share\icons\peazip_block.png</File>
        <File>C:\Program Files\PeaZip\res\share\icons\peazip_browse.png</File>
        <File>C:\Program Files\PeaZip\res\share\icons\peazip_cd.png</File>
        <File>C:\Program Files\PeaZip\res\share\icons\peazip_convert.png</File>
        <File>C:\Program Files\PeaZip\res\share\icons\peazip_extract.png</File>
        <File>C:\Program Files\PeaZip\res\share\icons\peazip_extract_alt.png</File>
        <File>C:\Program Files\PeaZip\res\share\icons\peazip_package.png</File>
        <File>C:\Program Files\PeaZip\res\share\icons\peazip_rar.png</File>
        <File>C:\Program Files\PeaZip\res\share\icons\peazip_seven.icl</File>
        <File>C:\Program Files\PeaZip\res\share\icons\peazip_zip.png</File>
        <File>C:\Program Files\PeaZip\res\share\icons\peazipmac.png</File>
        <File>C:\Program Files\PeaZip\res\share\lang-wincontext\bg.reg</File>
        <File>C:\Program Files\PeaZip\res\share\lang-wincontext\by-cr.reg</File>
        <File>C:\Program Files\PeaZip\res\share\lang-wincontext\by-lt.reg</File>
        <File>C:\Program Files\PeaZip\res\share\lang-wincontext\ca.reg</File>
        <File>C:\Program Files\PeaZip\res\share\lang-wincontext\chs.reg</File>
        <File>C:\Program Files\PeaZip\res\share\lang-wincontext\cht.reg</File>
        <File>C:\Program Files\PeaZip\res\share\lang-wincontext\cz.reg</File>
        <File>C:\Program Files\PeaZip\res\share\lang-wincontext\de-uml.reg</File>
        <File>C:\Program Files\PeaZip\res\share\lang-wincontext\default.reg</File>
        <File>C:\Program Files\PeaZip\res\share\lang-wincontext\en-gb.reg</File>
        <File>C:\Program Files\PeaZip\res\share\lang-wincontext\en.reg</File>
        <File>C:\Program Files\PeaZip\res\share\lang-wincontext\es-es.reg</File>
        <File>C:\Program Files\PeaZip\res\share\lang-wincontext\es-la.reg</File>
        <File>C:\Program Files\PeaZip\res\share\lang-wincontext\eu.reg</File>
        <File>C:\Program Files\PeaZip\res\share\lang-wincontext\fi.reg</File>
        <File>C:\Program Files\PeaZip\res\share\lang-wincontext\fr.reg</File>
        <File>C:\Program Files\PeaZip\res\share\lang-wincontext\fr_alt.reg</File>
        <File>C:\Program Files\PeaZip\res\share\lang-wincontext\gr.reg</File>
        <File>C:\Program Files\PeaZip\res\share\lang-wincontext\hu.reg</File>
        <File>C:\Program Files\PeaZip\res\share\lang-wincontext\id.reg</File>
        <File>C:\Program Files\PeaZip\res\share\lang-wincontext\it.reg</File>
        <File>C:\Program Files\PeaZip\res\share\lang-wincontext\ja.reg</File>
        <File>C:\Program Files\PeaZip\res\share\lang-wincontext\lv.reg</File>
        <File>C:\Program Files\PeaZip\res\share\lang-wincontext\nl.reg</File>
        <File>C:\Program Files\PeaZip\res\share\lang-wincontext\pl.reg</File>
        <File>C:\Program Files\PeaZip\res\share\lang-wincontext\pt-br.reg</File>
        <File>C:\Program Files\PeaZip\res\share\lang-wincontext\pt-pt.reg</File>
        <File>C:\Program Files\PeaZip\res\share\lang-wincontext\ru.reg</File>
        <File>C:\Program Files\PeaZip\res\share\lang-wincontext\sl.reg</File>
        <File>C:\Program Files\PeaZip\res\share\lang-wincontext\sv.reg</File>
        <File>C:\Program Files\PeaZip\res\share\lang-wincontext\tr.reg</File>
        <File>C:\Program Files\PeaZip\res\share\lang-wincontext\uk.reg</File>
        <File>C:\Program Files\PeaZip\res\share\lang\ar.txt</File>
        <File>C:\Program Files\PeaZip\res\share\lang\bg.txt</File>
        <File>C:\Program Files\PeaZip\res\share\lang\by-cr.txt</File>
        <File>C:\Program Files\PeaZip\res\share\lang\by-lt.txt</File>
        <File>C:\Program Files\PeaZip\res\share\lang\ca.txt</File>
        <File>C:\Program Files\PeaZip\res\share\lang\chs.txt</File>
        <File>C:\Program Files\PeaZip\res\share\lang\cht.txt</File>
        <File>C:\Program Files\PeaZip\res\share\lang\cz.txt</File>
        <File>C:\Program Files\PeaZip\res\share\lang\de-uml.txt</File>
        <File>C:\Program Files\PeaZip\res\share\lang\default.txt</File>
        <File>C:\Program Files\PeaZip\res\share\lang\en-gb.txt</File>
        <File>C:\Program Files\PeaZip\res\share\lang\en.txt</File>
        <File>C:\Program Files\PeaZip\res\share\lang\es-es.txt</File>
        <File>C:\Program Files\PeaZip\res\share\lang\es-la.txt</File>
        <File>C:\Program Files\PeaZip\res\share\lang\eu.txt</File>
        <File>C:\Program Files\PeaZip\res\share\lang\fi.txt</File>
        <File>C:\Program Files\PeaZip\res\share\lang\fr.txt</File>
        <File>C:\Program Files\PeaZip\res\share\lang\gl.txt</File>
        <File>C:\Program Files\PeaZip\res\share\lang\gr.txt</File>
        <File>C:\Program Files\PeaZip\res\share\lang\he-prototype.txt</File>
        <File>C:\Program Files\PeaZip\res\share\lang\hu.txt</File>
        <File>C:\Program Files\PeaZip\res\share\lang\id.txt</File>
        <File>C:\Program Files\PeaZip\res\share\lang\it.txt</File>
        <File>C:\Program Files\PeaZip\res\share\lang\ja.txt</File>
        <File>C:\Program Files\PeaZip\res\share\lang\ko.txt</File>
        <File>C:\Program Files\PeaZip\res\share\lang\lv.txt</File>
        <File>C:\Program Files\PeaZip\res\share\lang\nl.txt</File>
        <File>C:\Program Files\PeaZip\res\share\lang\no.txt</File>
        <File>C:\Program Files\PeaZip\res\share\lang\pl.txt</File>
        <File>C:\Program Files\PeaZip\res\share\lang\pt-br.txt</File>
        <File>C:\Program Files\PeaZip\res\share\lang\pt-pt.txt</File>
        <File>C:\Program Files\PeaZip\res\share\lang\ro.txt</File>
        <File>C:\Program Files\PeaZip\res\share\lang\ru.txt</File>
        <File>C:\Program Files\PeaZip\res\share\lang\si.txt</File>
        <File>C:\Program Files\PeaZip\res\share\lang\sk.txt</File>
        <File>C:\Program Files\PeaZip\res\share\lang\sl.txt</File>
        <File>C:\Program Files\PeaZip\res\share\lang\sv.txt</File>
        <File>C:\Program Files\PeaZip\res\share\lang\tj.txt</File>
        <File>C:\Program Files\PeaZip\res\share\lang\tr.txt</File>
        <File>C:\Program Files\PeaZip\res\share\lang\uk.txt</File>
        <File>C:\Program Files\PeaZip\res\share\lang\uz.txt</File>
        <File>C:\Program Files\PeaZip\res\share\lang\vn.txt</File>
        <File>C:\Program Files\PeaZip\res\share\peazip_help.pdf</File>
        <File>C:\Program Files\PeaZip\res\share\presets\0.txt</File>
        <File>C:\Program Files\PeaZip\res\share\presets\1.txt</File>
        <File>C:\Program Files\PeaZip\res\share\presets\10.txt</File>
        <File>C:\Program Files\PeaZip\res\share\presets\11.txt</File>
        <File>C:\Program Files\PeaZip\res\share\presets\12.txt</File>
        <File>C:\Program Files\PeaZip\res\share\presets\13.txt</File>
        <File>C:\Program Files\PeaZip\res\share\presets\14.txt</File>
        <File>C:\Program Files\PeaZip\res\share\presets\15.txt</File>
        <File>C:\Program Files\PeaZip\res\share\presets\2.txt</File>
        <File>C:\Program Files\PeaZip\res\share\presets\3.txt</File>
        <File>C:\Program Files\PeaZip\res\share\presets\4.txt</File>
        <File>C:\Program Files\PeaZip\res\share\presets\5.txt</File>
        <File>C:\Program Files\PeaZip\res\share\presets\6.txt</File>
        <File>C:\Program Files\PeaZip\res\share\presets\7.txt</File>
        <File>C:\Program Files\PeaZip\res\share\presets\8.txt</File>
        <File>C:\Program Files\PeaZip\res\share\presets\9.txt</File>
        <File>C:\Program Files\PeaZip\res\share\presets\alt\11.txt</File>
        <File>C:\Program Files\PeaZip\res\share\presets\alt\12.txt</File>
        <File>C:\Program Files\PeaZip\res\share\presets\custom\cb7.txt</File>
        <File>C:\Program Files\PeaZip\res\share\presets\custom\cbr.txt</File>
        <File>C:\Program Files\PeaZip\res\share\presets\custom\cbt.txt</File>
        <File>C:\Program Files\PeaZip\res\share\presets\custom\cbz.txt</File>
        <File>C:\Program Files\PeaZip\res\share\readme\readme_Linux.txt</File>
        <File>C:\Program Files\PeaZip\res\share\readme\readme_Windows.txt</File>
        <File>C:\Program Files\PeaZip\res\share\readme\readme_macOS.txt</File>
        <File>C:\Program Files\PeaZip\res\share\themes\different.theme.7z</File>
        <File>C:\Program Files\PeaZip\res\share\themes\droid.theme.7z</File>
        <File>C:\Program Files\PeaZip\res\share\themes\main-embedded\fm-theme.bmp</File>
        <File>C:\Program Files\PeaZip\res\share\themes\main-embedded\readme.txt</File>
        <File>C:\Program Files\PeaZip\res\share\themes\main.theme.7z</File>
        <File>C:\Program Files\PeaZip\res\share\themes\nographic-embedded\fm-theme.bmp</File>
        <File>C:\Program Files\PeaZip\res\share\themes\nographic-embedded\readme.txt</File>
        <File>C:\Program Files\PeaZip\res\share\themes\ten.theme.7z</File>
        <File>C:\Program Files\PeaZip\res\share\themes\tuxedo-alt.theme.7z</File>
        <File>C:\Program Files\PeaZip\res\share\themes\tuxedo.theme.7z</File>
        <File>C:\Program Files\PeaZip\unins000.exe</File>
        <File>C:\ProgramData\Microsoft\Windows\Start Menu\Programs\PeaZip\Add to archive.lnk</File>
        <File>C:\ProgramData\Microsoft\Windows\Start Menu\Programs\PeaZip\Configure PeaZip.lnk</File>
        <File>C:\ProgramData\Microsoft\Windows\Start Menu\Programs\PeaZip\Extract here (smart new folder).lnk</File>
        <File>C:\ProgramData\Microsoft\Windows\Start Menu\Programs\PeaZip\Extract....lnk</File>
        <File>C:\ProgramData\Microsoft\Windows\Start Menu\Programs\PeaZip\Open as archive.lnk</File>
        <File>C:\ProgramData\Microsoft\Windows\Start Menu\Programs\PeaZip\PeaZip on the Web.lnk</File>
        <File>C:\ProgramData\Microsoft\Windows\Start Menu\Programs\PeaZip\PeaZip.lnk</File>
        <File>C:\ProgramData\Microsoft\Windows\Start Menu\Programs\PeaZip\Uninstall PeaZip.lnk</File>
        <File>C:\Users\71288\AppData\Roaming\Microsoft\Windows\SendTo\Add to archive.lnk</File>
        <File>C:\Users\71288\AppData\Roaming\doublecmd\doublecmd.xml</File>
        <File>C:\Users\71288\AppData\Roaming\doublecmd\history.xml</File>
    </Files>
    <RegistryKeys>
        <Key>HKEY_LOCAL_MACHINE\SOFTWARE\Microsoft\Windows\CurrentVersion\Uninstall\{5A2BC38A-406C-4A5B-BF45-6991F9A05325}_is1</Key>
    </RegistryKeys>
</ProgramTraces>
