<?xml version="1.0" encoding="UTF-8" ?>
<ProgramTraces version="1">
    <Folders>
        <Folder>C:\Program Files\SoftPerfect RAM Disk</Folder>
        <Folder>C:\ProgramData\Microsoft\Windows\Start Menu\Programs\SoftPerfect RAM Disk</Folder>
        <Folder>C:\ProgramData\SoftPerfect</Folder>
        <Folder>Y:\temp</Folder>
        <Folder>Y:\tmp</Folder>
    </Folders>
    <Files>
        <File>C:\ProgramData\Intel\ShaderCache\ramdisk_1</File>
        <File>C:\Windows\System32\drivers\spvve.sys</File>
        <File>D:\disk_d\Документы\Хеши_и_настройки\SoftPerfect Ram.xml</File>
    </Files>
    <RegistryKeys>
        <Key>HKEY_CURRENT_USER\SOFTWARE\SoftPerfect</Key>
        <Key>HKEY_LOCAL_MACHINE\SOFTWARE\Microsoft\Cryptography\OID\EncodingType 0\CryptDllFindOIDInfo\1.3.6.1.4.1.311.60.3.1!7</Key>
        <Key>HKEY_LOCAL_MACHINE\SOFTWARE\Microsoft\Cryptography\OID\EncodingType 0\CryptDllFindOIDInfo\1.3.6.1.4.1.311.60.3.2!7</Key>
        <Key>HKEY_LOCAL_MACHINE\SOFTWARE\Microsoft\Cryptography\OID\EncodingType 0\CryptDllFindOIDInfo\1.3.6.1.4.1.311.60.3.3!7</Key>
        <Key>HKEY_LOCAL_MACHINE\SOFTWARE\Microsoft\SystemCertificates\TrustedPublisher\Certificates\25225159604708B13F8E593B9C51D46C9964EFFA</Key>
        <Key>HKEY_LOCAL_MACHINE\SOFTWARE\Microsoft\SystemCertificates\TrustedPublisher\Certificates\D72CE3CEDE7F5E421F4C03189C63E89C9FBA4C01</Key>
        <Key>HKEY_LOCAL_MACHINE\SOFTWARE\Microsoft\Windows\CurrentVersion\Uninstall\{33A14ED9-0340-4193-BEDB-B95BC8196182}_is1</Key>
        <Key>HKEY_LOCAL_MACHINE\SYSTEM\ControlSet001\Enum\ROOT\SCSIADAPTER</Key>
        <Key>HKEY_LOCAL_MACHINE\SYSTEM\ControlSet001\Enum\SPVD\00000000\5&amp;101d9493&amp;0&amp;6&amp;0\Device Parameters\Disk</Key>
        <Key>HKEY_LOCAL_MACHINE\SYSTEM\ControlSet001\Enum\SPVD\00000001\5&amp;101d9493&amp;0&amp;6&amp;1\Device Parameters\Disk</Key>
        <Key>HKEY_LOCAL_MACHINE\SYSTEM\ControlSet001\Enum\SPVD\00000002\5&amp;101d9493&amp;0&amp;6&amp;2\Device Parameters\Disk</Key>
    </RegistryKeys>
    <RegistryValues>
        <Value Key="HKEY_CURRENT_USER\SOFTWARE\Microsoft\Windows\CurrentVersion\Explorer\ComDlg32\CIDSizeMRU">27</Value>
        <Value Key="HKEY_CURRENT_USER\SOFTWARE\Microsoft\Windows\CurrentVersion\Explorer\ComDlg32\LastVisitedPidlMRU">1</Value>
        <Value Key="HKEY_CURRENT_USER\SOFTWARE\Microsoft\Windows\CurrentVersion\Explorer\ComDlg32\OpenSavePidlMRU\*">3</Value>
        <Value Key="HKEY_CURRENT_USER\SOFTWARE\Microsoft\Windows\CurrentVersion\Explorer\ComDlg32\OpenSavePidlMRU\xml">0</Value>
        <Value Key="HKEY_CURRENT_USER\Software\Classes\Local Settings\MuiCache\21d\B1A07F78">@%SystemRoot%\System32\CertCA.dll,-304</Value>
        <Value Key="HKEY_CURRENT_USER\Software\Classes\Local Settings\MuiCache\21d\B1A07F78">@%SystemRoot%\System32\CertCA.dll,-305</Value>
        <Value Key="HKEY_CURRENT_USER\Software\Classes\Local Settings\MuiCache\21d\B1A07F78">@%SystemRoot%\System32\SessEnv.dll,-101</Value>
        <Value Key="HKEY_CURRENT_USER\Software\Classes\Local Settings\MuiCache\21d\B1A07F78">@%systemroot%\system32\wsdapi.dll,-200</Value>
        <Value Key="HKEY_CURRENT_USER\Software\Classes\Local Settings\MuiCache\21d\B1A07F78">@C:\Windows\System32\AppxPackaging.dll,-1001</Value>
        <Value Key="HKEY_LOCAL_MACHINE\SOFTWARE\Microsoft\Windows\CurrentVersion\Run">SoftPerfectRamDisk</Value>
        <Value Key="HKEY_LOCAL_MACHINE\SYSTEM\MountedDevices">\DosDevices\Y:</Value>
    </RegistryValues>
</ProgramTraces>
