<?xml version="1.0" encoding="UTF-8" ?>
<ProgramTraces version="1">
    <Folders>
        <Folder>C:\Users\71288\AppData\Roaming\Microsoft\Windows\Start Menu\Programs\Total Commander</Folder>
        <Folder>D:\Total</Folder>
        <Folder>D:\sys\tmp\UninstallToolPortableTemp\ip</Folder>
    </Folders>
    <Files>
        <File>C:\Users\71288\AppData\Local\Microsoft\Windows\INetCache\IE\5IWGG16B\blank[2].png</File>
        <File>C:\Users\71288\AppData\Local\Microsoft\Windows\INetCache\IE\5IWGG16B\ga[1].htm</File>
        <File>C:\Users\71288\AppData\Roaming\InstallPack\logs\latest.json</File>
        <File>C:\Users\71288\AppData\Roaming\InstallPack\temp\wget_finished_41567.txt</File>
        <File>C:\Users\71288\AppData\Roaming\InstallPack\temp\wget_log_41567.log</File>
        <File>C:\Users\71288\Desktop\Total Commander 64 bit.lnk</File>
        <File>C:\Users\71288\Desktop\Total Commander.lnk</File>
    </Files>
    <RegistryKeys>
        <Key>HKEY_CURRENT_USER\Software\Ghisler</Key>
        <Key>HKEY_LOCAL_MACHINE\SOFTWARE\Ghisler</Key>
        <Key>HKEY_LOCAL_MACHINE\SOFTWARE\Microsoft\Windows\CurrentVersion\Uninstall\Totalcmd64</Key>
        <Key>HKEY_LOCAL_MACHINE\SOFTWARE\WOW6432Node\Ghisler</Key>
    </RegistryKeys>
</ProgramTraces>
