<?xml version="1.0" encoding="UTF-8" ?>
<ProgramTraces version="1">
    <Folders>
        <Folder>C:\Program Files\StarWind Software</Folder>
        <Folder>C:\ProgramData\Microsoft\Windows\Start Menu\Programs\StarWind Software</Folder>
    </Folders>
    <Files>
        <File>C:\Users\71288\AppData\Local\StarRAM.log</File>
        <File>C:\Users\71288\AppData\Roaming\doublecmd\doublecmd.xml</File>
        <File>C:\Users\71288\AppData\Roaming\doublecmd\history.xml</File>
        <File>C:\Users\71288\Desktop\StarWind RAM Disk.lnk</File>
    </Files>
    <RegistryKeys>
        <Key>HKEY_CURRENT_USER\Software\StarWind Software</Key>
        <Key>HKEY_LOCAL_MACHINE\SOFTWARE\Microsoft\Windows\CurrentVersion\Uninstall\StarWind RAM Disk_is1</Key>
        <Key>HKEY_LOCAL_MACHINE\SOFTWARE\WOW6432Node\StarWind Software</Key>
        <Key>HKEY_LOCAL_MACHINE\SYSTEM\ControlSet001\Enum\ROOT\SCSIADAPTER\0001</Key>
        <Key>HKEY_LOCAL_MACHINE\SYSTEM\ControlSet001\Services\StarRAM</Key>
        <Key>HKEY_LOCAL_MACHINE\SYSTEM\ControlSet001\Services\StarRAMService\Parameters</Key>
    </RegistryKeys>
</ProgramTraces>
