<?xml version="1.0" encoding="UTF-8" ?>
<ProgramTraces version="1">
    <Folders>
        <Folder>C:\Program Files (x86)\Common Files\ThinPrint</Folder>
        <Folder>C:\Program Files (x86)\Common Files\VMware\USB</Folder>
        <Folder>C:\Program Files (x86)\VMware</Folder>
        <Folder>C:\Program Files\Common Files\VMware</Folder>
        <Folder>C:\ProgramData\Microsoft\Windows\Start Menu\Programs\VMware</Folder>
        <Folder>C:\ProgramData\VMware\VMware KVM</Folder>
        <Folder>C:\ProgramData\VMware\VMware Player</Folder>
        <Folder>C:\ProgramData\VMware\VMware USB Arbitration Service</Folder>
        <Folder>C:\ProgramData\VMware\VMware Workstation</Folder>
        <Folder>C:\ProgramData\VMware\vnckeymap</Folder>
        <Folder>C:\Users\71288\AppData\Local\VMware</Folder>
        <Folder>C:\Users\71288\AppData\Roaming\VMware</Folder>
        <Folder>C:\Windows\INF\VMware</Folder>
        <Folder>C:\Windows\Installer\{800EB62F-5611-460B-9414-1808D15CA7BB}</Folder>
        <Folder>C:\Windows\System32\DRVSTORE\hcmon_EBDC210A1CA248D9B4B02D065694F60B820B457D</Folder>
        <Folder>C:\Windows\System32\DRVSTORE\netuserif_596465B37F6C686158B3D1591036405ECBCF0C38</Folder>
        <Folder>C:\Windows\System32\DRVSTORE\vmx86_45A48405ADA60B9B2ACB6884EE3DC4EEA2B11FD4</Folder>
        <Folder>C:\Windows\System32\DRVSTORE\vsock_1EED32398126AE2A8023E14A753EBA4A0FC5CC5E</Folder>
        <Folder>D:\sys\tmp\NWMC1F9.tmp.dir</Folder>
        <Folder>D:\sys\tmp\UninstallToolPortableTemp\vmware-71288</Folder>
    </Folders>
    <Files>
        <File>C:\ProgramData\VMware\logs\vmmsi.log_20210919_004601.log</File>
        <File>C:\ProgramData\VMware\vmnetdhcp.conf</File>
        <File>C:\ProgramData\VMware\vmnetnat.conf</File>
        <File>C:\Users\71288\AppData\Roaming\Microsoft\Windows\Recent\CustomDestinations\50620fe75ee0093.customDestinations-ms</File>
        <File>C:\Users\Public\Desktop\VMware Workstation 16 Player.lnk</File>
        <File>C:\Windows\INF\oem138.PNF</File>
        <File>C:\Windows\INF\oem139.PNF</File>
        <File>C:\Windows\INF\oem142.PNF</File>
        <File>C:\Windows\INF\oem144.PNF</File>
        <File>C:\Windows\INF\oem148.PNF</File>
        <File>C:\Windows\INF\oem149.PNF</File>
        <File>C:\Windows\INF\oem150.PNF</File>
        <File>C:\Windows\INF\oem151.PNF</File>
        <File>C:\Windows\INF\oem16.PNF</File>
        <File>C:\Windows\INF\oem5.PNF</File>
        <File>C:\Windows\Installer\112da4b.msi</File>
        <File>C:\Windows\Installer\SourceHash{800EB62F-5611-460B-9414-1808D15CA7BB}</File>
        <File>C:\Windows\SysWOW64\PerfStringBackup.INI</File>
        <File>C:\Windows\SysWOW64\vmnat.exe</File>
        <File>C:\Windows\SysWOW64\vmnetdhcp.exe</File>
        <File>C:\Windows\SysWOW64\vsocklib.dll</File>
        <File>C:\Windows\System32\DriverStore\FileRepository\netadapter.inf_amd64_8e12d1edcc9e768d\netadapter.PNF</File>
        <File>C:\Windows\System32\DriverStore\FileRepository\netbridge.inf_amd64_9204dc61a7dee6f3\netbridge.PNF</File>
        <File>C:\Windows\System32\DriverStore\FileRepository\vmci.inf_amd64_5e38a278d114b813\vmci.PNF</File>
        <File>C:\Windows\System32\drivers\hcmon.sys</File>
        <File>C:\Windows\System32\drivers\vmnet.sys</File>
        <File>C:\Windows\System32\drivers\vmnetbridge.sys</File>
        <File>C:\Windows\System32\drivers\vmnetuserif.sys</File>
        <File>C:\Windows\System32\drivers\vmx86.sys</File>
        <File>C:\Windows\System32\drivers\vsock.sys</File>
        <File>C:\Windows\System32\vmnetbridge.dll</File>
        <File>C:\Windows\System32\vnetinst.dll</File>
        <File>C:\Windows\System32\vnetlib64.dll</File>
        <File>C:\Windows\System32\vsocklib.dll</File>
        <File>D:\disk_d\Загрузки\macOS Mojave\macOS Mojave.nvram</File>
        <File>D:\disk_d\Загрузки\macOS Mojave\macOS Mojave.vmsd</File>
        <File>D:\disk_d\Загрузки\macOS Mojave\macOS Mojave.vmx</File>
        <File>D:\disk_d\Загрузки\macOS Mojave\macOS Mojave.vmxf</File>
        <File>D:\sys\tmp\UninstallToolPortableTemp\dd_vcredist_amd64_20210919004414.log</File>
        <File>D:\sys\tmp\UninstallToolPortableTemp\dd_vcredist_x86_20210919004410.log</File>
        <File>D:\sys\tmp\UninstallToolPortableTemp\vminst.log</File>
        <File>D:\sys\tmp\UninstallToolPortableTemp\vmmsi.log_20210919_004601.log</File>
    </Files>
    <RegistryKeys>
        <Key>HKEY_CURRENT_USER\SOFTWARE\Microsoft\VMware Player</Key>
        <Key>HKEY_CURRENT_USER\SOFTWARE\Microsoft\VMware Workstation</Key>
        <Key>HKEY_CURRENT_USER\SOFTWARE\Microsoft\Windows\CurrentVersion\Explorer\ComDlg32\OpenSavePidlMRU\vmx</Key>
        <Key>HKEY_CURRENT_USER\SOFTWARE\VMware, Inc.</Key>
        <Key>HKEY_CURRENT_USER\Software\Classes\Local Settings\Software\Microsoft\Windows\Shell\BagMRU\0\5\2\2\52</Key>
        <Key>HKEY_CURRENT_USER\Software\Classes\Local Settings\Software\Microsoft\Windows\Shell\Bags\2421</Key>
        <Key>HKEY_LOCAL_MACHINE\SOFTWARE\Classes\.ova</Key>
        <Key>HKEY_LOCAL_MACHINE\SOFTWARE\Classes\.ovf</Key>
        <Key>HKEY_LOCAL_MACHINE\SOFTWARE\Classes\.vmdk</Key>
        <Key>HKEY_LOCAL_MACHINE\SOFTWARE\Classes\.vmsn</Key>
        <Key>HKEY_LOCAL_MACHINE\SOFTWARE\Classes\.vmss</Key>
        <Key>HKEY_LOCAL_MACHINE\SOFTWARE\Classes\.vmx</Key>
        <Key>HKEY_LOCAL_MACHINE\SOFTWARE\Classes\AppID\Elevated.DLL</Key>
        <Key>HKEY_LOCAL_MACHINE\SOFTWARE\Classes\AppID\vmdkShellExt64.dll</Key>
        <Key>HKEY_LOCAL_MACHINE\SOFTWARE\Classes\AppID\vmware-shell-ext-thunker.exe</Key>
        <Key>HKEY_LOCAL_MACHINE\SOFTWARE\Classes\AppID\{13B6B196-AD7B-4C7F-9BDC-B1CB2EE86552}</Key>
        <Key>HKEY_LOCAL_MACHINE\SOFTWARE\Classes\AppID\{4CEBF0FC-921E-4B93-9510-4757B1F8FE12}</Key>
        <Key>HKEY_LOCAL_MACHINE\SOFTWARE\Classes\AppID\{89BCC345-B9EE-4553-8955-07FCEAF6EF77}</Key>
        <Key>HKEY_LOCAL_MACHINE\SOFTWARE\Classes\Applications\vmplayer.exe</Key>
        <Key>HKEY_LOCAL_MACHINE\SOFTWARE\Classes\CLSID\{3d09c1ca-2bcc-40b7-b9bb-3f3ec143a87b}</Key>
        <Key>HKEY_LOCAL_MACHINE\SOFTWARE\Classes\CLSID\{E4D28EDC-8C0B-43EE-9E7D-C8A8682334DC}</Key>
        <Key>HKEY_LOCAL_MACHINE\SOFTWARE\Classes\Drive\shellex\ContextMenuHandlers\VMDiskMenuHandler</Key>
        <Key>HKEY_LOCAL_MACHINE\SOFTWARE\Classes\Drive\shellex\ContextMenuHandlers\VMDiskMenuHandler64</Key>
        <Key>HKEY_LOCAL_MACHINE\SOFTWARE\Classes\Elevated.ElevMgr</Key>
        <Key>HKEY_LOCAL_MACHINE\SOFTWARE\Classes\Elevated.ElevMgr.1</Key>
        <Key>HKEY_LOCAL_MACHINE\SOFTWARE\Classes\Elevated.HostDeviceInfos</Key>
        <Key>HKEY_LOCAL_MACHINE\SOFTWARE\Classes\Elevated.HostDeviceInfos.1</Key>
        <Key>HKEY_LOCAL_MACHINE\SOFTWARE\Classes\Elevated.VMXCreator</Key>
        <Key>HKEY_LOCAL_MACHINE\SOFTWARE\Classes\Elevated.VMXCreator.1</Key>
        <Key>HKEY_LOCAL_MACHINE\SOFTWARE\Classes\Installer\Features\F26BE0081165B064494181801DC57ABB</Key>
        <Key>HKEY_LOCAL_MACHINE\SOFTWARE\Classes\Installer\Products\F26BE0081165B064494181801DC57ABB</Key>
        <Key>HKEY_LOCAL_MACHINE\SOFTWARE\Classes\Installer\UpgradeCodes\AD923712AF242E112BF6AF4F068807B9</Key>
        <Key>HKEY_LOCAL_MACHINE\SOFTWARE\Classes\Interface\{1A686E3A-D57E-4B5C-A0A1-68D9BAB64C82}</Key>
        <Key>HKEY_LOCAL_MACHINE\SOFTWARE\Classes\Interface\{1D13A2B9-8840-48BA-AC5E-B096A1182F2F}</Key>
        <Key>HKEY_LOCAL_MACHINE\SOFTWARE\Classes\Interface\{2E121723-EB62-476B-B55C-B14FCE7EACF5}</Key>
        <Key>HKEY_LOCAL_MACHINE\SOFTWARE\Classes\Interface\{2E121724-EB62-476B-B55C-B14FCE7EACF5}</Key>
        <Key>HKEY_LOCAL_MACHINE\SOFTWARE\Classes\Interface\{35FCE01E-8917-496E-A509-497C5F2FA365}</Key>
        <Key>HKEY_LOCAL_MACHINE\SOFTWARE\Classes\Interface\{44D04155-1876-4BC0-AA9D-A8616F36C601}</Key>
        <Key>HKEY_LOCAL_MACHINE\SOFTWARE\Classes\Interface\{4548A7B2-5C17-400E-8D62-84DB4D79221F}</Key>
        <Key>HKEY_LOCAL_MACHINE\SOFTWARE\Classes\Interface\{724E960E-F6FC-43F5-AF3F-98319A1306EF}</Key>
        <Key>HKEY_LOCAL_MACHINE\SOFTWARE\Classes\Interface\{7264C314-E7F0-47F6-BDEA-CDC806DA2CD1}</Key>
        <Key>HKEY_LOCAL_MACHINE\SOFTWARE\Classes\Interface\{87C1D1F5-564D-4E72-9AF7-E9D6211225F0}</Key>
        <Key>HKEY_LOCAL_MACHINE\SOFTWARE\Classes\Interface\{89446985-4172-4883-A710-158277FCBF7B}</Key>
        <Key>HKEY_LOCAL_MACHINE\SOFTWARE\Classes\Interface\{934FE3AB-EE0C-411C-8CBD-AC73F809457F}</Key>
        <Key>HKEY_LOCAL_MACHINE\SOFTWARE\Classes\Interface\{C20C19CE-FBF7-42CD-973A-6ACB5BBEFB9C}</Key>
        <Key>HKEY_LOCAL_MACHINE\SOFTWARE\Classes\Interface\{CA7F48B7-D5BF-4F7D-8C12-8EEDF60AB7F4}</Key>
        <Key>HKEY_LOCAL_MACHINE\SOFTWARE\Classes\Interface\{D0F223F1-7DB1-44CA-BED8-3406303FE26F}</Key>
        <Key>HKEY_LOCAL_MACHINE\SOFTWARE\Classes\Interface\{E459BB84-7D3A-4FDD-B1E5-969E88F61DB6}</Key>
        <Key>HKEY_LOCAL_MACHINE\SOFTWARE\Classes\Interface\{F9A6DAE7-CF0E-4D39-A914-B054FC37C99F}</Key>
        <Key>HKEY_LOCAL_MACHINE\SOFTWARE\Classes\Interface\{FCF091A9-85F7-4EDA-84A9-D09AFA9B057E}</Key>
        <Key>HKEY_LOCAL_MACHINE\SOFTWARE\Classes\TypeLib\{16A76DDB-46C2-4AB4-9A74-755B80DDEB4E}</Key>
        <Key>HKEY_LOCAL_MACHINE\SOFTWARE\Classes\TypeLib\{68C57A6A-2F94-4D7A-A1F9-3433C46E6D0F}</Key>
        <Key>HKEY_LOCAL_MACHINE\SOFTWARE\Classes\TypeLib\{FA607407-E944-4381-8F79-B01080035288}</Key>
        <Key>HKEY_LOCAL_MACHINE\SOFTWARE\Classes\VMware.Document</Key>
        <Key>HKEY_LOCAL_MACHINE\SOFTWARE\Classes\VMware.OVAPackage</Key>
        <Key>HKEY_LOCAL_MACHINE\SOFTWARE\Classes\VMware.OVFPackage</Key>
        <Key>HKEY_LOCAL_MACHINE\SOFTWARE\Classes\VMware.Snapshot</Key>
        <Key>HKEY_LOCAL_MACHINE\SOFTWARE\Classes\VMware.SuspendState</Key>
        <Key>HKEY_LOCAL_MACHINE\SOFTWARE\Classes\VMware.VirtualDisk</Key>
        <Key>HKEY_LOCAL_MACHINE\SOFTWARE\Classes\WOW6432Node\CLSID\{0FCBEDD8-A1E5-4D75-9E21-C744577E36DB}</Key>
        <Key>HKEY_LOCAL_MACHINE\SOFTWARE\Classes\WOW6432Node\CLSID\{271DC252-6FE1-4D59-9053-E4CF50AB99DE}</Key>
        <Key>HKEY_LOCAL_MACHINE\SOFTWARE\Classes\WOW6432Node\CLSID\{420F0000-71EB-4757-B979-418F039FC1F9}</Key>
        <Key>HKEY_LOCAL_MACHINE\SOFTWARE\Classes\WOW6432Node\CLSID\{BC1F4B6F-13AB-4239-8C79-D6DCADC52BAA}</Key>
        <Key>HKEY_LOCAL_MACHINE\SOFTWARE\Classes\WOW6432Node\CLSID\{DFC76A6B-4873-458C-AB00-40B1FC028001}</Key>
        <Key>HKEY_LOCAL_MACHINE\SOFTWARE\Classes\WOW6432Node\Interface\{1A686E3A-D57E-4B5C-A0A1-68D9BAB64C82}</Key>
        <Key>HKEY_LOCAL_MACHINE\SOFTWARE\Classes\WOW6432Node\Interface\{1D13A2B9-8840-48BA-AC5E-B096A1182F2F}</Key>
        <Key>HKEY_LOCAL_MACHINE\SOFTWARE\Classes\WOW6432Node\Interface\{2E121723-EB62-476B-B55C-B14FCE7EACF5}</Key>
        <Key>HKEY_LOCAL_MACHINE\SOFTWARE\Classes\WOW6432Node\Interface\{2E121724-EB62-476B-B55C-B14FCE7EACF5}</Key>
        <Key>HKEY_LOCAL_MACHINE\SOFTWARE\Classes\WOW6432Node\Interface\{35FCE01E-8917-496E-A509-497C5F2FA365}</Key>
        <Key>HKEY_LOCAL_MACHINE\SOFTWARE\Classes\WOW6432Node\Interface\{44D04155-1876-4BC0-AA9D-A8616F36C601}</Key>
        <Key>HKEY_LOCAL_MACHINE\SOFTWARE\Classes\WOW6432Node\Interface\{4548A7B2-5C17-400E-8D62-84DB4D79221F}</Key>
        <Key>HKEY_LOCAL_MACHINE\SOFTWARE\Classes\WOW6432Node\Interface\{724E960E-F6FC-43F5-AF3F-98319A1306EF}</Key>
        <Key>HKEY_LOCAL_MACHINE\SOFTWARE\Classes\WOW6432Node\Interface\{7264C314-E7F0-47F6-BDEA-CDC806DA2CD1}</Key>
        <Key>HKEY_LOCAL_MACHINE\SOFTWARE\Classes\WOW6432Node\Interface\{87C1D1F5-564D-4E72-9AF7-E9D6211225F0}</Key>
        <Key>HKEY_LOCAL_MACHINE\SOFTWARE\Classes\WOW6432Node\Interface\{89446985-4172-4883-A710-158277FCBF7B}</Key>
        <Key>HKEY_LOCAL_MACHINE\SOFTWARE\Classes\WOW6432Node\Interface\{934FE3AB-EE0C-411C-8CBD-AC73F809457F}</Key>
        <Key>HKEY_LOCAL_MACHINE\SOFTWARE\Classes\WOW6432Node\Interface\{C20C19CE-FBF7-42CD-973A-6ACB5BBEFB9C}</Key>
        <Key>HKEY_LOCAL_MACHINE\SOFTWARE\Classes\WOW6432Node\Interface\{CA7F48B7-D5BF-4F7D-8C12-8EEDF60AB7F4}</Key>
        <Key>HKEY_LOCAL_MACHINE\SOFTWARE\Classes\WOW6432Node\Interface\{D0F223F1-7DB1-44CA-BED8-3406303FE26F}</Key>
        <Key>HKEY_LOCAL_MACHINE\SOFTWARE\Classes\WOW6432Node\Interface\{E459BB84-7D3A-4FDD-B1E5-969E88F61DB6}</Key>
        <Key>HKEY_LOCAL_MACHINE\SOFTWARE\Classes\WOW6432Node\Interface\{F9A6DAE7-CF0E-4D39-A914-B054FC37C99F}</Key>
        <Key>HKEY_LOCAL_MACHINE\SOFTWARE\Classes\WOW6432Node\Interface\{FCF091A9-85F7-4EDA-84A9-D09AFA9B057E}</Key>
        <Key>HKEY_LOCAL_MACHINE\SOFTWARE\Classes\vmrc</Key>
        <Key>HKEY_LOCAL_MACHINE\SOFTWARE\Classes\vmware-rvm</Key>
        <Key>HKEY_LOCAL_MACHINE\SOFTWARE\Microsoft\SystemCertificates\TrustedPublisher\Certificates\274FDA789F9D0F1DEA5AE443918D9EFC4F221141</Key>
        <Key>HKEY_LOCAL_MACHINE\SOFTWARE\Microsoft\SystemCertificates\TrustedPublisher\Certificates\40A149CE7CE886318EFA584C162D061143DFC25E</Key>
        <Key>HKEY_LOCAL_MACHINE\SOFTWARE\Microsoft\SystemCertificates\TrustedPublisher\Certificates\E4A2E2000A9A21B45EA38BF3A71C10270C6737AB</Key>
        <Key>HKEY_LOCAL_MACHINE\SOFTWARE\Microsoft\Windows\CurrentVersion\App Paths\TPPrintTicket.dll</Key>
        <Key>HKEY_LOCAL_MACHINE\SOFTWARE\Microsoft\Windows\CurrentVersion\App Paths\TPView.dll</Key>
        <Key>HKEY_LOCAL_MACHINE\SOFTWARE\Microsoft\Windows\CurrentVersion\App Paths\vmplayer.exe</Key>
        <Key>HKEY_LOCAL_MACHINE\SOFTWARE\Microsoft\Windows\CurrentVersion\DIFx\DriverStore\hcmon_EBDC210A1CA248D9B4B02D065694F60B820B457D</Key>
        <Key>HKEY_LOCAL_MACHINE\SOFTWARE\Microsoft\Windows\CurrentVersion\DIFx\DriverStore\netuserif_596465B37F6C686158B3D1591036405ECBCF0C38</Key>
        <Key>HKEY_LOCAL_MACHINE\SOFTWARE\Microsoft\Windows\CurrentVersion\DIFx\DriverStore\vmx86_45A48405ADA60B9B2ACB6884EE3DC4EEA2B11FD4</Key>
        <Key>HKEY_LOCAL_MACHINE\SOFTWARE\Microsoft\Windows\CurrentVersion\DIFx\DriverStore\vsock_1EED32398126AE2A8023E14A753EBA4A0FC5CC5E</Key>
        <Key>HKEY_LOCAL_MACHINE\SOFTWARE\Microsoft\Windows\CurrentVersion\DIFx\Services\VMnetUserif</Key>
        <Key>HKEY_LOCAL_MACHINE\SOFTWARE\Microsoft\Windows\CurrentVersion\DIFx\Services\hcmon</Key>
        <Key>HKEY_LOCAL_MACHINE\SOFTWARE\Microsoft\Windows\CurrentVersion\DIFx\Services\vmx86</Key>
        <Key>HKEY_LOCAL_MACHINE\SOFTWARE\Microsoft\Windows\CurrentVersion\DIFx\Services\vsock</Key>
        <Key>HKEY_LOCAL_MACHINE\SOFTWARE\Microsoft\Windows\CurrentVersion\Installer\UpgradeCodes\AD923712AF242E112BF6AF4F068807B9</Key>
        <Key>HKEY_LOCAL_MACHINE\SOFTWARE\Microsoft\Windows\CurrentVersion\Installer\UserData\S-1-5-18\Components\00BAEC1313E14A74AA2E4A73F3E660F8</Key>
        <Key>HKEY_LOCAL_MACHINE\SOFTWARE\Microsoft\Windows\CurrentVersion\Installer\UserData\S-1-5-18\Components\0169C1D42224F9E5C8B9FB998698E641</Key>
        <Key>HKEY_LOCAL_MACHINE\SOFTWARE\Microsoft\Windows\CurrentVersion\Installer\UserData\S-1-5-18\Components\018DAFDF91126DD4696A550302641F7A</Key>
        <Key>HKEY_LOCAL_MACHINE\SOFTWARE\Microsoft\Windows\CurrentVersion\Installer\UserData\S-1-5-18\Components\02CB7B6AB7A0CA245945C744386F31C3</Key>
        <Key>HKEY_LOCAL_MACHINE\SOFTWARE\Microsoft\Windows\CurrentVersion\Installer\UserData\S-1-5-18\Components\03302E1AF772D954CAFA5152A900CC5D</Key>
        <Key>HKEY_LOCAL_MACHINE\SOFTWARE\Microsoft\Windows\CurrentVersion\Installer\UserData\S-1-5-18\Components\0348B4A3BBC322240BB51899AD5E748D</Key>
        <Key>HKEY_LOCAL_MACHINE\SOFTWARE\Microsoft\Windows\CurrentVersion\Installer\UserData\S-1-5-18\Components\035FB961ACFE6AD4091D85289DD7DF86</Key>
        <Key>HKEY_LOCAL_MACHINE\SOFTWARE\Microsoft\Windows\CurrentVersion\Installer\UserData\S-1-5-18\Components\03BCBE47EB2DAAA54B9DF86E29199374</Key>
        <Key>HKEY_LOCAL_MACHINE\SOFTWARE\Microsoft\Windows\CurrentVersion\Installer\UserData\S-1-5-18\Components\03D8036DBE110994E8FB27F4576A9CC5</Key>
        <Key>HKEY_LOCAL_MACHINE\SOFTWARE\Microsoft\Windows\CurrentVersion\Installer\UserData\S-1-5-18\Components\04972FC890F3B7645A70A64C38083E30</Key>
        <Key>HKEY_LOCAL_MACHINE\SOFTWARE\Microsoft\Windows\CurrentVersion\Installer\UserData\S-1-5-18\Components\0518B7F9285689C4490F6E5A4706E354</Key>
        <Key>HKEY_LOCAL_MACHINE\SOFTWARE\Microsoft\Windows\CurrentVersion\Installer\UserData\S-1-5-18\Components\0559428EB0BB38B56B6C2B789B928C85</Key>
        <Key>HKEY_LOCAL_MACHINE\SOFTWARE\Microsoft\Windows\CurrentVersion\Installer\UserData\S-1-5-18\Components\06A1FEDE96EDFFE488BE75F5CAC9F875</Key>
        <Key>HKEY_LOCAL_MACHINE\SOFTWARE\Microsoft\Windows\CurrentVersion\Installer\UserData\S-1-5-18\Components\0737647B050E41E58ADF33610A08C285</Key>
        <Key>HKEY_LOCAL_MACHINE\SOFTWARE\Microsoft\Windows\CurrentVersion\Installer\UserData\S-1-5-18\Components\084DE7BAAEFC1F848AFA926EA8E87BDD</Key>
        <Key>HKEY_LOCAL_MACHINE\SOFTWARE\Microsoft\Windows\CurrentVersion\Installer\UserData\S-1-5-18\Components\089BB46CC718AA55B93B0BACD28875F9</Key>
        <Key>HKEY_LOCAL_MACHINE\SOFTWARE\Microsoft\Windows\CurrentVersion\Installer\UserData\S-1-5-18\Components\08F620B413DA6705C973018261FCC89B</Key>
        <Key>HKEY_LOCAL_MACHINE\SOFTWARE\Microsoft\Windows\CurrentVersion\Installer\UserData\S-1-5-18\Components\09C75DDDA38B3CF46858DD28D94A7BB2</Key>
        <Key>HKEY_LOCAL_MACHINE\SOFTWARE\Microsoft\Windows\CurrentVersion\Installer\UserData\S-1-5-18\Components\09F02A4B01CA33546BBDE73373625CB8</Key>
        <Key>HKEY_LOCAL_MACHINE\SOFTWARE\Microsoft\Windows\CurrentVersion\Installer\UserData\S-1-5-18\Components\0A0C7EC54158D8C56A97C3568D55483C</Key>
        <Key>HKEY_LOCAL_MACHINE\SOFTWARE\Microsoft\Windows\CurrentVersion\Installer\UserData\S-1-5-18\Components\0A1D269A49F0CA347B34B33D1D1F1E65</Key>
        <Key>HKEY_LOCAL_MACHINE\SOFTWARE\Microsoft\Windows\CurrentVersion\Installer\UserData\S-1-5-18\Components\0A48AD5F74A08994C8AC7E53B65952CC</Key>
        <Key>HKEY_LOCAL_MACHINE\SOFTWARE\Microsoft\Windows\CurrentVersion\Installer\UserData\S-1-5-18\Components\0A4E031A4DB21244F956214B20FD2D5A</Key>
        <Key>HKEY_LOCAL_MACHINE\SOFTWARE\Microsoft\Windows\CurrentVersion\Installer\UserData\S-1-5-18\Components\0A76949313AAA5D4486F3A445FC5E743</Key>
        <Key>HKEY_LOCAL_MACHINE\SOFTWARE\Microsoft\Windows\CurrentVersion\Installer\UserData\S-1-5-18\Components\0AE35348A05CB8840AF0A3AF449586AB</Key>
        <Key>HKEY_LOCAL_MACHINE\SOFTWARE\Microsoft\Windows\CurrentVersion\Installer\UserData\S-1-5-18\Components\0B796E771C52E144CACED8C67F957B40</Key>
        <Key>HKEY_LOCAL_MACHINE\SOFTWARE\Microsoft\Windows\CurrentVersion\Installer\UserData\S-1-5-18\Components\0CB8BA3BEC9D04D4C9AA39E015A42070</Key>
        <Key>HKEY_LOCAL_MACHINE\SOFTWARE\Microsoft\Windows\CurrentVersion\Installer\UserData\S-1-5-18\Components\0CD2FB870111F2D4AA943EC2901A93DB</Key>
        <Key>HKEY_LOCAL_MACHINE\SOFTWARE\Microsoft\Windows\CurrentVersion\Installer\UserData\S-1-5-18\Components\0DF6E86B53D457B5C9AA3DE75B5C65C9</Key>
        <Key>HKEY_LOCAL_MACHINE\SOFTWARE\Microsoft\Windows\CurrentVersion\Installer\UserData\S-1-5-18\Components\0FBE4953FAD45CA4EB326786659A6FAF</Key>
        <Key>HKEY_LOCAL_MACHINE\SOFTWARE\Microsoft\Windows\CurrentVersion\Installer\UserData\S-1-5-18\Components\1115DDBA641A8B74C883B25EAB990B14</Key>
        <Key>HKEY_LOCAL_MACHINE\SOFTWARE\Microsoft\Windows\CurrentVersion\Installer\UserData\S-1-5-18\Components\12B4FD8D552424A40974A6A8AB6703A9</Key>
        <Key>HKEY_LOCAL_MACHINE\SOFTWARE\Microsoft\Windows\CurrentVersion\Installer\UserData\S-1-5-18\Components\131693A3D8AE748429E46A433A731019</Key>
        <Key>HKEY_LOCAL_MACHINE\SOFTWARE\Microsoft\Windows\CurrentVersion\Installer\UserData\S-1-5-18\Components\14D2F655EF8EB69588CC8189591ED284</Key>
        <Key>HKEY_LOCAL_MACHINE\SOFTWARE\Microsoft\Windows\CurrentVersion\Installer\UserData\S-1-5-18\Components\181E6B06C29BCC94980959E928A3EECF</Key>
        <Key>HKEY_LOCAL_MACHINE\SOFTWARE\Microsoft\Windows\CurrentVersion\Installer\UserData\S-1-5-18\Components\186A0AE288C8F5F43A468D550A949972</Key>
        <Key>HKEY_LOCAL_MACHINE\SOFTWARE\Microsoft\Windows\CurrentVersion\Installer\UserData\S-1-5-18\Components\187C3F8159440A8439611A5797BA6CEA</Key>
        <Key>HKEY_LOCAL_MACHINE\SOFTWARE\Microsoft\Windows\CurrentVersion\Installer\UserData\S-1-5-18\Components\188C354F10B7266419FAD573D47A4C06</Key>
        <Key>HKEY_LOCAL_MACHINE\SOFTWARE\Microsoft\Windows\CurrentVersion\Installer\UserData\S-1-5-18\Components\1BB506EFADDB365459EAF7FD862EE138</Key>
        <Key>HKEY_LOCAL_MACHINE\SOFTWARE\Microsoft\Windows\CurrentVersion\Installer\UserData\S-1-5-18\Components\1BD17969C46D19E4999D7B7BE56C527E</Key>
        <Key>HKEY_LOCAL_MACHINE\SOFTWARE\Microsoft\Windows\CurrentVersion\Installer\UserData\S-1-5-18\Components\1D289EE449685404EB9AE5FCF8AD5578</Key>
        <Key>HKEY_LOCAL_MACHINE\SOFTWARE\Microsoft\Windows\CurrentVersion\Installer\UserData\S-1-5-18\Components\1E1AD992CB7D38D47A9F2571109282A5</Key>
        <Key>HKEY_LOCAL_MACHINE\SOFTWARE\Microsoft\Windows\CurrentVersion\Installer\UserData\S-1-5-18\Components\1E219357DA311CF589C00BDA3372C881</Key>
        <Key>HKEY_LOCAL_MACHINE\SOFTWARE\Microsoft\Windows\CurrentVersion\Installer\UserData\S-1-5-18\Components\1E85A5759AADD484CBCC9DB4D848725A</Key>
        <Key>HKEY_LOCAL_MACHINE\SOFTWARE\Microsoft\Windows\CurrentVersion\Installer\UserData\S-1-5-18\Components\1EFD371793EB75553BC5195F2BF5F33A</Key>
        <Key>HKEY_LOCAL_MACHINE\SOFTWARE\Microsoft\Windows\CurrentVersion\Installer\UserData\S-1-5-18\Components\1F14040F7EF86B0499954A59C00F44B0</Key>
        <Key>HKEY_LOCAL_MACHINE\SOFTWARE\Microsoft\Windows\CurrentVersion\Installer\UserData\S-1-5-18\Components\1F6F6DB9ADA5CA24DB1AE08D3C04A1D4</Key>
        <Key>HKEY_LOCAL_MACHINE\SOFTWARE\Microsoft\Windows\CurrentVersion\Installer\UserData\S-1-5-18\Components\1F77EB09A13F94B53B159DDCCE83ED56</Key>
        <Key>HKEY_LOCAL_MACHINE\SOFTWARE\Microsoft\Windows\CurrentVersion\Installer\UserData\S-1-5-18\Components\1FD4E73FED303254CA40E3C882832641</Key>
        <Key>HKEY_LOCAL_MACHINE\SOFTWARE\Microsoft\Windows\CurrentVersion\Installer\UserData\S-1-5-18\Components\21523054ED408B5418DD22A8DBB39BCD</Key>
        <Key>HKEY_LOCAL_MACHINE\SOFTWARE\Microsoft\Windows\CurrentVersion\Installer\UserData\S-1-5-18\Components\24A6A7247F6642047BFD0DB0ED7C1CBA</Key>
        <Key>HKEY_LOCAL_MACHINE\SOFTWARE\Microsoft\Windows\CurrentVersion\Installer\UserData\S-1-5-18\Components\253FC205CD9D2794DB7D18ADCCAB24EB</Key>
        <Key>HKEY_LOCAL_MACHINE\SOFTWARE\Microsoft\Windows\CurrentVersion\Installer\UserData\S-1-5-18\Components\25A961C751833C2468B61133163E7E5D</Key>
        <Key>HKEY_LOCAL_MACHINE\SOFTWARE\Microsoft\Windows\CurrentVersion\Installer\UserData\S-1-5-18\Components\25CEE064C2A8D9642922596B10B04562</Key>
        <Key>HKEY_LOCAL_MACHINE\SOFTWARE\Microsoft\Windows\CurrentVersion\Installer\UserData\S-1-5-18\Components\2703162894111E117987BD6C744210B9</Key>
        <Key>HKEY_LOCAL_MACHINE\SOFTWARE\Microsoft\Windows\CurrentVersion\Installer\UserData\S-1-5-18\Components\2775C615E1B5DDD4897C5E03F7A84293</Key>
        <Key>HKEY_LOCAL_MACHINE\SOFTWARE\Microsoft\Windows\CurrentVersion\Installer\UserData\S-1-5-18\Components\286B27E7236E47A42944D7D582BA35AF</Key>
        <Key>HKEY_LOCAL_MACHINE\SOFTWARE\Microsoft\Windows\CurrentVersion\Installer\UserData\S-1-5-18\Components\29890669E7ECBEF52B37962D9DA59FCA</Key>
        <Key>HKEY_LOCAL_MACHINE\SOFTWARE\Microsoft\Windows\CurrentVersion\Installer\UserData\S-1-5-18\Components\29CD2600573D80C52AD81E1D6CF0F7A1</Key>
        <Key>HKEY_LOCAL_MACHINE\SOFTWARE\Microsoft\Windows\CurrentVersion\Installer\UserData\S-1-5-18\Components\29DCA42C96F110F45B4FA3062BED9935</Key>
        <Key>HKEY_LOCAL_MACHINE\SOFTWARE\Microsoft\Windows\CurrentVersion\Installer\UserData\S-1-5-18\Components\2B19E1B5A3D936F4DA0D31400DE149E7</Key>
        <Key>HKEY_LOCAL_MACHINE\SOFTWARE\Microsoft\Windows\CurrentVersion\Installer\UserData\S-1-5-18\Components\2B1E21D23C55FA75DB85FAE50E076C03</Key>
        <Key>HKEY_LOCAL_MACHINE\SOFTWARE\Microsoft\Windows\CurrentVersion\Installer\UserData\S-1-5-18\Components\2B3C3A224DE23C0559728AA27A6C909E</Key>
        <Key>HKEY_LOCAL_MACHINE\SOFTWARE\Microsoft\Windows\CurrentVersion\Installer\UserData\S-1-5-18\Components\2BC405C6B991B77439490E1445C1DB71</Key>
        <Key>HKEY_LOCAL_MACHINE\SOFTWARE\Microsoft\Windows\CurrentVersion\Installer\UserData\S-1-5-18\Components\2D35885965329384383944D1DF910F20</Key>
        <Key>HKEY_LOCAL_MACHINE\SOFTWARE\Microsoft\Windows\CurrentVersion\Installer\UserData\S-1-5-18\Components\2E46F571A9F9C474696B16FA2F3F9390</Key>
        <Key>HKEY_LOCAL_MACHINE\SOFTWARE\Microsoft\Windows\CurrentVersion\Installer\UserData\S-1-5-18\Components\2EC9283A1B0EC3949AAF69AB621F845B</Key>
        <Key>HKEY_LOCAL_MACHINE\SOFTWARE\Microsoft\Windows\CurrentVersion\Installer\UserData\S-1-5-18\Components\2F107B1221B5EAB42BBAC4326DBB2F5E</Key>
        <Key>HKEY_LOCAL_MACHINE\SOFTWARE\Microsoft\Windows\CurrentVersion\Installer\UserData\S-1-5-18\Components\3101BD8CF51B9A348A67D89498645F46</Key>
        <Key>HKEY_LOCAL_MACHINE\SOFTWARE\Microsoft\Windows\CurrentVersion\Installer\UserData\S-1-5-18\Components\341FA6CFF6B08D9478EC216E6F8B8E9E</Key>
        <Key>HKEY_LOCAL_MACHINE\SOFTWARE\Microsoft\Windows\CurrentVersion\Installer\UserData\S-1-5-18\Components\34CF2C4EDDF157951ABA9B4CCCBDB854</Key>
        <Key>HKEY_LOCAL_MACHINE\SOFTWARE\Microsoft\Windows\CurrentVersion\Installer\UserData\S-1-5-18\Components\35485DDF8AB1EEF499C46A14ECF977AC</Key>
        <Key>HKEY_LOCAL_MACHINE\SOFTWARE\Microsoft\Windows\CurrentVersion\Installer\UserData\S-1-5-18\Components\368462E4D8FABAB4DB2616202B53273A</Key>
        <Key>HKEY_LOCAL_MACHINE\SOFTWARE\Microsoft\Windows\CurrentVersion\Installer\UserData\S-1-5-18\Components\3697F550C3E51E44891EC5B1134FEA98</Key>
        <Key>HKEY_LOCAL_MACHINE\SOFTWARE\Microsoft\Windows\CurrentVersion\Installer\UserData\S-1-5-18\Components\36C2F4BD8677B3745B05897570F0F1CA</Key>
        <Key>HKEY_LOCAL_MACHINE\SOFTWARE\Microsoft\Windows\CurrentVersion\Installer\UserData\S-1-5-18\Components\3892C263C5E7D6252ACAB73E9F1DB59A</Key>
        <Key>HKEY_LOCAL_MACHINE\SOFTWARE\Microsoft\Windows\CurrentVersion\Installer\UserData\S-1-5-18\Components\39785F3171B33D943B0C452B79DEA6D1</Key>
        <Key>HKEY_LOCAL_MACHINE\SOFTWARE\Microsoft\Windows\CurrentVersion\Installer\UserData\S-1-5-18\Components\3B2E402E6BB321B4599E24D08FCDB03F</Key>
        <Key>HKEY_LOCAL_MACHINE\SOFTWARE\Microsoft\Windows\CurrentVersion\Installer\UserData\S-1-5-18\Components\3B3EF544FC174444AA90531088B682FD</Key>
        <Key>HKEY_LOCAL_MACHINE\SOFTWARE\Microsoft\Windows\CurrentVersion\Installer\UserData\S-1-5-18\Components\40BA1F5894111E112924CD6C744210B9</Key>
        <Key>HKEY_LOCAL_MACHINE\SOFTWARE\Microsoft\Windows\CurrentVersion\Installer\UserData\S-1-5-18\Components\40E0BF9B81297CB4DA91629938FA4C5B</Key>
        <Key>HKEY_LOCAL_MACHINE\SOFTWARE\Microsoft\Windows\CurrentVersion\Installer\UserData\S-1-5-18\Components\42835F1F173124B4DB9547299EAE9265</Key>
        <Key>HKEY_LOCAL_MACHINE\SOFTWARE\Microsoft\Windows\CurrentVersion\Installer\UserData\S-1-5-18\Components\4330D6A495C22DA538849DB52F78ACC0</Key>
        <Key>HKEY_LOCAL_MACHINE\SOFTWARE\Microsoft\Windows\CurrentVersion\Installer\UserData\S-1-5-18\Components\445AF34D160F85E5CBF3C4383E369CE7</Key>
        <Key>HKEY_LOCAL_MACHINE\SOFTWARE\Microsoft\Windows\CurrentVersion\Installer\UserData\S-1-5-18\Components\44BE0986D438C3649ABEB2082C593395</Key>
        <Key>HKEY_LOCAL_MACHINE\SOFTWARE\Microsoft\Windows\CurrentVersion\Installer\UserData\S-1-5-18\Components\4AD061A305C1D825E99D66ADD7299430</Key>
        <Key>HKEY_LOCAL_MACHINE\SOFTWARE\Microsoft\Windows\CurrentVersion\Installer\UserData\S-1-5-18\Components\4BDAE3CCADEC4005895F51C786273F81</Key>
        <Key>HKEY_LOCAL_MACHINE\SOFTWARE\Microsoft\Windows\CurrentVersion\Installer\UserData\S-1-5-18\Components\4C4CFB0EEFF8D4751B176BD89FE21E95</Key>
        <Key>HKEY_LOCAL_MACHINE\SOFTWARE\Microsoft\Windows\CurrentVersion\Installer\UserData\S-1-5-18\Components\4EF0C488753104A4FA37B9D61A5C8E12</Key>
        <Key>HKEY_LOCAL_MACHINE\SOFTWARE\Microsoft\Windows\CurrentVersion\Installer\UserData\S-1-5-18\Components\4EF6ACF1C6143575E9AD9987877BC747</Key>
        <Key>HKEY_LOCAL_MACHINE\SOFTWARE\Microsoft\Windows\CurrentVersion\Installer\UserData\S-1-5-18\Components\4F5FB5D731BD0054A928C2AC9AD32B4D</Key>
        <Key>HKEY_LOCAL_MACHINE\SOFTWARE\Microsoft\Windows\CurrentVersion\Installer\UserData\S-1-5-18\Components\4F9CD1E1F8FB0AF5DA40C3C938C1E1A1</Key>
        <Key>HKEY_LOCAL_MACHINE\SOFTWARE\Microsoft\Windows\CurrentVersion\Installer\UserData\S-1-5-18\Components\50047E6C1FE91C557BEEE2B75F3378AC</Key>
        <Key>HKEY_LOCAL_MACHINE\SOFTWARE\Microsoft\Windows\CurrentVersion\Installer\UserData\S-1-5-18\Components\50578BCC7C84A8C4AB916137A41DE124</Key>
        <Key>HKEY_LOCAL_MACHINE\SOFTWARE\Microsoft\Windows\CurrentVersion\Installer\UserData\S-1-5-18\Components\505B36775116A6E5B9D743FA253D2F20</Key>
        <Key>HKEY_LOCAL_MACHINE\SOFTWARE\Microsoft\Windows\CurrentVersion\Installer\UserData\S-1-5-18\Components\51EB12C19BFEB0F5F86C708D59909857</Key>
        <Key>HKEY_LOCAL_MACHINE\SOFTWARE\Microsoft\Windows\CurrentVersion\Installer\UserData\S-1-5-18\Components\5284028E3F2DC8B498768F73B3EEB094</Key>
        <Key>HKEY_LOCAL_MACHINE\SOFTWARE\Microsoft\Windows\CurrentVersion\Installer\UserData\S-1-5-18\Components\532A093328C8E3851AEC1A94FAB03EDF</Key>
        <Key>HKEY_LOCAL_MACHINE\SOFTWARE\Microsoft\Windows\CurrentVersion\Installer\UserData\S-1-5-18\Components\546E8B4350865DE51BB1F79670E1E4B5</Key>
        <Key>HKEY_LOCAL_MACHINE\SOFTWARE\Microsoft\Windows\CurrentVersion\Installer\UserData\S-1-5-18\Components\54824FDCF86C03042A92B74598CC99B9</Key>
        <Key>HKEY_LOCAL_MACHINE\SOFTWARE\Microsoft\Windows\CurrentVersion\Installer\UserData\S-1-5-18\Components\564B0202D1E8C8F46BB3EEEAF576E302</Key>
        <Key>HKEY_LOCAL_MACHINE\SOFTWARE\Microsoft\Windows\CurrentVersion\Installer\UserData\S-1-5-18\Components\5722F38DE39F1C141AD54705D255A365</Key>
        <Key>HKEY_LOCAL_MACHINE\SOFTWARE\Microsoft\Windows\CurrentVersion\Installer\UserData\S-1-5-18\Components\574A39C0433370C4BABF55F9C13E9BCA</Key>
        <Key>HKEY_LOCAL_MACHINE\SOFTWARE\Microsoft\Windows\CurrentVersion\Installer\UserData\S-1-5-18\Components\5769966DD797CB84587DB721192F8006</Key>
        <Key>HKEY_LOCAL_MACHINE\SOFTWARE\Microsoft\Windows\CurrentVersion\Installer\UserData\S-1-5-18\Components\57AC1CC5FA040BD53A61E3F15BC599CD</Key>
        <Key>HKEY_LOCAL_MACHINE\SOFTWARE\Microsoft\Windows\CurrentVersion\Installer\UserData\S-1-5-18\Components\57EC8AC362EA7224FB528F1EE2EBE34E</Key>
        <Key>HKEY_LOCAL_MACHINE\SOFTWARE\Microsoft\Windows\CurrentVersion\Installer\UserData\S-1-5-18\Components\5A5ABFE5CD768265C8BFB866078C3A04</Key>
        <Key>HKEY_LOCAL_MACHINE\SOFTWARE\Microsoft\Windows\CurrentVersion\Installer\UserData\S-1-5-18\Components\5AE7D54D93CD561459864820AE83B16F</Key>
        <Key>HKEY_LOCAL_MACHINE\SOFTWARE\Microsoft\Windows\CurrentVersion\Installer\UserData\S-1-5-18\Components\5C525B19890A7174AADF7B3E6723FF39</Key>
        <Key>HKEY_LOCAL_MACHINE\SOFTWARE\Microsoft\Windows\CurrentVersion\Installer\UserData\S-1-5-18\Components\5CA33501041E36C438258A0B7EAC3617</Key>
        <Key>HKEY_LOCAL_MACHINE\SOFTWARE\Microsoft\Windows\CurrentVersion\Installer\UserData\S-1-5-18\Components\5E491AD24103C6755BF796CBE5A931DB</Key>
        <Key>HKEY_LOCAL_MACHINE\SOFTWARE\Microsoft\Windows\CurrentVersion\Installer\UserData\S-1-5-18\Components\6031D889462CC884290D2E94E05FB93D</Key>
        <Key>HKEY_LOCAL_MACHINE\SOFTWARE\Microsoft\Windows\CurrentVersion\Installer\UserData\S-1-5-18\Components\60CC3FF431342E114A985CA2168807B9</Key>
        <Key>HKEY_LOCAL_MACHINE\SOFTWARE\Microsoft\Windows\CurrentVersion\Installer\UserData\S-1-5-18\Components\6196A2B71B9C4914481652689C6152EF</Key>
        <Key>HKEY_LOCAL_MACHINE\SOFTWARE\Microsoft\Windows\CurrentVersion\Installer\UserData\S-1-5-18\Components\641013DF3BEE7224E8B09863E91F8739</Key>
        <Key>HKEY_LOCAL_MACHINE\SOFTWARE\Microsoft\Windows\CurrentVersion\Installer\UserData\S-1-5-18\Components\65378F87D02E7184D98402FADFAE7628</Key>
        <Key>HKEY_LOCAL_MACHINE\SOFTWARE\Microsoft\Windows\CurrentVersion\Installer\UserData\S-1-5-18\Components\66A7FE433788BA2488AA55004F3BFF68</Key>
        <Key>HKEY_LOCAL_MACHINE\SOFTWARE\Microsoft\Windows\CurrentVersion\Installer\UserData\S-1-5-18\Components\676DEA9AFE8ADEB5190AA77D2040A979</Key>
        <Key>HKEY_LOCAL_MACHINE\SOFTWARE\Microsoft\Windows\CurrentVersion\Installer\UserData\S-1-5-18\Components\679301C611B87D746AAC60B027FA2C94</Key>
        <Key>HKEY_LOCAL_MACHINE\SOFTWARE\Microsoft\Windows\CurrentVersion\Installer\UserData\S-1-5-18\Components\68ADC5A9B3A806E46A165FCD5E887A6C</Key>
        <Key>HKEY_LOCAL_MACHINE\SOFTWARE\Microsoft\Windows\CurrentVersion\Installer\UserData\S-1-5-18\Components\68DA06FA587512C5280C6FA04A9F4624</Key>
        <Key>HKEY_LOCAL_MACHINE\SOFTWARE\Microsoft\Windows\CurrentVersion\Installer\UserData\S-1-5-18\Components\69B52FF2F809A444BBB7B05787A34E5F</Key>
        <Key>HKEY_LOCAL_MACHINE\SOFTWARE\Microsoft\Windows\CurrentVersion\Installer\UserData\S-1-5-18\Components\69C82B698AD6C104B9BF0B296B6C853D</Key>
        <Key>HKEY_LOCAL_MACHINE\SOFTWARE\Microsoft\Windows\CurrentVersion\Installer\UserData\S-1-5-18\Components\6A63C05F63FE0A45695EB04E68288A7C</Key>
        <Key>HKEY_LOCAL_MACHINE\SOFTWARE\Microsoft\Windows\CurrentVersion\Installer\UserData\S-1-5-18\Components\6B186649458289C4EB391E244E3FACF9</Key>
        <Key>HKEY_LOCAL_MACHINE\SOFTWARE\Microsoft\Windows\CurrentVersion\Installer\UserData\S-1-5-18\Components\6BA4A478FEB50E11792EBC8B896455AD</Key>
        <Key>HKEY_LOCAL_MACHINE\SOFTWARE\Microsoft\Windows\CurrentVersion\Installer\UserData\S-1-5-18\Components\6C10C39E240A01B4EAB6100C01C5AD02</Key>
        <Key>HKEY_LOCAL_MACHINE\SOFTWARE\Microsoft\Windows\CurrentVersion\Installer\UserData\S-1-5-18\Components\6DD734931A0032348B1C4847500489FB</Key>
        <Key>HKEY_LOCAL_MACHINE\SOFTWARE\Microsoft\Windows\CurrentVersion\Installer\UserData\S-1-5-18\Components\6E66462D51485524690B7F5AC4647F4E</Key>
        <Key>HKEY_LOCAL_MACHINE\SOFTWARE\Microsoft\Windows\CurrentVersion\Installer\UserData\S-1-5-18\Components\6EFE951C810B52B46943EF19046FAD2F</Key>
        <Key>HKEY_LOCAL_MACHINE\SOFTWARE\Microsoft\Windows\CurrentVersion\Installer\UserData\S-1-5-18\Components\6F44F8B8FEF45A244A039555B1A0C51E</Key>
        <Key>HKEY_LOCAL_MACHINE\SOFTWARE\Microsoft\Windows\CurrentVersion\Installer\UserData\S-1-5-18\Components\6F4C155480EFF684D8778865A62314EA</Key>
        <Key>HKEY_LOCAL_MACHINE\SOFTWARE\Microsoft\Windows\CurrentVersion\Installer\UserData\S-1-5-18\Components\6F4C19F201576D045854BE4437E79722</Key>
        <Key>HKEY_LOCAL_MACHINE\SOFTWARE\Microsoft\Windows\CurrentVersion\Installer\UserData\S-1-5-18\Components\6FEBD2F52A6C8474AB36CB6ADC6975B1</Key>
        <Key>HKEY_LOCAL_MACHINE\SOFTWARE\Microsoft\Windows\CurrentVersion\Installer\UserData\S-1-5-18\Components\7059AE33231A91D4CA80BFDF9C13FFAB</Key>
        <Key>HKEY_LOCAL_MACHINE\SOFTWARE\Microsoft\Windows\CurrentVersion\Installer\UserData\S-1-5-18\Components\70E6926CDA794104A9AA41560E2000C2</Key>
        <Key>HKEY_LOCAL_MACHINE\SOFTWARE\Microsoft\Windows\CurrentVersion\Installer\UserData\S-1-5-18\Components\70F32E5D9DF81484584F3A7CBCC2011D</Key>
        <Key>HKEY_LOCAL_MACHINE\SOFTWARE\Microsoft\Windows\CurrentVersion\Installer\UserData\S-1-5-18\Components\7117CB961284D635B984460584AEA6FD</Key>
        <Key>HKEY_LOCAL_MACHINE\SOFTWARE\Microsoft\Windows\CurrentVersion\Installer\UserData\S-1-5-18\Components\72C4EA98B97A8A04EAE2985682B48868</Key>
        <Key>HKEY_LOCAL_MACHINE\SOFTWARE\Microsoft\Windows\CurrentVersion\Installer\UserData\S-1-5-18\Components\736306B16AA678040A6F48C62997EB9D</Key>
        <Key>HKEY_LOCAL_MACHINE\SOFTWARE\Microsoft\Windows\CurrentVersion\Installer\UserData\S-1-5-18\Components\73A29DF74D2B2E14D92F3ECF0CD14EB2</Key>
        <Key>HKEY_LOCAL_MACHINE\SOFTWARE\Microsoft\Windows\CurrentVersion\Installer\UserData\S-1-5-18\Components\74E1615E5DA173D48A68AA04EC802AAC</Key>
        <Key>HKEY_LOCAL_MACHINE\SOFTWARE\Microsoft\Windows\CurrentVersion\Installer\UserData\S-1-5-18\Components\7505B7C7D75C9DB42A983B9C61CCF39A</Key>
        <Key>HKEY_LOCAL_MACHINE\SOFTWARE\Microsoft\Windows\CurrentVersion\Installer\UserData\S-1-5-18\Components\765438C85BD4B8347B517BBF4F647CBC</Key>
        <Key>HKEY_LOCAL_MACHINE\SOFTWARE\Microsoft\Windows\CurrentVersion\Installer\UserData\S-1-5-18\Components\775128B6B59561E4BB4584A084C0FBF5</Key>
        <Key>HKEY_LOCAL_MACHINE\SOFTWARE\Microsoft\Windows\CurrentVersion\Installer\UserData\S-1-5-18\Components\77E409D857BFB564190C780EC0C0F38A</Key>
        <Key>HKEY_LOCAL_MACHINE\SOFTWARE\Microsoft\Windows\CurrentVersion\Installer\UserData\S-1-5-18\Components\7AFAFB43DE5AA9446A25FFCAC8CA5B08</Key>
        <Key>HKEY_LOCAL_MACHINE\SOFTWARE\Microsoft\Windows\CurrentVersion\Installer\UserData\S-1-5-18\Components\7DB5BFE4D9A71B241B153B281CFBEB41</Key>
        <Key>HKEY_LOCAL_MACHINE\SOFTWARE\Microsoft\Windows\CurrentVersion\Installer\UserData\S-1-5-18\Components\7F36C6B15797A6B5896926B74AC88988</Key>
        <Key>HKEY_LOCAL_MACHINE\SOFTWARE\Microsoft\Windows\CurrentVersion\Installer\UserData\S-1-5-18\Components\802CB25CB0DECD04FB75837D944DE013</Key>
        <Key>HKEY_LOCAL_MACHINE\SOFTWARE\Microsoft\Windows\CurrentVersion\Installer\UserData\S-1-5-18\Components\8179B1CD2C569CA4789501C68BA9781F</Key>
        <Key>HKEY_LOCAL_MACHINE\SOFTWARE\Microsoft\Windows\CurrentVersion\Installer\UserData\S-1-5-18\Components\81937B7CFA6BB924F9EECA3EE761EFA2</Key>
        <Key>HKEY_LOCAL_MACHINE\SOFTWARE\Microsoft\Windows\CurrentVersion\Installer\UserData\S-1-5-18\Components\83073600EA0153F4781C77B16F00E2AF</Key>
        <Key>HKEY_LOCAL_MACHINE\SOFTWARE\Microsoft\Windows\CurrentVersion\Installer\UserData\S-1-5-18\Components\8326CA25D73DB66499227FEBA71371C8</Key>
        <Key>HKEY_LOCAL_MACHINE\SOFTWARE\Microsoft\Windows\CurrentVersion\Installer\UserData\S-1-5-18\Components\83A543CEFC7B5C5489CA54043954DEC4</Key>
        <Key>HKEY_LOCAL_MACHINE\SOFTWARE\Microsoft\Windows\CurrentVersion\Installer\UserData\S-1-5-18\Components\83B2248C385F36347BD3A2D94871F873</Key>
        <Key>HKEY_LOCAL_MACHINE\SOFTWARE\Microsoft\Windows\CurrentVersion\Installer\UserData\S-1-5-18\Components\84983E82E91DE8A41879CC1BA984596F</Key>
        <Key>HKEY_LOCAL_MACHINE\SOFTWARE\Microsoft\Windows\CurrentVersion\Installer\UserData\S-1-5-18\Components\861ED3611CC71B244A02FD14F5A05588</Key>
        <Key>HKEY_LOCAL_MACHINE\SOFTWARE\Microsoft\Windows\CurrentVersion\Installer\UserData\S-1-5-18\Components\865912B2D5F092F4FB4FC2CB0214EA0F</Key>
        <Key>HKEY_LOCAL_MACHINE\SOFTWARE\Microsoft\Windows\CurrentVersion\Installer\UserData\S-1-5-18\Components\866F0C1C2C9C0E11A859C78B844210B9</Key>
        <Key>HKEY_LOCAL_MACHINE\SOFTWARE\Microsoft\Windows\CurrentVersion\Installer\UserData\S-1-5-18\Components\8671CDFDA7B569F59BC63343AB7620F9</Key>
        <Key>HKEY_LOCAL_MACHINE\SOFTWARE\Microsoft\Windows\CurrentVersion\Installer\UserData\S-1-5-18\Components\8875D27FA8996CA4F9C6068AE2A68F69</Key>
        <Key>HKEY_LOCAL_MACHINE\SOFTWARE\Microsoft\Windows\CurrentVersion\Installer\UserData\S-1-5-18\Components\88F549856114A4A4391D0BF5293AF889</Key>
        <Key>HKEY_LOCAL_MACHINE\SOFTWARE\Microsoft\Windows\CurrentVersion\Installer\UserData\S-1-5-18\Components\8A232EEF94B183C4F8AE87F83C03A827</Key>
        <Key>HKEY_LOCAL_MACHINE\SOFTWARE\Microsoft\Windows\CurrentVersion\Installer\UserData\S-1-5-18\Components\8CB7D4916924FD119914F6C111810D24</Key>
        <Key>HKEY_LOCAL_MACHINE\SOFTWARE\Microsoft\Windows\CurrentVersion\Installer\UserData\S-1-5-18\Components\8CE47F2DB3C90D246B180BFBF6965E81</Key>
        <Key>HKEY_LOCAL_MACHINE\SOFTWARE\Microsoft\Windows\CurrentVersion\Installer\UserData\S-1-5-18\Components\8CE9B4A81D690EA598AA72B436F5C6FC</Key>
        <Key>HKEY_LOCAL_MACHINE\SOFTWARE\Microsoft\Windows\CurrentVersion\Installer\UserData\S-1-5-18\Components\8DD0622D838B07D489338BA179B87DEB</Key>
        <Key>HKEY_LOCAL_MACHINE\SOFTWARE\Microsoft\Windows\CurrentVersion\Installer\UserData\S-1-5-18\Components\8EB25411929569A5BB4CF7A88E623C3B</Key>
        <Key>HKEY_LOCAL_MACHINE\SOFTWARE\Microsoft\Windows\CurrentVersion\Installer\UserData\S-1-5-18\Components\8F84B4552314FBA4697957B60F6E2911</Key>
        <Key>HKEY_LOCAL_MACHINE\SOFTWARE\Microsoft\Windows\CurrentVersion\Installer\UserData\S-1-5-18\Components\8F9CC9EF78EBF414BB16FF391F71AFFB</Key>
        <Key>HKEY_LOCAL_MACHINE\SOFTWARE\Microsoft\Windows\CurrentVersion\Installer\UserData\S-1-5-18\Components\8FF23B014714F564D82E27729CF7DBF6</Key>
        <Key>HKEY_LOCAL_MACHINE\SOFTWARE\Microsoft\Windows\CurrentVersion\Installer\UserData\S-1-5-18\Components\90A521EC01DFA6647B5173910DEB8820</Key>
        <Key>HKEY_LOCAL_MACHINE\SOFTWARE\Microsoft\Windows\CurrentVersion\Installer\UserData\S-1-5-18\Components\90C483830ACF5CC49ADEF68728F6A627</Key>
        <Key>HKEY_LOCAL_MACHINE\SOFTWARE\Microsoft\Windows\CurrentVersion\Installer\UserData\S-1-5-18\Components\925F4132D648680489ADA08F355B096E</Key>
        <Key>HKEY_LOCAL_MACHINE\SOFTWARE\Microsoft\Windows\CurrentVersion\Installer\UserData\S-1-5-18\Components\92CB1CBC0AC4C49439D6063654204075</Key>
        <Key>HKEY_LOCAL_MACHINE\SOFTWARE\Microsoft\Windows\CurrentVersion\Installer\UserData\S-1-5-18\Components\930014871D56E5740BD4E052C8A9AED2</Key>
        <Key>HKEY_LOCAL_MACHINE\SOFTWARE\Microsoft\Windows\CurrentVersion\Installer\UserData\S-1-5-18\Components\934B68A73DA364E4E8EAE8A2695156DD</Key>
        <Key>HKEY_LOCAL_MACHINE\SOFTWARE\Microsoft\Windows\CurrentVersion\Installer\UserData\S-1-5-18\Components\98EE83666AE124B4A9FA5A0B98C77F12</Key>
        <Key>HKEY_LOCAL_MACHINE\SOFTWARE\Microsoft\Windows\CurrentVersion\Installer\UserData\S-1-5-18\Components\99A14A2645DBA8A48B8741F9CBE30091</Key>
        <Key>HKEY_LOCAL_MACHINE\SOFTWARE\Microsoft\Windows\CurrentVersion\Installer\UserData\S-1-5-18\Components\9AE0E9D7B4366A348939D9A4898286BC</Key>
        <Key>HKEY_LOCAL_MACHINE\SOFTWARE\Microsoft\Windows\CurrentVersion\Installer\UserData\S-1-5-18\Components\9BDBF62C3D1EADF44BBAAF9304B21F8B</Key>
        <Key>HKEY_LOCAL_MACHINE\SOFTWARE\Microsoft\Windows\CurrentVersion\Installer\UserData\S-1-5-18\Components\9BF6E19A4D98F15439D1DEF22CF0570B</Key>
        <Key>HKEY_LOCAL_MACHINE\SOFTWARE\Microsoft\Windows\CurrentVersion\Installer\UserData\S-1-5-18\Components\9C2B22FD96C6C57468B63259FEFB63A5</Key>
        <Key>HKEY_LOCAL_MACHINE\SOFTWARE\Microsoft\Windows\CurrentVersion\Installer\UserData\S-1-5-18\Components\9C588F10DF52A0540A276601F0B71443</Key>
        <Key>HKEY_LOCAL_MACHINE\SOFTWARE\Microsoft\Windows\CurrentVersion\Installer\UserData\S-1-5-18\Components\9D2D6707A5ED16440AA2966203E15F5D</Key>
        <Key>HKEY_LOCAL_MACHINE\SOFTWARE\Microsoft\Windows\CurrentVersion\Installer\UserData\S-1-5-18\Components\9D7C7A6AC4AD772409F1BD6ADAA8F269</Key>
        <Key>HKEY_LOCAL_MACHINE\SOFTWARE\Microsoft\Windows\CurrentVersion\Installer\UserData\S-1-5-18\Components\A19D79CBD620C8848B2F9800610C7E90</Key>
        <Key>HKEY_LOCAL_MACHINE\SOFTWARE\Microsoft\Windows\CurrentVersion\Installer\UserData\S-1-5-18\Components\A281022E84FBA675C89952695A339EFB</Key>
        <Key>HKEY_LOCAL_MACHINE\SOFTWARE\Microsoft\Windows\CurrentVersion\Installer\UserData\S-1-5-18\Components\A294440DA0079EB4E8D3DACDA1A49D2E</Key>
        <Key>HKEY_LOCAL_MACHINE\SOFTWARE\Microsoft\Windows\CurrentVersion\Installer\UserData\S-1-5-18\Components\A454EDA304946734E9662738C9E7E88E</Key>
        <Key>HKEY_LOCAL_MACHINE\SOFTWARE\Microsoft\Windows\CurrentVersion\Installer\UserData\S-1-5-18\Components\A534FFDC6D2E0865A972DA18FBDF9CCB</Key>
        <Key>HKEY_LOCAL_MACHINE\SOFTWARE\Microsoft\Windows\CurrentVersion\Installer\UserData\S-1-5-18\Components\A5A10864C5810075EAA3B98AEB146862</Key>
        <Key>HKEY_LOCAL_MACHINE\SOFTWARE\Microsoft\Windows\CurrentVersion\Installer\UserData\S-1-5-18\Components\A6805870849C00852A5530D6F76B3B9E</Key>
        <Key>HKEY_LOCAL_MACHINE\SOFTWARE\Microsoft\Windows\CurrentVersion\Installer\UserData\S-1-5-18\Components\A6A81DC844D883058BDBB0CAD525EF02</Key>
        <Key>HKEY_LOCAL_MACHINE\SOFTWARE\Microsoft\Windows\CurrentVersion\Installer\UserData\S-1-5-18\Components\A708CEC7FEB50E11381FB80E2308DFA1</Key>
        <Key>HKEY_LOCAL_MACHINE\SOFTWARE\Microsoft\Windows\CurrentVersion\Installer\UserData\S-1-5-18\Components\AA6FAF9E5AA6D6543917A8D849C45714</Key>
        <Key>HKEY_LOCAL_MACHINE\SOFTWARE\Microsoft\Windows\CurrentVersion\Installer\UserData\S-1-5-18\Components\AE1DE6C9ECB956448BDC6F02608298F7</Key>
        <Key>HKEY_LOCAL_MACHINE\SOFTWARE\Microsoft\Windows\CurrentVersion\Installer\UserData\S-1-5-18\Components\AE316C5B840FA2651B6CE667DB4DE27D</Key>
        <Key>HKEY_LOCAL_MACHINE\SOFTWARE\Microsoft\Windows\CurrentVersion\Installer\UserData\S-1-5-18\Components\AE32BA7B86B79BD4F8155676855C5C0D</Key>
        <Key>HKEY_LOCAL_MACHINE\SOFTWARE\Microsoft\Windows\CurrentVersion\Installer\UserData\S-1-5-18\Components\B10008C411DF8FE4B9D096E78D18BBDB</Key>
        <Key>HKEY_LOCAL_MACHINE\SOFTWARE\Microsoft\Windows\CurrentVersion\Installer\UserData\S-1-5-18\Components\B18A777D1BE8C294F80DBC12009477AC</Key>
        <Key>HKEY_LOCAL_MACHINE\SOFTWARE\Microsoft\Windows\CurrentVersion\Installer\UserData\S-1-5-18\Components\B26896D7DD7DAF25B89A3112FCD87E23</Key>
        <Key>HKEY_LOCAL_MACHINE\SOFTWARE\Microsoft\Windows\CurrentVersion\Installer\UserData\S-1-5-18\Components\B28A10012587F1F4199665299126E3C0</Key>
        <Key>HKEY_LOCAL_MACHINE\SOFTWARE\Microsoft\Windows\CurrentVersion\Installer\UserData\S-1-5-18\Components\B433A8B0740C0814B9161DECEBF4FB2B</Key>
        <Key>HKEY_LOCAL_MACHINE\SOFTWARE\Microsoft\Windows\CurrentVersion\Installer\UserData\S-1-5-18\Components\B43EDBA0E37B01B489470FA25D7AC775</Key>
        <Key>HKEY_LOCAL_MACHINE\SOFTWARE\Microsoft\Windows\CurrentVersion\Installer\UserData\S-1-5-18\Components\B5EDA89851C212540BBADFA4B1ED9EB6</Key>
        <Key>HKEY_LOCAL_MACHINE\SOFTWARE\Microsoft\Windows\CurrentVersion\Installer\UserData\S-1-5-18\Components\B6DFBF4BD551CF9428A964C6264E324C</Key>
        <Key>HKEY_LOCAL_MACHINE\SOFTWARE\Microsoft\Windows\CurrentVersion\Installer\UserData\S-1-5-18\Components\B7B18C2D378ECC05989D104519FB05B5</Key>
        <Key>HKEY_LOCAL_MACHINE\SOFTWARE\Microsoft\Windows\CurrentVersion\Installer\UserData\S-1-5-18\Components\BA10632272C30BC4889E86F36EFD1B0F</Key>
        <Key>HKEY_LOCAL_MACHINE\SOFTWARE\Microsoft\Windows\CurrentVersion\Installer\UserData\S-1-5-18\Components\BA6C4F8FB74C41547870DC681C5202B5</Key>
        <Key>HKEY_LOCAL_MACHINE\SOFTWARE\Microsoft\Windows\CurrentVersion\Installer\UserData\S-1-5-18\Components\BC75B738F0BD13A468DBA07480BF170E</Key>
        <Key>HKEY_LOCAL_MACHINE\SOFTWARE\Microsoft\Windows\CurrentVersion\Installer\UserData\S-1-5-18\Components\BCBED1F5E022E3C4B83E63AB2105F537</Key>
        <Key>HKEY_LOCAL_MACHINE\SOFTWARE\Microsoft\Windows\CurrentVersion\Installer\UserData\S-1-5-18\Components\BD45C7178228A4D42AA572BC096F5039</Key>
        <Key>HKEY_LOCAL_MACHINE\SOFTWARE\Microsoft\Windows\CurrentVersion\Installer\UserData\S-1-5-18\Components\BEEC179EBC8921958A052E82C3D64C69</Key>
        <Key>HKEY_LOCAL_MACHINE\SOFTWARE\Microsoft\Windows\CurrentVersion\Installer\UserData\S-1-5-18\Components\C066E04A19834BA4883BA2FB97F9B440</Key>
        <Key>HKEY_LOCAL_MACHINE\SOFTWARE\Microsoft\Windows\CurrentVersion\Installer\UserData\S-1-5-18\Components\C20E9410A95782748A62A6C830A8A891</Key>
        <Key>HKEY_LOCAL_MACHINE\SOFTWARE\Microsoft\Windows\CurrentVersion\Installer\UserData\S-1-5-18\Components\C2876B4DE39F80E41A8F16561D8525EF</Key>
        <Key>HKEY_LOCAL_MACHINE\SOFTWARE\Microsoft\Windows\CurrentVersion\Installer\UserData\S-1-5-18\Components\C2C03C0E984746944B176665282E2CF2</Key>
        <Key>HKEY_LOCAL_MACHINE\SOFTWARE\Microsoft\Windows\CurrentVersion\Installer\UserData\S-1-5-18\Components\C3BC158160FB6CF4A877396D80A60D29</Key>
        <Key>HKEY_LOCAL_MACHINE\SOFTWARE\Microsoft\Windows\CurrentVersion\Installer\UserData\S-1-5-18\Components\C4407D1D94111E1118D0417C744210B9</Key>
        <Key>HKEY_LOCAL_MACHINE\SOFTWARE\Microsoft\Windows\CurrentVersion\Installer\UserData\S-1-5-18\Components\C4C4BD1DFF2AFB14B84823DD69FF7CA7</Key>
        <Key>HKEY_LOCAL_MACHINE\SOFTWARE\Microsoft\Windows\CurrentVersion\Installer\UserData\S-1-5-18\Components\C53BD0B61AF258E4AB5677EC660A0787</Key>
        <Key>HKEY_LOCAL_MACHINE\SOFTWARE\Microsoft\Windows\CurrentVersion\Installer\UserData\S-1-5-18\Components\C595B85E4905CE555847BC00FAFDBE33</Key>
        <Key>HKEY_LOCAL_MACHINE\SOFTWARE\Microsoft\Windows\CurrentVersion\Installer\UserData\S-1-5-18\Components\C61DC4E3EBE5DF34992AE91E2A03BCF0</Key>
        <Key>HKEY_LOCAL_MACHINE\SOFTWARE\Microsoft\Windows\CurrentVersion\Installer\UserData\S-1-5-18\Components\C7212EE649DECAE4481CCC4213657055</Key>
        <Key>HKEY_LOCAL_MACHINE\SOFTWARE\Microsoft\Windows\CurrentVersion\Installer\UserData\S-1-5-18\Components\C7C07552DD3CA5E44A60335C04982212</Key>
        <Key>HKEY_LOCAL_MACHINE\SOFTWARE\Microsoft\Windows\CurrentVersion\Installer\UserData\S-1-5-18\Components\C7D3AA877C6D14457A161AD3F2AF3250</Key>
        <Key>HKEY_LOCAL_MACHINE\SOFTWARE\Microsoft\Windows\CurrentVersion\Installer\UserData\S-1-5-18\Components\C7E4E5826AAB1945A96E7416022B79D9</Key>
        <Key>HKEY_LOCAL_MACHINE\SOFTWARE\Microsoft\Windows\CurrentVersion\Installer\UserData\S-1-5-18\Components\C863EC96E3F28564E8B1BE5E25797D50</Key>
        <Key>HKEY_LOCAL_MACHINE\SOFTWARE\Microsoft\Windows\CurrentVersion\Installer\UserData\S-1-5-18\Components\CAE71BCFEEAC4185FA8A33AD8ACF8EF9</Key>
        <Key>HKEY_LOCAL_MACHINE\SOFTWARE\Microsoft\Windows\CurrentVersion\Installer\UserData\S-1-5-18\Components\CB52F39895ED5B641BDBD10BE058C021</Key>
        <Key>HKEY_LOCAL_MACHINE\SOFTWARE\Microsoft\Windows\CurrentVersion\Installer\UserData\S-1-5-18\Components\CBD9A479D6D443553AC11A6239960E9D</Key>
        <Key>HKEY_LOCAL_MACHINE\SOFTWARE\Microsoft\Windows\CurrentVersion\Installer\UserData\S-1-5-18\Components\CD3B8CFE4E9162A4483B91447BDD645E</Key>
        <Key>HKEY_LOCAL_MACHINE\SOFTWARE\Microsoft\Windows\CurrentVersion\Installer\UserData\S-1-5-18\Components\CD4957C6F2448674294BC50B1A28C162</Key>
        <Key>HKEY_LOCAL_MACHINE\SOFTWARE\Microsoft\Windows\CurrentVersion\Installer\UserData\S-1-5-18\Components\CEAF18FACE7F3F940B910728D198C528</Key>
        <Key>HKEY_LOCAL_MACHINE\SOFTWARE\Microsoft\Windows\CurrentVersion\Installer\UserData\S-1-5-18\Components\CF07CC2B7B11980488C29526403C4E5F</Key>
        <Key>HKEY_LOCAL_MACHINE\SOFTWARE\Microsoft\Windows\CurrentVersion\Installer\UserData\S-1-5-18\Components\D373E3D85DC1435449EC7100260F8BE1</Key>
        <Key>HKEY_LOCAL_MACHINE\SOFTWARE\Microsoft\Windows\CurrentVersion\Installer\UserData\S-1-5-18\Components\D3E483C8959963344A5184B2DDD45310</Key>
        <Key>HKEY_LOCAL_MACHINE\SOFTWARE\Microsoft\Windows\CurrentVersion\Installer\UserData\S-1-5-18\Components\D6083F6400C08865CA06591484076783</Key>
        <Key>HKEY_LOCAL_MACHINE\SOFTWARE\Microsoft\Windows\CurrentVersion\Installer\UserData\S-1-5-18\Components\D703B9FB0E481D04F90DBBE9458A79A3</Key>
        <Key>HKEY_LOCAL_MACHINE\SOFTWARE\Microsoft\Windows\CurrentVersion\Installer\UserData\S-1-5-18\Components\D7D39324166928A4EB5A19F958789701</Key>
        <Key>HKEY_LOCAL_MACHINE\SOFTWARE\Microsoft\Windows\CurrentVersion\Installer\UserData\S-1-5-18\Components\D87BDE10EA29BEE468DE14DECC75A769</Key>
        <Key>HKEY_LOCAL_MACHINE\SOFTWARE\Microsoft\Windows\CurrentVersion\Installer\UserData\S-1-5-18\Components\D899C3AE737EC87419F182F8CAAF7E26</Key>
        <Key>HKEY_LOCAL_MACHINE\SOFTWARE\Microsoft\Windows\CurrentVersion\Installer\UserData\S-1-5-18\Components\D9E534893C6836F56B403C9F751CBDD2</Key>
        <Key>HKEY_LOCAL_MACHINE\SOFTWARE\Microsoft\Windows\CurrentVersion\Installer\UserData\S-1-5-18\Components\DB6BE4A685ED9CE51ABE4AE04D0502BC</Key>
        <Key>HKEY_LOCAL_MACHINE\SOFTWARE\Microsoft\Windows\CurrentVersion\Installer\UserData\S-1-5-18\Components\DBE87BD27188A434091B9D7231B6C5BD</Key>
        <Key>HKEY_LOCAL_MACHINE\SOFTWARE\Microsoft\Windows\CurrentVersion\Installer\UserData\S-1-5-18\Components\DDF102565248EE443954CBA4BA0AC08F</Key>
        <Key>HKEY_LOCAL_MACHINE\SOFTWARE\Microsoft\Windows\CurrentVersion\Installer\UserData\S-1-5-18\Components\DF021B05713D123508457AA8AEF96223</Key>
        <Key>HKEY_LOCAL_MACHINE\SOFTWARE\Microsoft\Windows\CurrentVersion\Installer\UserData\S-1-5-18\Components\DF2CF4A10420C8F5491243003672F2B3</Key>
        <Key>HKEY_LOCAL_MACHINE\SOFTWARE\Microsoft\Windows\CurrentVersion\Installer\UserData\S-1-5-18\Components\E03AF6FB00AE1AD54A8FF6399C600E79</Key>
        <Key>HKEY_LOCAL_MACHINE\SOFTWARE\Microsoft\Windows\CurrentVersion\Installer\UserData\S-1-5-18\Components\E0852E2F6AB96EC4AB058A70414F7415</Key>
        <Key>HKEY_LOCAL_MACHINE\SOFTWARE\Microsoft\Windows\CurrentVersion\Installer\UserData\S-1-5-18\Components\E13B92957BDA0534EA7164B4C254B611</Key>
        <Key>HKEY_LOCAL_MACHINE\SOFTWARE\Microsoft\Windows\CurrentVersion\Installer\UserData\S-1-5-18\Components\E2B76F6D7DAD6045EA39ED634CB0396F</Key>
        <Key>HKEY_LOCAL_MACHINE\SOFTWARE\Microsoft\Windows\CurrentVersion\Installer\UserData\S-1-5-18\Components\E3584B244D33BDB439656876AF729F6B</Key>
        <Key>HKEY_LOCAL_MACHINE\SOFTWARE\Microsoft\Windows\CurrentVersion\Installer\UserData\S-1-5-18\Components\E3AA5538C94FB0C4CA77E6366F961CA8</Key>
        <Key>HKEY_LOCAL_MACHINE\SOFTWARE\Microsoft\Windows\CurrentVersion\Installer\UserData\S-1-5-18\Components\E4902546CCB85C04D9D906C458B42A9A</Key>
        <Key>HKEY_LOCAL_MACHINE\SOFTWARE\Microsoft\Windows\CurrentVersion\Installer\UserData\S-1-5-18\Components\E4D3FDD1909AFAA569823FFBE94EF0BE</Key>
        <Key>HKEY_LOCAL_MACHINE\SOFTWARE\Microsoft\Windows\CurrentVersion\Installer\UserData\S-1-5-18\Components\E66BCC02AC3FCCA498B04A166F1BE46C</Key>
        <Key>HKEY_LOCAL_MACHINE\SOFTWARE\Microsoft\Windows\CurrentVersion\Installer\UserData\S-1-5-18\Components\E6EC9B60D44963056A21C4CAFEB3C690</Key>
        <Key>HKEY_LOCAL_MACHINE\SOFTWARE\Microsoft\Windows\CurrentVersion\Installer\UserData\S-1-5-18\Components\E6EFD191CF03DD11488958F2658D5939</Key>
        <Key>HKEY_LOCAL_MACHINE\SOFTWARE\Microsoft\Windows\CurrentVersion\Installer\UserData\S-1-5-18\Components\E7F22A52F13EB5942A407B924583685B</Key>
        <Key>HKEY_LOCAL_MACHINE\SOFTWARE\Microsoft\Windows\CurrentVersion\Installer\UserData\S-1-5-18\Components\E88C6A5566853744CBE92C038CD9F5C6</Key>
        <Key>HKEY_LOCAL_MACHINE\SOFTWARE\Microsoft\Windows\CurrentVersion\Installer\UserData\S-1-5-18\Components\E88FEF955FADB455BB0D5D5B71273249</Key>
        <Key>HKEY_LOCAL_MACHINE\SOFTWARE\Microsoft\Windows\CurrentVersion\Installer\UserData\S-1-5-18\Components\E8F0B3999EF282540A6C78580FE2538E</Key>
        <Key>HKEY_LOCAL_MACHINE\SOFTWARE\Microsoft\Windows\CurrentVersion\Installer\UserData\S-1-5-18\Components\EA82CACCBF71FFE4AA4F41FA80ABA0F8</Key>
        <Key>HKEY_LOCAL_MACHINE\SOFTWARE\Microsoft\Windows\CurrentVersion\Installer\UserData\S-1-5-18\Components\EF4B2A01F44165F49A0696ADC59DFF51</Key>
        <Key>HKEY_LOCAL_MACHINE\SOFTWARE\Microsoft\Windows\CurrentVersion\Installer\UserData\S-1-5-18\Components\F09AC0FB62D4B184E96745842604B54F</Key>
        <Key>HKEY_LOCAL_MACHINE\SOFTWARE\Microsoft\Windows\CurrentVersion\Installer\UserData\S-1-5-18\Components\F1886899FEF89154488FBF221FF77D21</Key>
        <Key>HKEY_LOCAL_MACHINE\SOFTWARE\Microsoft\Windows\CurrentVersion\Installer\UserData\S-1-5-18\Components\F41364EB6462432488EAECCF1E1A21D5</Key>
        <Key>HKEY_LOCAL_MACHINE\SOFTWARE\Microsoft\Windows\CurrentVersion\Installer\UserData\S-1-5-18\Components\F4B529109D0F27D4BADB5306DCD3BA5D</Key>
        <Key>HKEY_LOCAL_MACHINE\SOFTWARE\Microsoft\Windows\CurrentVersion\Installer\UserData\S-1-5-18\Components\F62B3F4639BC7414AA591DD3A7F24895</Key>
        <Key>HKEY_LOCAL_MACHINE\SOFTWARE\Microsoft\Windows\CurrentVersion\Installer\UserData\S-1-5-18\Components\F7AF3AEC7FC2BF65787F5E821CC0EEB6</Key>
        <Key>HKEY_LOCAL_MACHINE\SOFTWARE\Microsoft\Windows\CurrentVersion\Installer\UserData\S-1-5-18\Components\F8C8D04BC65843D4083D4B3157D43F31</Key>
        <Key>HKEY_LOCAL_MACHINE\SOFTWARE\Microsoft\Windows\CurrentVersion\Installer\UserData\S-1-5-18\Components\F904EB339502A4F49BCAB57F0869EE7F</Key>
        <Key>HKEY_LOCAL_MACHINE\SOFTWARE\Microsoft\Windows\CurrentVersion\Installer\UserData\S-1-5-18\Components\F90C03E432DBB2A4DB12766607BAAFF3</Key>
        <Key>HKEY_LOCAL_MACHINE\SOFTWARE\Microsoft\Windows\CurrentVersion\Installer\UserData\S-1-5-18\Components\F91BA6BBC1D9B1751A114DD48EE5D8AF</Key>
        <Key>HKEY_LOCAL_MACHINE\SOFTWARE\Microsoft\Windows\CurrentVersion\Installer\UserData\S-1-5-18\Components\FA5C4790953FE0949A19C4600DA0AACC</Key>
        <Key>HKEY_LOCAL_MACHINE\SOFTWARE\Microsoft\Windows\CurrentVersion\Installer\UserData\S-1-5-18\Components\FA8ABC21800FA5840B36B4169328088D</Key>
        <Key>HKEY_LOCAL_MACHINE\SOFTWARE\Microsoft\Windows\CurrentVersion\Installer\UserData\S-1-5-18\Components\FAA970D16C36FF444935B507F9F5360C</Key>
        <Key>HKEY_LOCAL_MACHINE\SOFTWARE\Microsoft\Windows\CurrentVersion\Installer\UserData\S-1-5-18\Components\FFC622CBB6F37F34A9198F59D2269B61</Key>
        <Key>HKEY_LOCAL_MACHINE\SOFTWARE\Microsoft\Windows\CurrentVersion\Installer\UserData\S-1-5-18\Products\F26BE0081165B064494181801DC57ABB</Key>
        <Key>HKEY_LOCAL_MACHINE\SOFTWARE\Microsoft\Windows\CurrentVersion\Setup\PnpLockdownFiles\%SystemRoot%/system32/DRIVERS/vmnet.sys</Key>
        <Key>HKEY_LOCAL_MACHINE\SOFTWARE\Microsoft\Windows\CurrentVersion\Setup\PnpLockdownFiles\%SystemRoot%/system32/DRIVERS/vmnetbridge.sys</Key>
        <Key>HKEY_LOCAL_MACHINE\SOFTWARE\Microsoft\Windows\CurrentVersion\Setup\PnpLockdownFiles\%SystemRoot%/system32/vmnetbridge.dll</Key>
        <Key>HKEY_LOCAL_MACHINE\SOFTWARE\Microsoft\Windows\CurrentVersion\Setup\PnpResources\Registry\HKLM\SYSTEM\CurrentControlSet\Services\VMnetBridge</Key>
        <Key>HKEY_LOCAL_MACHINE\SOFTWARE\Microsoft\Windows\CurrentVersion\Uninstall\{800EB62F-5611-460B-9414-1808D15CA7BB}</Key>
        <Key>HKEY_LOCAL_MACHINE\SOFTWARE\VMware, Inc.</Key>
        <Key>HKEY_LOCAL_MACHINE\SOFTWARE\WOW6432Node\Microsoft\Internet Explorer\ActiveX Compatibility\{420F0000-71EB-4757-B979-418F039FC1F9}</Key>
        <Key>HKEY_LOCAL_MACHINE\SOFTWARE\WOW6432Node\Microsoft\Internet Explorer\ActiveX Compatibility\{BC1F4B6F-13AB-4239-8C79-D6DCADC52BAA}</Key>
        <Key>HKEY_LOCAL_MACHINE\SOFTWARE\WOW6432Node\Microsoft\Internet Explorer\ActiveX Compatibility\{DFC76A6B-4873-458C-AB00-40B1FC028001}</Key>
        <Key>HKEY_LOCAL_MACHINE\SOFTWARE\WOW6432Node\ThinPrint</Key>
        <Key>HKEY_LOCAL_MACHINE\SOFTWARE\WOW6432Node\VMware, Inc.</Key>
        <Key>HKEY_LOCAL_MACHINE\SYSTEM\ControlSet001\Enum\ROOT\VMWARE</Key>
        <Key>HKEY_LOCAL_MACHINE\SYSTEM\ControlSet001\Enum\ROOT\VMWVMCIHOSTDEV</Key>
        <Key>HKEY_LOCAL_MACHINE\SYSTEM\ControlSet001\Hardware Profiles\0001\System\CurrentControlSet\Enum\ROOT\VMWARE</Key>
        <Key>HKEY_LOCAL_MACHINE\SYSTEM\ControlSet001\Services\EventLog\Application\VMware NAT Service</Key>
        <Key>HKEY_LOCAL_MACHINE\SYSTEM\ControlSet001\Services\EventLog\Application\vmauthd</Key>
        <Key>HKEY_LOCAL_MACHINE\SYSTEM\ControlSet001\Services\EventLog\System\VMnetBridge</Key>
        <Key>HKEY_LOCAL_MACHINE\SYSTEM\ControlSet001\Services\EventLog\System\VMnetDHCP</Key>
        <Key>HKEY_LOCAL_MACHINE\SYSTEM\ControlSet001\Services\EventLog\System\VMnetuserif</Key>
        <Key>HKEY_LOCAL_MACHINE\SYSTEM\ControlSet001\Services\EventLog\System\hcmon</Key>
        <Key>HKEY_LOCAL_MACHINE\SYSTEM\ControlSet001\Services\VMnetBridge\Parameters</Key>
        <Key>HKEY_LOCAL_MACHINE\SYSTEM\ControlSet001\Services\VMnetDHCP\Parameters</Key>
        <Key>HKEY_LOCAL_MACHINE\SYSTEM\ControlSet001\Services\VMnetuserif</Key>
        <Key>HKEY_LOCAL_MACHINE\SYSTEM\ControlSet001\Services\VMware</Key>
        <Key>HKEY_LOCAL_MACHINE\SYSTEM\ControlSet001\Services\VMware NAT Service\Parameters</Key>
        <Key>HKEY_LOCAL_MACHINE\SYSTEM\ControlSet001\Services\hcmon</Key>
        <Key>HKEY_LOCAL_MACHINE\SYSTEM\ControlSet001\Services\vmci</Key>
        <Key>HKEY_LOCAL_MACHINE\SYSTEM\ControlSet001\Services\vmx86</Key>
        <Key>HKEY_LOCAL_MACHINE\SYSTEM\ControlSet001\Services\vsock</Key>
        <Key>HKEY_USERS\.DEFAULT\Software\Classes\Local Settings\MuiCache\3c1</Key>
    </RegistryKeys>
    <RegistryValues>
        <Value Key="HKEY_CURRENT_USER\SOFTWARE\Microsoft\Windows\CurrentVersion\Explorer\ComDlg32\CIDSizeMRU">3</Value>
        <Value Key="HKEY_CURRENT_USER\SOFTWARE\Microsoft\Windows\CurrentVersion\Explorer\ComDlg32\LastVisitedPidlMRU">2</Value>
        <Value Key="HKEY_CURRENT_USER\SOFTWARE\Microsoft\Windows\CurrentVersion\Explorer\ComDlg32\OpenSavePidlMRU\*">5</Value>
        <Value Key="HKEY_CURRENT_USER\Software\Classes\Local Settings\MuiCache\3c1\B1A07F78">@%SystemRoot%\system32\WindowsPowerShell\v1.0\powershell.exe,-124</Value>
        <Value Key="HKEY_CURRENT_USER\Software\Classes\Local Settings\MuiCache\3c1\B1A07F78">@%SystemRoot%\system32\dnsapi.dll,-103</Value>
        <Value Key="HKEY_CURRENT_USER\Software\Classes\Local Settings\MuiCache\3c1\B1A07F78">@C:\Program Files\Microsoft Office\Root\VFS\ProgramFilesCommonX64\Microsoft Shared\Office16\oregres.dll,-101</Value>
        <Value Key="HKEY_CURRENT_USER\Software\Classes\Local Settings\MuiCache\3c1\B1A07F78">@C:\Program Files\Microsoft Office\Root\VFS\ProgramFilesCommonX64\Microsoft Shared\Office16\oregres.dll,-123</Value>
        <Value Key="HKEY_CURRENT_USER\Software\Classes\Local Settings\MuiCache\3c1\B1A07F78">@C:\Program Files\Microsoft Office\Root\VFS\ProgramFilesCommonX64\Microsoft Shared\Office16\oregres.dll,-174</Value>
        <Value Key="HKEY_CURRENT_USER\Software\Classes\Local Settings\MuiCache\3c1\B1A07F78">@windows.storage.dll,-21824</Value>
        <Value Key="HKEY_CURRENT_USER\Software\Classes\Local Settings\MuiCache\3c1\B1A07F78">@windows.storage.dll,-34583</Value>
        <Value Key="HKEY_CURRENT_USER\Software\Classes\Local Settings\Software\Microsoft\Windows\Shell\BagMRU\0\5\2\2">52</Value>
        <Value Key="HKEY_LOCAL_MACHINE\SOFTWARE\Microsoft\Windows\CurrentVersion\Installer\Folders">C:\Program Files (x86)\Common Files\ThinPrint\</Value>
        <Value Key="HKEY_LOCAL_MACHINE\SOFTWARE\Microsoft\Windows\CurrentVersion\Installer\Folders">C:\Program Files (x86)\Common Files\VMware\USB\</Value>
        <Value Key="HKEY_LOCAL_MACHINE\SOFTWARE\Microsoft\Windows\CurrentVersion\Installer\Folders">C:\Program Files (x86)\Common Files\VMware\USB\DriverCache\</Value>
        <Value Key="HKEY_LOCAL_MACHINE\SOFTWARE\Microsoft\Windows\CurrentVersion\Installer\Folders">C:\Program Files (x86)\Common Files\VMware\USB\x64\</Value>
        <Value Key="HKEY_LOCAL_MACHINE\SOFTWARE\Microsoft\Windows\CurrentVersion\Installer\Folders">C:\Program Files (x86)\VMware\</Value>
        <Value Key="HKEY_LOCAL_MACHINE\SOFTWARE\Microsoft\Windows\CurrentVersion\Installer\Folders">C:\Program Files (x86)\VMware\VMware Player\</Value>
        <Value Key="HKEY_LOCAL_MACHINE\SOFTWARE\Microsoft\Windows\CurrentVersion\Installer\Folders">C:\Program Files (x86)\VMware\VMware Player\OVFTool\</Value>
        <Value Key="HKEY_LOCAL_MACHINE\SOFTWARE\Microsoft\Windows\CurrentVersion\Installer\Folders">C:\Program Files (x86)\VMware\VMware Player\OVFTool\env\</Value>
        <Value Key="HKEY_LOCAL_MACHINE\SOFTWARE\Microsoft\Windows\CurrentVersion\Installer\Folders">C:\Program Files (x86)\VMware\VMware Player\OVFTool\env\en\</Value>
        <Value Key="HKEY_LOCAL_MACHINE\SOFTWARE\Microsoft\Windows\CurrentVersion\Installer\Folders">C:\Program Files (x86)\VMware\VMware Player\OVFTool\schemas\</Value>
        <Value Key="HKEY_LOCAL_MACHINE\SOFTWARE\Microsoft\Windows\CurrentVersion\Installer\Folders">C:\Program Files (x86)\VMware\VMware Player\OVFTool\schemas\DMTF\</Value>
        <Value Key="HKEY_LOCAL_MACHINE\SOFTWARE\Microsoft\Windows\CurrentVersion\Installer\Folders">C:\Program Files (x86)\VMware\VMware Player\OVFTool\schemas\vmware\</Value>
        <Value Key="HKEY_LOCAL_MACHINE\SOFTWARE\Microsoft\Windows\CurrentVersion\Installer\Folders">C:\Program Files (x86)\VMware\VMware Player\Resources\</Value>
        <Value Key="HKEY_LOCAL_MACHINE\SOFTWARE\Microsoft\Windows\CurrentVersion\Installer\Folders">C:\Program Files (x86)\VMware\VMware Player\bin\</Value>
        <Value Key="HKEY_LOCAL_MACHINE\SOFTWARE\Microsoft\Windows\CurrentVersion\Installer\Folders">C:\Program Files (x86)\VMware\VMware Player\ico\</Value>
        <Value Key="HKEY_LOCAL_MACHINE\SOFTWARE\Microsoft\Windows\CurrentVersion\Installer\Folders">C:\Program Files (x86)\VMware\VMware Player\messages\</Value>
        <Value Key="HKEY_LOCAL_MACHINE\SOFTWARE\Microsoft\Windows\CurrentVersion\Installer\Folders">C:\Program Files (x86)\VMware\VMware Player\messages\ja\</Value>
        <Value Key="HKEY_LOCAL_MACHINE\SOFTWARE\Microsoft\Windows\CurrentVersion\Installer\Folders">C:\Program Files (x86)\VMware\VMware Player\messages\zh_CN\</Value>
        <Value Key="HKEY_LOCAL_MACHINE\SOFTWARE\Microsoft\Windows\CurrentVersion\Installer\Folders">C:\Program Files (x86)\VMware\VMware Player\tools-upgraders\</Value>
        <Value Key="HKEY_LOCAL_MACHINE\SOFTWARE\Microsoft\Windows\CurrentVersion\Installer\Folders">C:\Program Files (x86)\VMware\VMware Player\vkd\</Value>
        <Value Key="HKEY_LOCAL_MACHINE\SOFTWARE\Microsoft\Windows\CurrentVersion\Installer\Folders">C:\Program Files (x86)\VMware\VMware Player\x64\</Value>
        <Value Key="HKEY_LOCAL_MACHINE\SOFTWARE\Microsoft\Windows\CurrentVersion\Installer\Folders">C:\Program Files\Common Files\VMware\</Value>
        <Value Key="HKEY_LOCAL_MACHINE\SOFTWARE\Microsoft\Windows\CurrentVersion\Installer\Folders">C:\Program Files\Common Files\VMware\Drivers\</Value>
        <Value Key="HKEY_LOCAL_MACHINE\SOFTWARE\Microsoft\Windows\CurrentVersion\Installer\Folders">C:\Program Files\Common Files\VMware\Drivers\hcmon\</Value>
        <Value Key="HKEY_LOCAL_MACHINE\SOFTWARE\Microsoft\Windows\CurrentVersion\Installer\Folders">C:\Program Files\Common Files\VMware\Drivers\hcmon\Win7\</Value>
        <Value Key="HKEY_LOCAL_MACHINE\SOFTWARE\Microsoft\Windows\CurrentVersion\Installer\Folders">C:\Program Files\Common Files\VMware\Drivers\vmci\</Value>
        <Value Key="HKEY_LOCAL_MACHINE\SOFTWARE\Microsoft\Windows\CurrentVersion\Installer\Folders">C:\Program Files\Common Files\VMware\Drivers\vmci\device\</Value>
        <Value Key="HKEY_LOCAL_MACHINE\SOFTWARE\Microsoft\Windows\CurrentVersion\Installer\Folders">C:\Program Files\Common Files\VMware\Drivers\vmci\device\Win8\</Value>
        <Value Key="HKEY_LOCAL_MACHINE\SOFTWARE\Microsoft\Windows\CurrentVersion\Installer\Folders">C:\Program Files\Common Files\VMware\Drivers\vmci\sockets\</Value>
        <Value Key="HKEY_LOCAL_MACHINE\SOFTWARE\Microsoft\Windows\CurrentVersion\Installer\Folders">C:\Program Files\Common Files\VMware\Drivers\vmci\sockets\Win8\</Value>
        <Value Key="HKEY_LOCAL_MACHINE\SOFTWARE\Microsoft\Windows\CurrentVersion\Installer\Folders">C:\Program Files\Common Files\VMware\Drivers\vmci\sockets\include\</Value>
        <Value Key="HKEY_LOCAL_MACHINE\SOFTWARE\Microsoft\Windows\CurrentVersion\Installer\Folders">C:\Program Files\Common Files\VMware\Drivers\vmusb\</Value>
        <Value Key="HKEY_LOCAL_MACHINE\SOFTWARE\Microsoft\Windows\CurrentVersion\Installer\Folders">C:\Program Files\Common Files\VMware\Drivers\vmusb\Win8\</Value>
        <Value Key="HKEY_LOCAL_MACHINE\SOFTWARE\Microsoft\Windows\CurrentVersion\Installer\Folders">C:\Program Files\Common Files\VMware\Drivers\vmx86\</Value>
        <Value Key="HKEY_LOCAL_MACHINE\SOFTWARE\Microsoft\Windows\CurrentVersion\Installer\Folders">C:\Program Files\Common Files\VMware\Drivers\vmx86\Win8\</Value>
        <Value Key="HKEY_LOCAL_MACHINE\SOFTWARE\Microsoft\Windows\CurrentVersion\Installer\Folders">C:\ProgramData\Microsoft\Windows\Start Menu\Programs\VMware\</Value>
        <Value Key="HKEY_LOCAL_MACHINE\SOFTWARE\Microsoft\Windows\CurrentVersion\Installer\Folders">C:\ProgramData\VMware\VMware KVM\</Value>
        <Value Key="HKEY_LOCAL_MACHINE\SOFTWARE\Microsoft\Windows\CurrentVersion\Installer\Folders">C:\ProgramData\VMware\VMware USB Arbitration Service\</Value>
        <Value Key="HKEY_LOCAL_MACHINE\SOFTWARE\Microsoft\Windows\CurrentVersion\Installer\Folders">C:\ProgramData\VMware\VMware Workstation\</Value>
        <Value Key="HKEY_LOCAL_MACHINE\SOFTWARE\Microsoft\Windows\CurrentVersion\Installer\Folders">C:\ProgramData\VMware\vnckeymap\</Value>
        <Value Key="HKEY_LOCAL_MACHINE\SOFTWARE\Microsoft\Windows\CurrentVersion\Installer\Folders">C:\Windows\Installer\{800EB62F-5611-460B-9414-1808D15CA7BB}\</Value>
        <Value Key="HKEY_LOCAL_MACHINE\SOFTWARE\WOW6432Node\Microsoft\Windows\CurrentVersion\SharedDlls">C:\Program Files (x86)\Common Files\ThinPrint\TPPrintTicket.dll</Value>
        <Value Key="HKEY_LOCAL_MACHINE\SOFTWARE\WOW6432Node\Microsoft\Windows\CurrentVersion\SharedDlls">C:\Program Files (x86)\Common Files\ThinPrint\tpview.dll</Value>
        <Value Key="HKEY_LOCAL_MACHINE\SYSTEM\ControlSet001\Services\VMnetBridge">TextModeFlags</Value>
        <Value Key="HKEY_USERS\.DEFAULT\Control Panel\Desktop">LowLevelHooksTimeout</Value>
    </RegistryValues>
</ProgramTraces>
