<?xml version="1.0" encoding="UTF-8" ?>
<ProgramTraces version="1">
    <Folders>
        <Folder>C:\Program Files (x86)\Google\Update\1.3.31.6</Folder>
        <Folder>C:\Program Files\Google\Drive File Stream</Folder>
        <Folder>C:\Users\71288\AppData\Local\CEF</Folder>
        <Folder>C:\Users\71288\AppData\Local\Google\DriveFS</Folder>
        <Folder>D:\sys\temp\GoogleDrive</Folder>
        <Folder>D:\sys\tmp\UninstallToolPortableTemp\GoogleUpdateSetup_210108155500_5900</Folder>
    </Folders>
    <Files>
        <File>C:\ProgramData\Intel\ShaderCache\GoogleDriveFS_0</File>
        <File>C:\ProgramData\Intel\ShaderCache\GoogleDriveFS_1</File>
        <File>C:\ProgramData\Intel\ShaderCache\GoogleDriveFS_2</File>
        <File>C:\ProgramData\Microsoft\Windows\Start Menu\Programs\Drive File Stream.lnk</File>
        <File>C:\Users\71288\AppData\Roaming\doublecmd\doublecmd.xml</File>
        <File>C:\Users\71288\AppData\Roaming\doublecmd\history.xml</File>
        <File>C:\Windows\System32\drivers\googledrivefs3301.sys</File>
        <File>C:\Windows\Tasks\GoogleUpdateTaskMachineCore.job</File>
        <File>C:\Windows\Tasks\GoogleUpdateTaskMachineUA.job</File>
        <File>D:\sys\tmp\UninstallToolPortableTemp\476275c3-4074-4591-acfe-bfe9127f4936.bat</File>
        <File>D:\sys\tmp\UninstallToolPortableTemp\GoogleDFSSetup_210108155457_5900.log</File>
        <File>D:\sys\tmp\UninstallToolPortableTemp\drive_fs_td_2_4359668_foreign.ico</File>
        <File>D:\sys\tmp\UninstallToolPortableTemp\drive_fs_td_2_8158332.ico</File>
        <File>D:\sys\tmp\UninstallToolPortableTemp\drive_fs_td_2_8158332_foreign.ico</File>
        <File>D:\sys\tmp\drive_fs_td_2_4359668_foreign.ico</File>
        <File>D:\sys\tmp\drive_fs_td_2_8158332.ico</File>
        <File>D:\sys\tmp\drive_fs_td_2_8158332_foreign.ico</File>
    </Files>
    <RegistryKeys>
        <Key>HKEY_CURRENT_USER\SOFTWARE\Google\DriveFS</Key>
        <Key>HKEY_CURRENT_USER\SOFTWARE\Google\Update\ClientState</Key>
        <Key>HKEY_CURRENT_USER\SOFTWARE\Microsoft\Internet Explorer\Main\FeatureControl</Key>
        <Key>HKEY_CURRENT_USER\SOFTWARE\Microsoft\Office\Outlook\Addins\DriveFSExtensionLib.Connect</Key>
        <Key>HKEY_CURRENT_USER\SOFTWARE\Microsoft\Office\Outlook\Addins\DriveFSExtensionLib.Meet</Key>
        <Key>HKEY_CURRENT_USER\Software\Classes\.bmp\shellex</Key>
        <Key>HKEY_CURRENT_USER\Software\Classes\.gcse</Key>
        <Key>HKEY_CURRENT_USER\Software\Classes\.gdoc</Key>
        <Key>HKEY_CURRENT_USER\Software\Classes\.gdraw</Key>
        <Key>HKEY_CURRENT_USER\Software\Classes\.gform</Key>
        <Key>HKEY_CURRENT_USER\Software\Classes\.gjam</Key>
        <Key>HKEY_CURRENT_USER\Software\Classes\.glink</Key>
        <Key>HKEY_CURRENT_USER\Software\Classes\.gmap</Key>
        <Key>HKEY_CURRENT_USER\Software\Classes\.gnote</Key>
        <Key>HKEY_CURRENT_USER\Software\Classes\.gscript</Key>
        <Key>HKEY_CURRENT_USER\Software\Classes\.gsheet</Key>
        <Key>HKEY_CURRENT_USER\Software\Classes\.gsite</Key>
        <Key>HKEY_CURRENT_USER\Software\Classes\.gslides</Key>
        <Key>HKEY_CURRENT_USER\Software\Classes\.gtable</Key>
        <Key>HKEY_CURRENT_USER\Software\Classes\.png\shellex</Key>
        <Key>HKEY_CURRENT_USER\Software\Classes\GoogleDriveFS.gcse</Key>
        <Key>HKEY_CURRENT_USER\Software\Classes\GoogleDriveFS.gdoc</Key>
        <Key>HKEY_CURRENT_USER\Software\Classes\GoogleDriveFS.gdraw</Key>
        <Key>HKEY_CURRENT_USER\Software\Classes\GoogleDriveFS.gform</Key>
        <Key>HKEY_CURRENT_USER\Software\Classes\GoogleDriveFS.gjam</Key>
        <Key>HKEY_CURRENT_USER\Software\Classes\GoogleDriveFS.glink</Key>
        <Key>HKEY_CURRENT_USER\Software\Classes\GoogleDriveFS.gmap</Key>
        <Key>HKEY_CURRENT_USER\Software\Classes\GoogleDriveFS.gnote</Key>
        <Key>HKEY_CURRENT_USER\Software\Classes\GoogleDriveFS.gscript</Key>
        <Key>HKEY_CURRENT_USER\Software\Classes\GoogleDriveFS.gsheet</Key>
        <Key>HKEY_CURRENT_USER\Software\Classes\GoogleDriveFS.gsite</Key>
        <Key>HKEY_CURRENT_USER\Software\Classes\GoogleDriveFS.gslides</Key>
        <Key>HKEY_CURRENT_USER\Software\Classes\GoogleDriveFS.gtable</Key>
        <Key>HKEY_CURRENT_USER\Software\Classes\Local Settings\Software\Microsoft\Windows\Shell\BagMRU\0\5\0\0\5</Key>
        <Key>HKEY_CURRENT_USER\Software\Classes\Local Settings\Software\Microsoft\Windows\Shell\BagMRU\6\0\0\3</Key>
        <Key>HKEY_CURRENT_USER\Software\Classes\Local Settings\Software\Microsoft\Windows\Shell\Bags\1490</Key>
        <Key>HKEY_CURRENT_USER\Software\Classes\Local Settings\Software\Microsoft\Windows\Shell\Bags\1491</Key>
        <Key>HKEY_CURRENT_USER\Software\Classes\Software\Microsoft\Windows\CurrentVersion\Run</Key>
        <Key>HKEY_CURRENT_USER\Software\Classes\gcse</Key>
        <Key>HKEY_CURRENT_USER\Software\Classes\gdoc</Key>
        <Key>HKEY_CURRENT_USER\Software\Classes\gdraw</Key>
        <Key>HKEY_CURRENT_USER\Software\Classes\gform</Key>
        <Key>HKEY_CURRENT_USER\Software\Classes\gjam</Key>
        <Key>HKEY_CURRENT_USER\Software\Classes\glink</Key>
        <Key>HKEY_CURRENT_USER\Software\Classes\gmap</Key>
        <Key>HKEY_CURRENT_USER\Software\Classes\gnote</Key>
        <Key>HKEY_CURRENT_USER\Software\Classes\gscript</Key>
        <Key>HKEY_CURRENT_USER\Software\Classes\gsheet</Key>
        <Key>HKEY_CURRENT_USER\Software\Classes\gsite</Key>
        <Key>HKEY_CURRENT_USER\Software\Classes\gslides</Key>
        <Key>HKEY_CURRENT_USER\Software\Classes\gtable</Key>
        <Key>HKEY_LOCAL_MACHINE\SOFTWARE\Classes\*\shellex\ContextMenuHandlers\DriveFS 28 or later</Key>
        <Key>HKEY_LOCAL_MACHINE\SOFTWARE\Classes\AppID\{4EB61BAC-A3B6-4760-9581-655041EF4D69}</Key>
        <Key>HKEY_LOCAL_MACHINE\SOFTWARE\Classes\AppID\{9465B4B4-5216-4042-9A2C-754D3BCDC410}</Key>
        <Key>HKEY_LOCAL_MACHINE\SOFTWARE\Classes\CLSID\{03E6C474-8D95-4C1B-9268-4AA3FA16DE4F}</Key>
        <Key>HKEY_LOCAL_MACHINE\SOFTWARE\Classes\CLSID\{51EF1569-67EE-4AD6-9646-E726C3FFC8A2}</Key>
        <Key>HKEY_LOCAL_MACHINE\SOFTWARE\Classes\CLSID\{8AD5CECD-DF0D-41C3-BA21-1E22114CC73C}</Key>
        <Key>HKEY_LOCAL_MACHINE\SOFTWARE\Classes\CLSID\{A8E52322-8734-481D-A7E2-27B309EF8D56}</Key>
        <Key>HKEY_LOCAL_MACHINE\SOFTWARE\Classes\CLSID\{BFB16C71-7209-4534-8A47-AD6BABC3A66F}</Key>
        <Key>HKEY_LOCAL_MACHINE\SOFTWARE\Classes\CLSID\{C973DA94-CBDF-4E77-81D1-E5B794FBD146}</Key>
        <Key>HKEY_LOCAL_MACHINE\SOFTWARE\Classes\CLSID\{CFE8B367-77A7-41D7-9C90-75D16D7DC6B6}</Key>
        <Key>HKEY_LOCAL_MACHINE\SOFTWARE\Classes\CLSID\{EE15C2BD-CECB-49F8-A113-CA1BFC528F5B}</Key>
        <Key>HKEY_LOCAL_MACHINE\SOFTWARE\Classes\CLSID\{F1196F08-BAFE-4C9C-AEE7-71C69DA5B818}</Key>
        <Key>HKEY_LOCAL_MACHINE\SOFTWARE\Classes\Directory\background\shellex\ContextMenuHandlers\DriveFS 28 or later</Key>
        <Key>HKEY_LOCAL_MACHINE\SOFTWARE\Classes\Directory\shellex\ContextMenuHandlers\DriveFS 28 or later</Key>
        <Key>HKEY_LOCAL_MACHINE\SOFTWARE\Classes\DriveFSExtensionLib.Connect</Key>
        <Key>HKEY_LOCAL_MACHINE\SOFTWARE\Classes\DriveFSExtensionLib.Connect.1</Key>
        <Key>HKEY_LOCAL_MACHINE\SOFTWARE\Classes\DriveFSExtensionLib.Meet</Key>
        <Key>HKEY_LOCAL_MACHINE\SOFTWARE\Classes\DriveFSExtensionLib.Meet.1</Key>
        <Key>HKEY_LOCAL_MACHINE\SOFTWARE\Classes\Google.OneClickCtrl.9</Key>
        <Key>HKEY_LOCAL_MACHINE\SOFTWARE\Classes\Google.OneClickProcessLauncherMachine</Key>
        <Key>HKEY_LOCAL_MACHINE\SOFTWARE\Classes\Google.OneClickProcessLauncherMachine.1.0</Key>
        <Key>HKEY_LOCAL_MACHINE\SOFTWARE\Classes\Google.Update3WebControl.3</Key>
        <Key>HKEY_LOCAL_MACHINE\SOFTWARE\Classes\GoogleUpdate.CoCreateAsync</Key>
        <Key>HKEY_LOCAL_MACHINE\SOFTWARE\Classes\GoogleUpdate.CoCreateAsync.1.0</Key>
        <Key>HKEY_LOCAL_MACHINE\SOFTWARE\Classes\GoogleUpdate.CoreClass</Key>
        <Key>HKEY_LOCAL_MACHINE\SOFTWARE\Classes\GoogleUpdate.CoreClass.1</Key>
        <Key>HKEY_LOCAL_MACHINE\SOFTWARE\Classes\GoogleUpdate.CoreMachineClass</Key>
        <Key>HKEY_LOCAL_MACHINE\SOFTWARE\Classes\GoogleUpdate.CoreMachineClass.1</Key>
        <Key>HKEY_LOCAL_MACHINE\SOFTWARE\Classes\GoogleUpdate.CredentialDialogMachine</Key>
        <Key>HKEY_LOCAL_MACHINE\SOFTWARE\Classes\GoogleUpdate.CredentialDialogMachine.1.0</Key>
        <Key>HKEY_LOCAL_MACHINE\SOFTWARE\Classes\GoogleUpdate.OnDemandCOMClassMachine</Key>
        <Key>HKEY_LOCAL_MACHINE\SOFTWARE\Classes\GoogleUpdate.OnDemandCOMClassMachine.1.0</Key>
        <Key>HKEY_LOCAL_MACHINE\SOFTWARE\Classes\GoogleUpdate.OnDemandCOMClassMachineFallback</Key>
        <Key>HKEY_LOCAL_MACHINE\SOFTWARE\Classes\GoogleUpdate.OnDemandCOMClassMachineFallback.1.0</Key>
        <Key>HKEY_LOCAL_MACHINE\SOFTWARE\Classes\GoogleUpdate.OnDemandCOMClassSvc</Key>
        <Key>HKEY_LOCAL_MACHINE\SOFTWARE\Classes\GoogleUpdate.OnDemandCOMClassSvc.1.0</Key>
        <Key>HKEY_LOCAL_MACHINE\SOFTWARE\Classes\GoogleUpdate.ProcessLauncher</Key>
        <Key>HKEY_LOCAL_MACHINE\SOFTWARE\Classes\GoogleUpdate.ProcessLauncher.1.0</Key>
        <Key>HKEY_LOCAL_MACHINE\SOFTWARE\Classes\GoogleUpdate.Update3COMClassService</Key>
        <Key>HKEY_LOCAL_MACHINE\SOFTWARE\Classes\GoogleUpdate.Update3COMClassService.1.0</Key>
        <Key>HKEY_LOCAL_MACHINE\SOFTWARE\Classes\GoogleUpdate.Update3WebMachine</Key>
        <Key>HKEY_LOCAL_MACHINE\SOFTWARE\Classes\GoogleUpdate.Update3WebMachine.1.0</Key>
        <Key>HKEY_LOCAL_MACHINE\SOFTWARE\Classes\GoogleUpdate.Update3WebMachineFallback</Key>
        <Key>HKEY_LOCAL_MACHINE\SOFTWARE\Classes\GoogleUpdate.Update3WebMachineFallback.1.0</Key>
        <Key>HKEY_LOCAL_MACHINE\SOFTWARE\Classes\GoogleUpdate.Update3WebSvc</Key>
        <Key>HKEY_LOCAL_MACHINE\SOFTWARE\Classes\GoogleUpdate.Update3WebSvc.1.0</Key>
        <Key>HKEY_LOCAL_MACHINE\SOFTWARE\Classes\Interface\{084D78A8-B084-4E14-A629-A2C419B0E3D9}</Key>
        <Key>HKEY_LOCAL_MACHINE\SOFTWARE\Classes\Interface\{0CD01D1E-4A1C-489D-93B9-9B6672877C57}</Key>
        <Key>HKEY_LOCAL_MACHINE\SOFTWARE\Classes\Interface\{128C2DA6-2BC0-44C0-B3F6-4EC22E647964}</Key>
        <Key>HKEY_LOCAL_MACHINE\SOFTWARE\Classes\Interface\{18D0F672-18B4-48E6-AD36-6E6BF01DBBC4}</Key>
        <Key>HKEY_LOCAL_MACHINE\SOFTWARE\Classes\Interface\{19692F10-ADD2-4EFF-BE54-E61C62E40D13}</Key>
        <Key>HKEY_LOCAL_MACHINE\SOFTWARE\Classes\Interface\{1C642CED-CA3B-4013-A9DF-CA6CE5FF6503}</Key>
        <Key>HKEY_LOCAL_MACHINE\SOFTWARE\Classes\Interface\{247954F9-9EDC-4E68-8CC3-150C2B89EADF}</Key>
        <Key>HKEY_LOCAL_MACHINE\SOFTWARE\Classes\Interface\{2D363682-561D-4C3A-81C6-F2F82107562A}</Key>
        <Key>HKEY_LOCAL_MACHINE\SOFTWARE\Classes\Interface\{2E629606-312A-482F-9B12-2C4ABF6F0B6D}</Key>
        <Key>HKEY_LOCAL_MACHINE\SOFTWARE\Classes\Interface\{31AC3F11-E5EA-4A85-8A3D-8E095A39C27B}</Key>
        <Key>HKEY_LOCAL_MACHINE\SOFTWARE\Classes\Interface\{3D05F64F-71E3-48A5-BF6B-83315BC8AE1F}</Key>
        <Key>HKEY_LOCAL_MACHINE\SOFTWARE\Classes\Interface\{494B20CF-282E-4BDD-9F5D-B70CB09D351E}</Key>
        <Key>HKEY_LOCAL_MACHINE\SOFTWARE\Classes\Interface\{49D7563B-2DDB-4831-88C8-768A53833837}</Key>
        <Key>HKEY_LOCAL_MACHINE\SOFTWARE\Classes\Interface\{4DE778FE-F195-4EE3-9DAB-FE446C239221}</Key>
        <Key>HKEY_LOCAL_MACHINE\SOFTWARE\Classes\Interface\{4E223325-C16B-4EEB-AEDC-19AA99A237FA}</Key>
        <Key>HKEY_LOCAL_MACHINE\SOFTWARE\Classes\Interface\{5B25A8DC-1780-4178-A629-6BE8B8DEFAA2}</Key>
        <Key>HKEY_LOCAL_MACHINE\SOFTWARE\Classes\Interface\{5CCCB0EF-7073-4516-8028-4C628D0C8AAB}</Key>
        <Key>HKEY_LOCAL_MACHINE\SOFTWARE\Classes\Interface\{6DB17455-4E85-46E7-9D23-E555E4B005AF}</Key>
        <Key>HKEY_LOCAL_MACHINE\SOFTWARE\Classes\Interface\{76F7B787-A67C-4C73-82C7-31F5E3AABC5C}</Key>
        <Key>HKEY_LOCAL_MACHINE\SOFTWARE\Classes\Interface\{8476CE12-AE1F-4198-805C-BA0F9B783F57}</Key>
        <Key>HKEY_LOCAL_MACHINE\SOFTWARE\Classes\Interface\{909489C2-85A6-4322-AA56-D25278649D67}</Key>
        <Key>HKEY_LOCAL_MACHINE\SOFTWARE\Classes\Interface\{B3A47570-0A85-4AEA-8270-529D47899603}</Key>
        <Key>HKEY_LOCAL_MACHINE\SOFTWARE\Classes\Interface\{BCDCB538-01C0-46D1-A6A7-52F4D021C272}</Key>
        <Key>HKEY_LOCAL_MACHINE\SOFTWARE\Classes\Interface\{D106AB5F-A70E-400E-A21B-96208C1D8DBB}</Key>
        <Key>HKEY_LOCAL_MACHINE\SOFTWARE\Classes\Interface\{DAB1D343-1B2A-47F9-B445-93DC50704BFE}</Key>
        <Key>HKEY_LOCAL_MACHINE\SOFTWARE\Classes\Interface\{DCAB8386-4F03-4DBD-A366-D90BC9F68DE6}</Key>
        <Key>HKEY_LOCAL_MACHINE\SOFTWARE\Classes\Interface\{DD42475D-6D46-496A-924E-BD5630B4CBBA}</Key>
        <Key>HKEY_LOCAL_MACHINE\SOFTWARE\Classes\Interface\{FE908CDD-22BB-472A-9870-1A0390E42F36}</Key>
        <Key>HKEY_LOCAL_MACHINE\SOFTWARE\Classes\MIME\Database\Content Type\application/x-vnd.google.oneclickctrl.9</Key>
        <Key>HKEY_LOCAL_MACHINE\SOFTWARE\Classes\MIME\Database\Content Type\application/x-vnd.google.update3webcontrol.3</Key>
        <Key>HKEY_LOCAL_MACHINE\SOFTWARE\Classes\TypeLib\{E27EC053-3263-4908-8ECD-5AFDFB754728}</Key>
        <Key>HKEY_LOCAL_MACHINE\SOFTWARE\Classes\WOW6432Node\CLSID\{03E6C474-8D95-4C1B-9268-4AA3FA16DE4F}</Key>
        <Key>HKEY_LOCAL_MACHINE\SOFTWARE\Classes\WOW6432Node\CLSID\{25461599-633D-42B1-84FB-7CD68D026E53}</Key>
        <Key>HKEY_LOCAL_MACHINE\SOFTWARE\Classes\WOW6432Node\CLSID\{4EB61BAC-A3B6-4760-9581-655041EF4D69}</Key>
        <Key>HKEY_LOCAL_MACHINE\SOFTWARE\Classes\WOW6432Node\CLSID\{534F5323-3569-4F42-919D-1E1CF93E5BF6}</Key>
        <Key>HKEY_LOCAL_MACHINE\SOFTWARE\Classes\WOW6432Node\CLSID\{598FE0E5-E02D-465D-9A9D-37974A28FD42}</Key>
        <Key>HKEY_LOCAL_MACHINE\SOFTWARE\Classes\WOW6432Node\CLSID\{6F8BD55B-E83D-4A47-85BE-81FFA8057A69}</Key>
        <Key>HKEY_LOCAL_MACHINE\SOFTWARE\Classes\WOW6432Node\CLSID\{7DE94008-8AFD-4C70-9728-C6FBFFF6A73E}</Key>
        <Key>HKEY_LOCAL_MACHINE\SOFTWARE\Classes\WOW6432Node\CLSID\{8A1D4361-2C08-4700-A351-3EAA9CBFF5E4}</Key>
        <Key>HKEY_LOCAL_MACHINE\SOFTWARE\Classes\WOW6432Node\CLSID\{9465B4B4-5216-4042-9A2C-754D3BCDC410}</Key>
        <Key>HKEY_LOCAL_MACHINE\SOFTWARE\Classes\WOW6432Node\CLSID\{9B2340A0-4068-43D6-B404-32E27217859D}</Key>
        <Key>HKEY_LOCAL_MACHINE\SOFTWARE\Classes\WOW6432Node\CLSID\{AAD4AE2E-D834-46D4-8B09-490FAC9C722B}</Key>
        <Key>HKEY_LOCAL_MACHINE\SOFTWARE\Classes\WOW6432Node\CLSID\{ABC01078-F197-4B0B-ADBC-CFE684B39C82}</Key>
        <Key>HKEY_LOCAL_MACHINE\SOFTWARE\Classes\WOW6432Node\CLSID\{B3D28DBD-0DFA-40E4-8071-520767BADC7E}</Key>
        <Key>HKEY_LOCAL_MACHINE\SOFTWARE\Classes\WOW6432Node\CLSID\{BFB16C71-7209-4534-8A47-AD6BABC3A66F}</Key>
        <Key>HKEY_LOCAL_MACHINE\SOFTWARE\Classes\WOW6432Node\CLSID\{C3101A8B-0EE1-4612-BFE9-41FFC1A3C19D}</Key>
        <Key>HKEY_LOCAL_MACHINE\SOFTWARE\Classes\WOW6432Node\CLSID\{C442AC41-9200-4770-8CC0-7CDB4F245C55}</Key>
        <Key>HKEY_LOCAL_MACHINE\SOFTWARE\Classes\WOW6432Node\CLSID\{E225E692-4B47-4777-9BED-4FD7FE257F0E}</Key>
        <Key>HKEY_LOCAL_MACHINE\SOFTWARE\Classes\WOW6432Node\CLSID\{F1196F08-BAFE-4C9C-AEE7-71C69DA5B818}</Key>
        <Key>HKEY_LOCAL_MACHINE\SOFTWARE\Classes\WOW6432Node\Interface\{084D78A8-B084-4E14-A629-A2C419B0E3D9}</Key>
        <Key>HKEY_LOCAL_MACHINE\SOFTWARE\Classes\WOW6432Node\Interface\{0CD01D1E-4A1C-489D-93B9-9B6672877C57}</Key>
        <Key>HKEY_LOCAL_MACHINE\SOFTWARE\Classes\WOW6432Node\Interface\{128C2DA6-2BC0-44C0-B3F6-4EC22E647964}</Key>
        <Key>HKEY_LOCAL_MACHINE\SOFTWARE\Classes\WOW6432Node\Interface\{18D0F672-18B4-48E6-AD36-6E6BF01DBBC4}</Key>
        <Key>HKEY_LOCAL_MACHINE\SOFTWARE\Classes\WOW6432Node\Interface\{19692F10-ADD2-4EFF-BE54-E61C62E40D13}</Key>
        <Key>HKEY_LOCAL_MACHINE\SOFTWARE\Classes\WOW6432Node\Interface\{1C642CED-CA3B-4013-A9DF-CA6CE5FF6503}</Key>
        <Key>HKEY_LOCAL_MACHINE\SOFTWARE\Classes\WOW6432Node\Interface\{247954F9-9EDC-4E68-8CC3-150C2B89EADF}</Key>
        <Key>HKEY_LOCAL_MACHINE\SOFTWARE\Classes\WOW6432Node\Interface\{2D363682-561D-4C3A-81C6-F2F82107562A}</Key>
        <Key>HKEY_LOCAL_MACHINE\SOFTWARE\Classes\WOW6432Node\Interface\{2E629606-312A-482F-9B12-2C4ABF6F0B6D}</Key>
        <Key>HKEY_LOCAL_MACHINE\SOFTWARE\Classes\WOW6432Node\Interface\{31AC3F11-E5EA-4A85-8A3D-8E095A39C27B}</Key>
        <Key>HKEY_LOCAL_MACHINE\SOFTWARE\Classes\WOW6432Node\Interface\{3D05F64F-71E3-48A5-BF6B-83315BC8AE1F}</Key>
        <Key>HKEY_LOCAL_MACHINE\SOFTWARE\Classes\WOW6432Node\Interface\{494B20CF-282E-4BDD-9F5D-B70CB09D351E}</Key>
        <Key>HKEY_LOCAL_MACHINE\SOFTWARE\Classes\WOW6432Node\Interface\{49D7563B-2DDB-4831-88C8-768A53833837}</Key>
        <Key>HKEY_LOCAL_MACHINE\SOFTWARE\Classes\WOW6432Node\Interface\{4DE778FE-F195-4EE3-9DAB-FE446C239221}</Key>
        <Key>HKEY_LOCAL_MACHINE\SOFTWARE\Classes\WOW6432Node\Interface\{4E223325-C16B-4EEB-AEDC-19AA99A237FA}</Key>
        <Key>HKEY_LOCAL_MACHINE\SOFTWARE\Classes\WOW6432Node\Interface\{5B25A8DC-1780-4178-A629-6BE8B8DEFAA2}</Key>
        <Key>HKEY_LOCAL_MACHINE\SOFTWARE\Classes\WOW6432Node\Interface\{5CCCB0EF-7073-4516-8028-4C628D0C8AAB}</Key>
        <Key>HKEY_LOCAL_MACHINE\SOFTWARE\Classes\WOW6432Node\Interface\{6DB17455-4E85-46E7-9D23-E555E4B005AF}</Key>
        <Key>HKEY_LOCAL_MACHINE\SOFTWARE\Classes\WOW6432Node\Interface\{76F7B787-A67C-4C73-82C7-31F5E3AABC5C}</Key>
        <Key>HKEY_LOCAL_MACHINE\SOFTWARE\Classes\WOW6432Node\Interface\{8476CE12-AE1F-4198-805C-BA0F9B783F57}</Key>
        <Key>HKEY_LOCAL_MACHINE\SOFTWARE\Classes\WOW6432Node\Interface\{909489C2-85A6-4322-AA56-D25278649D67}</Key>
        <Key>HKEY_LOCAL_MACHINE\SOFTWARE\Classes\WOW6432Node\Interface\{B3A47570-0A85-4AEA-8270-529D47899603}</Key>
        <Key>HKEY_LOCAL_MACHINE\SOFTWARE\Classes\WOW6432Node\Interface\{BCDCB538-01C0-46D1-A6A7-52F4D021C272}</Key>
        <Key>HKEY_LOCAL_MACHINE\SOFTWARE\Classes\WOW6432Node\Interface\{D106AB5F-A70E-400E-A21B-96208C1D8DBB}</Key>
        <Key>HKEY_LOCAL_MACHINE\SOFTWARE\Classes\WOW6432Node\Interface\{DAB1D343-1B2A-47F9-B445-93DC50704BFE}</Key>
        <Key>HKEY_LOCAL_MACHINE\SOFTWARE\Classes\WOW6432Node\Interface\{DCAB8386-4F03-4DBD-A366-D90BC9F68DE6}</Key>
        <Key>HKEY_LOCAL_MACHINE\SOFTWARE\Classes\WOW6432Node\Interface\{DD42475D-6D46-496A-924E-BD5630B4CBBA}</Key>
        <Key>HKEY_LOCAL_MACHINE\SOFTWARE\Classes\WOW6432Node\Interface\{FE908CDD-22BB-472A-9870-1A0390E42F36}</Key>
        <Key>HKEY_LOCAL_MACHINE\SOFTWARE\Google\DriveFS</Key>
        <Key>HKEY_LOCAL_MACHINE\SOFTWARE\Microsoft\Windows\CurrentVersion\Explorer\ShellIconOverlayIdentifiers\    GoogleDriveCloudOverlayIconHandler</Key>
        <Key>HKEY_LOCAL_MACHINE\SOFTWARE\Microsoft\Windows\CurrentVersion\Explorer\ShellIconOverlayIdentifiers\    GoogleDriveMirrorBlacklistedOverlayIconHandler</Key>
        <Key>HKEY_LOCAL_MACHINE\SOFTWARE\Microsoft\Windows\CurrentVersion\Explorer\ShellIconOverlayIdentifiers\    GoogleDrivePinnedOverlayIconHandler</Key>
        <Key>HKEY_LOCAL_MACHINE\SOFTWARE\Microsoft\Windows\CurrentVersion\Explorer\ShellIconOverlayIdentifiers\    GoogleDriveProgressOverlayIconHandler</Key>
        <Key>HKEY_LOCAL_MACHINE\SOFTWARE\Microsoft\Windows\CurrentVersion\Uninstall\{6BBAE539-2232-434A-A4E5-9A33560C6283}</Key>
        <Key>HKEY_LOCAL_MACHINE\SOFTWARE\WOW6432Node\Google\Update</Key>
        <Key>HKEY_LOCAL_MACHINE\SOFTWARE\WOW6432Node\Microsoft\Internet Explorer\Low Rights\ElevationPolicy\{AAD4AE2E-D834-46D4-8B09-490FAC9C722B}</Key>
        <Key>HKEY_LOCAL_MACHINE\SOFTWARE\WOW6432Node\Microsoft\Internet Explorer\Low Rights\ElevationPolicy\{C3101A8B-0EE1-4612-BFE9-41FFC1A3C19D}</Key>
        <Key>HKEY_LOCAL_MACHINE\SOFTWARE\WOW6432Node\Microsoft\Internet Explorer\Low Rights\ElevationPolicy\{C442AC41-9200-4770-8CC0-7CDB4F245C55}</Key>
        <Key>HKEY_LOCAL_MACHINE\SOFTWARE\WOW6432Node\Microsoft\Windows\CurrentVersion\Ext\PreApproved\{C3101A8B-0EE1-4612-BFE9-41FFC1A3C19D}</Key>
        <Key>HKEY_LOCAL_MACHINE\SOFTWARE\WOW6432Node\Microsoft\Windows\CurrentVersion\Ext\PreApproved\{C442AC41-9200-4770-8CC0-7CDB4F245C55}</Key>
        <Key>HKEY_LOCAL_MACHINE\SOFTWARE\WOW6432Node\Microsoft\Windows\CurrentVersion\Ext\Stats</Key>
        <Key>HKEY_LOCAL_MACHINE\SOFTWARE\WOW6432Node\MozillaPlugins\@tools.google.com/Google Update;version=3</Key>
        <Key>HKEY_LOCAL_MACHINE\SOFTWARE\WOW6432Node\MozillaPlugins\@tools.google.com/Google Update;version=9</Key>
        <Key>HKEY_LOCAL_MACHINE\SYSTEM\ControlSet001\Services\EventLog\System\googledrivefs3301</Key>
    </RegistryKeys>
    <RegistryValues>
        <Value Key="HKEY_CURRENT_USER\SOFTWARE\Microsoft\Windows\CurrentVersion\Explorer\ComDlg32\CIDSizeMRU">22</Value>
        <Value Key="HKEY_CURRENT_USER\SOFTWARE\Microsoft\Windows\CurrentVersion\Explorer\ComDlg32\LastVisitedPidlMRU">18</Value>
        <Value Key="HKEY_CURRENT_USER\SOFTWARE\Microsoft\Windows\CurrentVersion\Run">GoogleDriveFS</Value>
        <Value Key="HKEY_CURRENT_USER\SOFTWARE\Microsoft\Windows\CurrentVersion\Shell Extensions\Cached">{EE15C2BD-CECB-49F8-A113-CA1BFC528F5B} {000214E4-0000-0000-C000-000000000046} 0xFFFF</Value>
        <Value Key="HKEY_CURRENT_USER\Software\Classes\Local Settings\Software\Microsoft\Windows\Shell\BagMRU\0\5\0\0">5</Value>
        <Value Key="HKEY_CURRENT_USER\Software\Classes\Local Settings\Software\Microsoft\Windows\Shell\BagMRU\6\0\0">3</Value>
        <Value Key="HKEY_CURRENT_USER\Software\Classes\Local Settings\Software\Microsoft\Windows\Shell\MuiCache">C:\Windows\system32\windows.storage.dll.ApplicationCompany</Value>
        <Value Key="HKEY_CURRENT_USER\Software\Classes\Local Settings\Software\Microsoft\Windows\Shell\MuiCache">C:\Windows\system32\windows.storage.dll.FriendlyAppName</Value>
        <Value Key="HKEY_LOCAL_MACHINE\SOFTWARE\Microsoft\Windows NT\CurrentVersion\Image File Execution Options\GoogleUpdate.exe">DisableExceptionChainValidation</Value>
        <Value Key="HKEY_LOCAL_MACHINE\SOFTWARE\WOW6432Node\Microsoft\Windows\CurrentVersion\RunOnce">GrpConv</Value>
        <Value Key="HKEY_USERS\.DEFAULT\Software\Microsoft\Windows\CurrentVersion\Run">GoogleDriveFS</Value>
        <Value Key="HKEY_USERS\S-1-5-19\SOFTWARE\Microsoft\Windows\CurrentVersion\Run">GoogleDriveFS</Value>
        <Value Key="HKEY_USERS\S-1-5-20\SOFTWARE\Microsoft\Windows\CurrentVersion\Run">GoogleDriveFS</Value>
    </RegistryValues>
</ProgramTraces>
