<?xml version="1.0" encoding="UTF-8" ?>
<ProgramTraces version="1" dependencies="_1_2147483649_YaPinLancher">
    <Folders>
        <Folder>C:\Program Files (x86)\Yandex\YandexBrowser</Folder>
        <Folder>C:\ProgramData\Yandex\YandexBrowser</Folder>
        <Folder>C:\Users\71288\AppData\Local\Microsoft\Windows\INetCache\IE\SRDRCXTI</Folder>
        <Folder>C:\Users\71288\AppData\Local\Yandex\YaPin</Folder>
        <Folder>C:\Users\71288\AppData\Local\Yandex\YaPinIcons</Folder>
        <Folder>C:\Users\71288\AppData\Local\Yandex\YandexBrowser</Folder>
        <Folder>C:\Windows\SysWOW64\config\systemprofile\AppData\Local\Yandex</Folder>
        <Folder>C:\Windows\SysWOW64\config\systemprofile\AppData\Roaming\Yandex</Folder>
        <Folder>D:\sys\tmp\Crashpad</Folder>
        <Folder>D:\sys\tmp\UninstallToolPortableTemp\pin</Folder>
    </Folders>
    <Files>
        <File>C:\Users\71288\AppData\Local\Microsoft\Windows\INetCache\IE\7V2G6XXB\02[1].jpg</File>
        <File>C:\Users\71288\AppData\Local\Microsoft\Windows\INetCache\IE\7V2G6XXB\06[1].jpg</File>
        <File>C:\Users\71288\AppData\Local\Microsoft\Windows\INetCache\IE\9UKALXGF\03[1].jpg</File>
        <File>C:\Users\71288\AppData\Local\Microsoft\Windows\INetCache\IE\9UKALXGF\07[1].jpg</File>
        <File>C:\Users\71288\AppData\Local\Microsoft\Windows\INetCache\IE\9UKALXGF\browser-setup[1].arc</File>
        <File>C:\Users\71288\AppData\Local\Microsoft\Windows\INetCache\IE\9UKALXGF\browser[1].proto</File>
        <File>C:\Users\71288\AppData\Local\Microsoft\Windows\INetCache\IE\WVQNT8T4\05[1].jpg</File>
        <File>C:\Users\71288\AppData\Roaming\Microsoft\Internet Explorer\Quick Launch\User Pinned\TaskBar\yandex.website</File>
        <File>C:\Users\71288\AppData\Roaming\Microsoft\Internet Explorer\Quick Launch\Yandex.lnk</File>
        <File>C:\Users\71288\AppData\Roaming\Microsoft\Windows\Start Menu\Programs\Yandex.lnk</File>
        <File>C:\Users\71288\AppData\Roaming\Yandex\clids-yabrowser.xml</File>
        <File>C:\Users\71288\Desktop\Yandex.lnk</File>
        <File>C:\Windows\Tasks\Восстановление сервиса обновлений Яндекс.Браузера.job</File>
        <File>C:\Windows\Tasks\Системное обновление Браузера Яндекс.job</File>
        <File>D:\sys\tmp\UninstallToolPortableTemp\browser_diagnostics.exe.log</File>
        <File>D:\sys\tmp\UninstallToolPortableTemp\lite_installer.log</File>
        <File>D:\sys\tmp\UninstallToolPortableTemp\website.ico</File>
        <File>D:\sys\tmp\UninstallToolPortableTemp\yandex_browser_installer.log</File>
        <File>D:\sys\tmp\UninstallToolPortableTemp\yandex_browser_updater.log</File>
    </Files>
    <RegistryKeys>
        <Key>HKEY_CURRENT_USER\SOFTWARE\Clients\StartMenuInternet\Yandex.PIL2JA23H7U363F6CW5AGJW3AU</Key>
        <Key>HKEY_CURRENT_USER\SOFTWARE\Microsoft\Windows\CurrentVersion\App Paths\browser.exe</Key>
        <Key>HKEY_CURRENT_USER\SOFTWARE\Microsoft\Windows\CurrentVersion\Uninstall\YaPinLancher</Key>
        <Key>HKEY_CURRENT_USER\SOFTWARE\Microsoft\Windows\CurrentVersion\Uninstall\YandexBrowser</Key>
        <Key>HKEY_CURRENT_USER\SOFTWARE\Yandex\YandexBrowser</Key>
        <Key>HKEY_CURRENT_USER\Software\Classes\.crx</Key>
        <Key>HKEY_CURRENT_USER\Software\Classes\.css</Key>
        <Key>HKEY_CURRENT_USER\Software\Classes\.epub</Key>
        <Key>HKEY_CURRENT_USER\Software\Classes\.fb2</Key>
        <Key>HKEY_CURRENT_USER\Software\Classes\.infected</Key>
        <Key>HKEY_CURRENT_USER\Software\Classes\.js</Key>
        <Key>HKEY_CURRENT_USER\Software\Classes\.swf</Key>
        <Key>HKEY_CURRENT_USER\Software\Classes\.txt</Key>
        <Key>HKEY_CURRENT_USER\Software\Classes\YandexBrowser.crx</Key>
        <Key>HKEY_CURRENT_USER\Software\Classes\YandexCRX.PIL2JA23H7U363F6CW5AGJW3AU</Key>
        <Key>HKEY_CURRENT_USER\Software\Classes\YandexCSS.PIL2JA23H7U363F6CW5AGJW3AU</Key>
        <Key>HKEY_CURRENT_USER\Software\Classes\YandexEPUB.PIL2JA23H7U363F6CW5AGJW3AU</Key>
        <Key>HKEY_CURRENT_USER\Software\Classes\YandexFB2.PIL2JA23H7U363F6CW5AGJW3AU</Key>
        <Key>HKEY_CURRENT_USER\Software\Classes\YandexGIF.PIL2JA23H7U363F6CW5AGJW3AU</Key>
        <Key>HKEY_CURRENT_USER\Software\Classes\YandexHTML.PIL2JA23H7U363F6CW5AGJW3AU</Key>
        <Key>HKEY_CURRENT_USER\Software\Classes\YandexINFE.PIL2JA23H7U363F6CW5AGJW3AU</Key>
        <Key>HKEY_CURRENT_USER\Software\Classes\YandexJPEG.PIL2JA23H7U363F6CW5AGJW3AU</Key>
        <Key>HKEY_CURRENT_USER\Software\Classes\YandexJS.PIL2JA23H7U363F6CW5AGJW3AU</Key>
        <Key>HKEY_CURRENT_USER\Software\Classes\YandexPDF.PIL2JA23H7U363F6CW5AGJW3AU</Key>
        <Key>HKEY_CURRENT_USER\Software\Classes\YandexPNG.PIL2JA23H7U363F6CW5AGJW3AU</Key>
        <Key>HKEY_CURRENT_USER\Software\Classes\YandexSWF.PIL2JA23H7U363F6CW5AGJW3AU</Key>
        <Key>HKEY_CURRENT_USER\Software\Classes\YandexTIFF.PIL2JA23H7U363F6CW5AGJW3AU</Key>
        <Key>HKEY_CURRENT_USER\Software\Classes\YandexTXT.PIL2JA23H7U363F6CW5AGJW3AU</Key>
        <Key>HKEY_CURRENT_USER\Software\Classes\YandexWEBM.PIL2JA23H7U363F6CW5AGJW3AU</Key>
        <Key>HKEY_CURRENT_USER\Software\Classes\YandexWEBP.PIL2JA23H7U363F6CW5AGJW3AU</Key>
        <Key>HKEY_CURRENT_USER\Software\Classes\YandexXML.PIL2JA23H7U363F6CW5AGJW3AU</Key>
        <Key>HKEY_CURRENT_USER\Software\Classes\yabrowser</Key>
        <Key>HKEY_LOCAL_MACHINE\SOFTWARE\WOW6432Node\Microsoft\MediaPlayer\ShimInclusionList</Key>
        <Key>HKEY_LOCAL_MACHINE\SOFTWARE\WOW6432Node\Yandex</Key>
        <Key>HKEY_USERS\.DEFAULT\Software\AppDataLow</Key>
        <Key>HKEY_USERS\.DEFAULT\Software\Yandex</Key>
    </RegistryKeys>
    <RegistryValues>
        <Value Key="HKEY_CURRENT_USER\SOFTWARE\Microsoft\Windows\CurrentVersion\Shell Extensions\Cached">{182C3813-DF97-40FA-9C4E-B7D3E74F00CA} {0000013A-0000-0000-C000-000000000046} 0xFFFF</Value>
        <Value Key="HKEY_CURRENT_USER\SOFTWARE\Microsoft\Windows\CurrentVersion\Shell Extensions\Cached">{182C3813-DF97-40FA-9C4E-B7D3E74F00CA} {000214F9-0000-0000-C000-000000000046} 0xFFFF</Value>
        <Value Key="HKEY_CURRENT_USER\SOFTWARE\RegisteredApplications">Yandex.PIL2JA23H7U363F6CW5AGJW3AU</Value>
        <Value Key="HKEY_CURRENT_USER\Software\Classes\.gif\OpenWithProgids">YandexGIF.PIL2JA23H7U363F6CW5AGJW3AU</Value>
        <Value Key="HKEY_CURRENT_USER\Software\Classes\.htm\OpenWithProgids">YandexHTML.PIL2JA23H7U363F6CW5AGJW3AU</Value>
        <Value Key="HKEY_CURRENT_USER\Software\Classes\.html\OpenWithProgids">YandexHTML.PIL2JA23H7U363F6CW5AGJW3AU</Value>
        <Value Key="HKEY_CURRENT_USER\Software\Classes\.jpeg\OpenWithProgids">YandexJPEG.PIL2JA23H7U363F6CW5AGJW3AU</Value>
        <Value Key="HKEY_CURRENT_USER\Software\Classes\.jpg\OpenWithProgids">YandexJPEG.PIL2JA23H7U363F6CW5AGJW3AU</Value>
        <Value Key="HKEY_CURRENT_USER\Software\Classes\.pdf\OpenWithProgids">YandexPDF.PIL2JA23H7U363F6CW5AGJW3AU</Value>
        <Value Key="HKEY_CURRENT_USER\Software\Classes\.png\OpenWithProgids">YandexPNG.PIL2JA23H7U363F6CW5AGJW3AU</Value>
        <Value Key="HKEY_CURRENT_USER\Software\Classes\.shtml\OpenWithProgids">YandexHTML.PIL2JA23H7U363F6CW5AGJW3AU</Value>
        <Value Key="HKEY_CURRENT_USER\Software\Classes\.tif\OpenWithProgids">YandexTIFF.PIL2JA23H7U363F6CW5AGJW3AU</Value>
        <Value Key="HKEY_CURRENT_USER\Software\Classes\.tiff\OpenWithProgids">YandexTIFF.PIL2JA23H7U363F6CW5AGJW3AU</Value>
        <Value Key="HKEY_CURRENT_USER\Software\Classes\.webm\OpenWithProgids">YandexWEBM.PIL2JA23H7U363F6CW5AGJW3AU</Value>
        <Value Key="HKEY_CURRENT_USER\Software\Classes\.webp\OpenWithProgids">YandexWEBP.PIL2JA23H7U363F6CW5AGJW3AU</Value>
        <Value Key="HKEY_CURRENT_USER\Software\Classes\.xht\OpenWithProgids">YandexHTML.PIL2JA23H7U363F6CW5AGJW3AU</Value>
        <Value Key="HKEY_CURRENT_USER\Software\Classes\.xhtml\OpenWithProgids">YandexHTML.PIL2JA23H7U363F6CW5AGJW3AU</Value>
        <Value Key="HKEY_CURRENT_USER\Software\Classes\.xml\OpenWithProgids">YandexXML.PIL2JA23H7U363F6CW5AGJW3AU</Value>
        <Value Key="HKEY_CURRENT_USER\Software\Classes\Local Settings\Software\Microsoft\Windows\Shell\MuiCache">C:\Users\71288\AppData\Local\Yandex\YandexBrowser\Application\browser.exe.ApplicationCompany</Value>
        <Value Key="HKEY_CURRENT_USER\Software\Classes\Local Settings\Software\Microsoft\Windows\Shell\MuiCache">C:\Users\71288\AppData\Local\Yandex\YandexBrowser\Application\browser.exe.FriendlyAppName</Value>
        <Value Key="HKEY_LOCAL_MACHINE\SOFTWARE\Microsoft\Windows\CurrentVersion\MMDevices\Audio\Capture\{4d16613d-64b5-466e-8b08-2e8951b24e66}\FxProperties">{1da5d803-d492-4edd-8c23-e0c0ffee7f0e},5</Value>
        <Value Key="HKEY_LOCAL_MACHINE\SOFTWARE\Microsoft\Windows\CurrentVersion\MMDevices\Audio\Capture\{7aec2a18-f50b-4d45-9475-5810136f7d5d}\FxProperties">{1da5d803-d492-4edd-8c23-e0c0ffee7f0e},5</Value>
        <Value Key="HKEY_LOCAL_MACHINE\SOFTWARE\Microsoft\Windows\CurrentVersion\MMDevices\Audio\Capture\{7dcb024b-49b6-48b0-998e-8b266dcde3c7}\FxProperties">{1da5d803-d492-4edd-8c23-e0c0ffee7f0e},5</Value>
        <Value Key="HKEY_LOCAL_MACHINE\SOFTWARE\Microsoft\Windows\CurrentVersion\MMDevices\Audio\Capture\{85dfdb73-d7cc-4fbe-b155-9ee5a0c67650}\FxProperties">{1da5d803-d492-4edd-8c23-e0c0ffee7f0e},5</Value>
        <Value Key="HKEY_LOCAL_MACHINE\SOFTWARE\Microsoft\Windows\CurrentVersion\MMDevices\Audio\Capture\{af848a90-3fed-4ef7-871b-0244734236d7}\FxProperties">{1da5d803-d492-4edd-8c23-e0c0ffee7f0e},5</Value>
        <Value Key="HKEY_LOCAL_MACHINE\SOFTWARE\Microsoft\Windows\CurrentVersion\MMDevices\Audio\Capture\{bbf4ebbf-43aa-4f3a-a17d-7cd5aba1692c}\FxProperties">{1da5d803-d492-4edd-8c23-e0c0ffee7f0e},5</Value>
        <Value Key="HKEY_LOCAL_MACHINE\SOFTWARE\Microsoft\Windows\CurrentVersion\MMDevices\Audio\Capture\{d6801d49-f43d-4596-8138-c396b0f28f5c}\FxProperties">{1da5d803-d492-4edd-8c23-e0c0ffee7f0e},5</Value>
        <Value Key="HKEY_LOCAL_MACHINE\SOFTWARE\Microsoft\Windows\CurrentVersion\MMDevices\Audio\Capture\{f9c5614d-7e07-471c-b010-41da50a37677}\FxProperties">{1da5d803-d492-4edd-8c23-e0c0ffee7f0e},5</Value>
    </RegistryValues>
</ProgramTraces>
