<?xml version="1.0" encoding="UTF-8" ?>
<ProgramTraces version="1">
    <Folders>
        <Folder>C:\ProgramData\Microsoft\Windows\WER\ReportArchive\AppCrash_WinDynamicDeskto_f3f84eae314bbb7c8d2a3c9e9ba65612b28c2d_99ee98c5_289313c1-5e28-404e-8702-5cd83492dc24</Folder>
        <Folder>C:\Users\71288\AppData\Local\Microsoft\CLR_v4.0_32\UsageLogs</Folder>
        <Folder>C:\Users\71288\AppData\Local\Programs\WinDynamicDesktop</Folder>
    </Folders>
    <Files>
        <File>C:\Users\71288\AppData\Local\CrashDumps\WinDynamicDesktop.exe.5060.dmp</File>
        <File>C:\Users\71288\AppData\Roaming\Microsoft\Windows\Start Menu\Programs\WinDynamicDesktop.lnk</File>
    </Files>
    <RegistryKeys>
        <Key>HKEY_CURRENT_USER\SOFTWARE\Microsoft\Windows\CurrentVersion\Explorer\ComDlg32\OpenSavePidlMRU\ddw</Key>
        <Key>HKEY_CURRENT_USER\SOFTWARE\Microsoft\Windows\CurrentVersion\Uninstall\{D457A4A2-5B1B-4767-97DF-F8F4FD36875E}_is1</Key>
        <Key>HKEY_CURRENT_USER\Software\Classes\.ddw</Key>
        <Key>HKEY_CURRENT_USER\Software\Classes\Local Settings\Software\Microsoft\Windows\Shell\BagMRU\0\2\0\0\1\1\9</Key>
        <Key>HKEY_CURRENT_USER\Software\Classes\Local Settings\Software\Microsoft\Windows\Shell\Bags\1515</Key>
        <Key>HKEY_CURRENT_USER\Software\Classes\Local Settings\Software\Microsoft\Windows\Shell\MuiCache</Key>
        <Key>HKEY_CURRENT_USER\Software\Classes\WinDynamicDesktop.DynamicDesktopWallpaper</Key>
        <Key>HKEY_LOCAL_MACHINE\SOFTWARE\WOW6432Node\Microsoft\IdentityCRL\ClockData</Key>
        <Key>HKEY_LOCAL_MACHINE\SOFTWARE\WOW6432Node\Microsoft\Tracing\WinDynamicDesktop_RASAPI32</Key>
        <Key>HKEY_LOCAL_MACHINE\SOFTWARE\WOW6432Node\Microsoft\Tracing\WinDynamicDesktop_RASMANCS</Key>
    </RegistryKeys>
    <RegistryValues>
        <Value Key="HKEY_CURRENT_USER\SOFTWARE\Microsoft\Windows\CurrentVersion\Explorer\ComDlg32\CIDSizeMRU">3</Value>
        <Value Key="HKEY_CURRENT_USER\SOFTWARE\Microsoft\Windows\CurrentVersion\Explorer\ComDlg32\LastVisitedPidlMRU">2</Value>
        <Value Key="HKEY_CURRENT_USER\SOFTWARE\Microsoft\Windows\CurrentVersion\Explorer\ComDlg32\OpenSavePidlMRU\*">2</Value>
        <Value Key="HKEY_CURRENT_USER\SOFTWARE\Microsoft\Windows\CurrentVersion\Explorer\TypedPaths">url1</Value>
        <Value Key="HKEY_CURRENT_USER\SOFTWARE\Microsoft\Windows\CurrentVersion\Run">WinDynamicDesktop</Value>
        <Value Key="HKEY_CURRENT_USER\Software\Classes\Local Settings\MuiCache\21d\B1A07F78">@C:\Program Files (x86)\Common Files\system\wab32res.dll,-10100</Value>
        <Value Key="HKEY_CURRENT_USER\Software\Classes\Local Settings\MuiCache\21d\B1A07F78">@C:\Windows\system32\netshell.dll,-1200</Value>
        <Value Key="HKEY_CURRENT_USER\Software\Classes\Local Settings\MuiCache\21d\B1A07F78">@windows.storage.dll,-34582</Value>
        <Value Key="HKEY_CURRENT_USER\Software\Classes\Local Settings\MuiCache\21d\B1A07F78">@windows.storage.dll,-34583</Value>
        <Value Key="HKEY_CURRENT_USER\Software\Classes\Local Settings\MuiCache\21d\B1A07F78">@windows.storage.dll,-34584</Value>
        <Value Key="HKEY_CURRENT_USER\Software\Classes\Local Settings\MuiCache\21d\B1A07F78">@windows.storage.dll,-34595</Value>
        <Value Key="HKEY_CURRENT_USER\Software\Classes\Local Settings\MuiCache\21d\B1A07F78">@windows.storage.dll,-34620</Value>
        <Value Key="HKEY_CURRENT_USER\Software\Classes\Local Settings\Software\Microsoft\Windows\Shell\BagMRU\0\2\0\0\1\1">9</Value>
    </RegistryValues>
</ProgramTraces>
