<?xml version="1.0" encoding="UTF-8" ?>
<ProgramTraces version="1">
    <Folders>
        <Folder>C:\Program Files\paint.net</Folder>
        <Folder>C:\Users\71288\AppData\Local\paint.net</Folder>
        <Folder>C:\Windows\Installer\{2025DAA7-0653-4F18-B66F-900E6F2320EC}</Folder>
        <Folder>C:\Windows\assembly\NativeImages_v4.0.30319_32\Accessibility</Folder>
        <Folder>C:\Windows\assembly\NativeImages_v4.0.30319_32\PaintDotNet.Base</Folder>
        <Folder>C:\Windows\assembly\NativeImages_v4.0.30319_32\PaintDotNetc8826738#</Folder>
        <Folder>C:\Windows\assembly\NativeImages_v4.0.30319_32\PresentationUI</Folder>
        <Folder>C:\Windows\assembly\NativeImages_v4.0.30319_32\ReachFramework</Folder>
        <Folder>C:\Windows\assembly\NativeImages_v4.0.30319_32\System.Buffers</Folder>
        <Folder>C:\Windows\assembly\NativeImages_v4.0.30319_32\System.Data.SqlXml</Folder>
        <Folder>C:\Windows\assembly\NativeImages_v4.0.30319_32\System.Deployment</Folder>
        <Folder>C:\Windows\assembly\NativeImages_v4.0.30319_32\System.Printing</Folder>
        <Folder>C:\Windows\assembly\NativeImages_v4.0.30319_32\System.Runt9064068c#</Folder>
        <Folder>C:\Windows\assembly\NativeImages_v4.0.30319_32\System.Runtea61dfd5#</Folder>
        <Folder>C:\Windows\assembly\NativeImages_v4.0.30319_32\System.Security</Folder>
        <Folder>C:\Windows\assembly\NativeImages_v4.0.30319_32\System.Wind74b7bf4b#</Folder>
        <Folder>C:\Windows\assembly\NativeImages_v4.0.30319_64\Interop.WIA</Folder>
        <Folder>C:\Windows\assembly\NativeImages_v4.0.30319_64\K4os.Compression.LZ4</Folder>
        <Folder>C:\Windows\assembly\NativeImages_v4.0.30319_64\PaintDotNet</Folder>
        <Folder>C:\Windows\assembly\NativeImages_v4.0.30319_64\PaintDotNet.Base</Folder>
        <Folder>C:\Windows\assembly\NativeImages_v4.0.30319_64\PaintDotNet.Core</Folder>
        <Folder>C:\Windows\assembly\NativeImages_v4.0.30319_64\PaintDotNet.Data</Folder>
        <Folder>C:\Windows\assembly\NativeImages_v4.0.30319_64\PaintDotNet.Effects</Folder>
        <Folder>C:\Windows\assembly\NativeImages_v4.0.30319_64\PaintDotNet26779e70#</Folder>
        <Folder>C:\Windows\assembly\NativeImages_v4.0.30319_64\PaintDotNet500b2e4f#</Folder>
        <Folder>C:\Windows\assembly\NativeImages_v4.0.30319_64\PaintDotNet7afaaa15#</Folder>
        <Folder>C:\Windows\assembly\NativeImages_v4.0.30319_64\PaintDotNetc8826574#</Folder>
        <Folder>C:\Windows\assembly\NativeImages_v4.0.30319_64\PresentationUI</Folder>
        <Folder>C:\Windows\assembly\NativeImages_v4.0.30319_64\ReachFramework</Folder>
        <Folder>C:\Windows\assembly\NativeImages_v4.0.30319_64\SMDiagnostics</Folder>
        <Folder>C:\Windows\assembly\NativeImages_v4.0.30319_64\System.Buffers</Folder>
        <Folder>C:\Windows\assembly\NativeImages_v4.0.30319_64\System.Data.SqlXml</Folder>
        <Folder>C:\Windows\assembly\NativeImages_v4.0.30319_64\System.Deployment</Folder>
        <Folder>C:\Windows\assembly\NativeImages_v4.0.30319_64\System.IO.Cb3b124c8#</Folder>
        <Folder>C:\Windows\assembly\NativeImages_v4.0.30319_64\System.Memory</Folder>
        <Folder>C:\Windows\assembly\NativeImages_v4.0.30319_64\System.Numeb60ee252#</Folder>
        <Folder>C:\Windows\assembly\NativeImages_v4.0.30319_64\System.Printing</Folder>
        <Folder>C:\Windows\assembly\NativeImages_v4.0.30319_64\System.Runt9064068c#</Folder>
        <Folder>C:\Windows\assembly\NativeImages_v4.0.30319_64\System.Runtea61dfd5#</Folder>
        <Folder>C:\Windows\assembly\NativeImages_v4.0.30319_64\System.Security</Folder>
        <Folder>C:\Windows\assembly\NativeImages_v4.0.30319_64\System.Servd1dec626#</Folder>
        <Folder>C:\Windows\assembly\NativeImages_v4.0.30319_64\System.Wind74b7bf4b#</Folder>
    </Folders>
    <Files>
        <File>C:\Program Files\paint.net</File>
        <File>C:\ProgramData\Intel\ShaderCache\PaintDotNet_0</File>
        <File>C:\ProgramData\Intel\ShaderCache\PaintDotNet_1</File>
        <File>C:\ProgramData\Microsoft\NetFramework\BreadcrumbStore\System.Buffers, Culture=neutral, PublicKeyToken=cc7b13ffcd2ddd51</File>
        <File>C:\ProgramData\Microsoft\NetFramework\BreadcrumbStore\System.Buffers, Version=4.0.3.0, Culture=neutral, PublicKeyToken=cc7b13ffcd2ddd51</File>
        <File>C:\ProgramData\Microsoft\NetFramework\BreadcrumbStore\System.Memory, Culture=neutral, PublicKeyToken=cc7b13ffcd2ddd51</File>
        <File>C:\ProgramData\Microsoft\NetFramework\BreadcrumbStore\System.Memory, Version=4.0.1.1, Culture=neutral, PublicKeyToken=cc7b13ffcd2ddd51</File>
        <File>C:\ProgramData\Microsoft\NetFramework\BreadcrumbStore\System.Numerics.Vectors, Culture=neutral, PublicKeyToken=b03f5f7f11d50a3a</File>
        <File>C:\ProgramData\Microsoft\NetFramework\BreadcrumbStore\System.Numerics.Vectors, Version=4.1.4.0, Culture=neutral, PublicKeyToken=b03f5f7f11d50a3a</File>
        <File>C:\ProgramData\Microsoft\NetFramework\BreadcrumbStore\System.Runtime.CompilerServices.Unsafe, Culture=neutral, PublicKeyToken=b03f5f7f11d50a3a</File>
        <File>C:\ProgramData\Microsoft\NetFramework\BreadcrumbStore\System.Runtime.CompilerServices.Unsafe, Version=4.0.6.0, Culture=neutral, PublicKeyToken=b03f5f7f11d50a3a</File>
        <File>C:\ProgramData\Microsoft\Windows\Start Menu\Programs\paint.net.lnk</File>
        <File>C:\ProgramData\NVIDIA Corporation\NV_Cache\b8f0403b71eb6b93bc34c0fc2795a40_fce8395c8fd8a997_8ef65da2b249774d_0_0__0.bin</File>
        <File>C:\ProgramData\NVIDIA Corporation\NV_Cache\b8f0403b71eb6b93bc34c0fc2795a40_fce8395c8fd8a997_8ef65da2b249774d_0_0__0.toc</File>
        <File>C:\Users\71288\AppData\Local\Microsoft\CLR_v4.0\UsageLogs\PaintDotNet.exe.log</File>
        <File>C:\Users\71288\AppData\Local\Microsoft\CLR_v4.0\UsageLogs\SetupFrontEnd.exe.log</File>
        <File>C:\Users\71288\AppData\Local\Microsoft\CLR_v4.0\UsageLogs\SetupNgen.exe.log</File>
        <File>C:\Users\71288\AppData\Local\Temp\CFG7DC5.tmp</File>
        <File>C:\Users\71288\AppData\Local\Temp\UninstallToolPortableTemp\PdnMsiInstall.log</File>
        <File>C:\Users\71288\AppData\Local\Temp\UninstallToolPortableTemp\pdnSetupShim.log</File>
        <File>C:\Users\71288\AppData\Local\Temp\pdnSetupNgenInstall.log</File>
        <File>C:\Windows\Installer\SourceHash{2025DAA7-0653-4F18-B66F-900E6F2320EC}</File>
        <File>C:\Windows\Installer\f87ba6.msi</File>
    </Files>
    <RegistryKeys>
        <Key>HKEY_CURRENT_USER\SOFTWARE\paint.net</Key>
        <Key>HKEY_LOCAL_MACHINE\SOFTWARE\Classes\.dds\OpenWithProgids</Key>
        <Key>HKEY_LOCAL_MACHINE\SOFTWARE\Classes\.pdn</Key>
        <Key>HKEY_LOCAL_MACHINE\SOFTWARE\Classes\.tga</Key>
        <Key>HKEY_LOCAL_MACHINE\SOFTWARE\Classes\.webp\OpenWithProgids</Key>
        <Key>HKEY_LOCAL_MACHINE\SOFTWARE\Classes\CLSID\{FBF113F1-D7C8-477C-A23A-E600E7937E11}</Key>
        <Key>HKEY_LOCAL_MACHINE\SOFTWARE\Classes\Installer\Assemblies\C:|Program Files|paint.net|Bundled|DDSFileTypePlus|DdsFileTypePlus.dll</Key>
        <Key>HKEY_LOCAL_MACHINE\SOFTWARE\Classes\Installer\Assemblies\C:|Program Files|paint.net|Bundled|WebPFileType|WebPFileType.dll</Key>
        <Key>HKEY_LOCAL_MACHINE\SOFTWARE\Classes\Installer\Assemblies\C:|Program Files|paint.net|Interop.WIA.dll</Key>
        <Key>HKEY_LOCAL_MACHINE\SOFTWARE\Classes\Installer\Assemblies\C:|Program Files|paint.net|K4os.Compression.LZ4.Streams.dll</Key>
        <Key>HKEY_LOCAL_MACHINE\SOFTWARE\Classes\Installer\Assemblies\C:|Program Files|paint.net|K4os.Compression.LZ4.dll</Key>
        <Key>HKEY_LOCAL_MACHINE\SOFTWARE\Classes\Installer\Assemblies\C:|Program Files|paint.net|K4os.Hash.xxHash.dll</Key>
        <Key>HKEY_LOCAL_MACHINE\SOFTWARE\Classes\Installer\Assemblies\C:|Program Files|paint.net|PaintDotNet.Base.dll</Key>
        <Key>HKEY_LOCAL_MACHINE\SOFTWARE\Classes\Installer\Assemblies\C:|Program Files|paint.net|PaintDotNet.Core.dll</Key>
        <Key>HKEY_LOCAL_MACHINE\SOFTWARE\Classes\Installer\Assemblies\C:|Program Files|paint.net|PaintDotNet.Data.dll</Key>
        <Key>HKEY_LOCAL_MACHINE\SOFTWARE\Classes\Installer\Assemblies\C:|Program Files|paint.net|PaintDotNet.Effects.dll</Key>
        <Key>HKEY_LOCAL_MACHINE\SOFTWARE\Classes\Installer\Assemblies\C:|Program Files|paint.net|PaintDotNet.Framework.dll</Key>
        <Key>HKEY_LOCAL_MACHINE\SOFTWARE\Classes\Installer\Assemblies\C:|Program Files|paint.net|PaintDotNet.Resources.dll</Key>
        <Key>HKEY_LOCAL_MACHINE\SOFTWARE\Classes\Installer\Assemblies\C:|Program Files|paint.net|PaintDotNet.SystemLayer.Native.x64.dll</Key>
        <Key>HKEY_LOCAL_MACHINE\SOFTWARE\Classes\Installer\Assemblies\C:|Program Files|paint.net|PaintDotNet.SystemLayer.Native.x86.dll</Key>
        <Key>HKEY_LOCAL_MACHINE\SOFTWARE\Classes\Installer\Assemblies\C:|Program Files|paint.net|PaintDotNet.SystemLayer.dll</Key>
        <Key>HKEY_LOCAL_MACHINE\SOFTWARE\Classes\Installer\Assemblies\C:|Program Files|paint.net|PaintDotNet.exe</Key>
        <Key>HKEY_LOCAL_MACHINE\SOFTWARE\Classes\Installer\Assemblies\C:|Program Files|paint.net|PdnRepair.exe</Key>
        <Key>HKEY_LOCAL_MACHINE\SOFTWARE\Classes\Installer\Assemblies\C:|Program Files|paint.net|SetupNgen.exe</Key>
        <Key>HKEY_LOCAL_MACHINE\SOFTWARE\Classes\Installer\Assemblies\C:|Program Files|paint.net|System.Buffers.dll</Key>
        <Key>HKEY_LOCAL_MACHINE\SOFTWARE\Classes\Installer\Assemblies\C:|Program Files|paint.net|System.Memory.dll</Key>
        <Key>HKEY_LOCAL_MACHINE\SOFTWARE\Classes\Installer\Assemblies\C:|Program Files|paint.net|System.Numerics.Vectors.dll</Key>
        <Key>HKEY_LOCAL_MACHINE\SOFTWARE\Classes\Installer\Assemblies\C:|Program Files|paint.net|System.Runtime.CompilerServices.Unsafe.dll</Key>
        <Key>HKEY_LOCAL_MACHINE\SOFTWARE\Classes\Installer\Assemblies\C:|Program Files|paint.net|UpdateMonitor.exe</Key>
        <Key>HKEY_LOCAL_MACHINE\SOFTWARE\Classes\Installer\Features\7AAD5202356081F46BF609E0F63202CE</Key>
        <Key>HKEY_LOCAL_MACHINE\SOFTWARE\Classes\Installer\Products\7AAD5202356081F46BF609E0F63202CE</Key>
        <Key>HKEY_LOCAL_MACHINE\SOFTWARE\Classes\Installer\UpgradeCodes\04F04A40702A84B4EA7DA65A234E2357</Key>
        <Key>HKEY_LOCAL_MACHINE\SOFTWARE\Classes\WOW6432Node\CLSID\{FBF113F1-D7C8-477C-A23A-E600E7937E11}</Key>
        <Key>HKEY_LOCAL_MACHINE\SOFTWARE\Classes\jpegfile\shell\edit</Key>
        <Key>HKEY_LOCAL_MACHINE\SOFTWARE\Classes\paint.net.1</Key>
        <Key>HKEY_LOCAL_MACHINE\SOFTWARE\Classes\paint.net.ThumbnailProvider</Key>
        <Key>HKEY_LOCAL_MACHINE\SOFTWARE\Classes\paint.net.ThumbnailProvider.1</Key>
        <Key>HKEY_LOCAL_MACHINE\SOFTWARE\Classes\paintdotnet</Key>
        <Key>HKEY_LOCAL_MACHINE\SOFTWARE\Classes\pngfile\shell\edit</Key>
        <Key>HKEY_LOCAL_MACHINE\SOFTWARE\Microsoft\.NETFramework\v2.0.50727\NGenService\Roots\C:/Program Files/paint.net/PaintDotNet.Base.dll</Key>
        <Key>HKEY_LOCAL_MACHINE\SOFTWARE\Microsoft\.NETFramework\v2.0.50727\NGenService\Roots\C:/Program Files/paint.net/PaintDotNet.Core.dll</Key>
        <Key>HKEY_LOCAL_MACHINE\SOFTWARE\Microsoft\.NETFramework\v2.0.50727\NGenService\Roots\C:/Program Files/paint.net/PaintDotNet.Data.dll</Key>
        <Key>HKEY_LOCAL_MACHINE\SOFTWARE\Microsoft\.NETFramework\v2.0.50727\NGenService\Roots\C:/Program Files/paint.net/PaintDotNet.Effects.dll</Key>
        <Key>HKEY_LOCAL_MACHINE\SOFTWARE\Microsoft\.NETFramework\v2.0.50727\NGenService\Roots\C:/Program Files/paint.net/PaintDotNet.Framework.dll</Key>
        <Key>HKEY_LOCAL_MACHINE\SOFTWARE\Microsoft\.NETFramework\v2.0.50727\NGenService\Roots\C:/Program Files/paint.net/PaintDotNet.Resources.dll</Key>
        <Key>HKEY_LOCAL_MACHINE\SOFTWARE\Microsoft\.NETFramework\v2.0.50727\NGenService\Roots\C:/Program Files/paint.net/PaintDotNet.SystemLayer.Native.x64.dll</Key>
        <Key>HKEY_LOCAL_MACHINE\SOFTWARE\Microsoft\.NETFramework\v2.0.50727\NGenService\Roots\C:/Program Files/paint.net/PaintDotNet.SystemLayer.dll</Key>
        <Key>HKEY_LOCAL_MACHINE\SOFTWARE\Microsoft\.NETFramework\v2.0.50727\NGenService\Roots\C:/Program Files/paint.net/PaintDotNet.exe</Key>
        <Key>HKEY_LOCAL_MACHINE\SOFTWARE\Microsoft\.NETFramework\v2.0.50727\NGenService\Roots\C:/Program Files/paint.net/System.Buffers.dll</Key>
        <Key>HKEY_LOCAL_MACHINE\SOFTWARE\Microsoft\.NETFramework\v2.0.50727\NGenService\Roots\C:/Program Files/paint.net/System.Memory.dll</Key>
        <Key>HKEY_LOCAL_MACHINE\SOFTWARE\Microsoft\.NETFramework\v2.0.50727\NGenService\Roots\C:/Program Files/paint.net/System.Numerics.Vectors.dll</Key>
        <Key>HKEY_LOCAL_MACHINE\SOFTWARE\Microsoft\.NETFramework\v2.0.50727\NGenService\Roots\C:/Program Files/paint.net/System.Runtime.CompilerServices.Unsafe.dll</Key>
        <Key>HKEY_LOCAL_MACHINE\SOFTWARE\Microsoft\Tracing\PaintDotNet_RASAPI32</Key>
        <Key>HKEY_LOCAL_MACHINE\SOFTWARE\Microsoft\Tracing\PaintDotNet_RASMANCS</Key>
        <Key>HKEY_LOCAL_MACHINE\SOFTWARE\Microsoft\Tracing\SetupFrontEnd_RASAPI32</Key>
        <Key>HKEY_LOCAL_MACHINE\SOFTWARE\Microsoft\Tracing\SetupFrontEnd_RASMANCS</Key>
        <Key>HKEY_LOCAL_MACHINE\SOFTWARE\Microsoft\Windows\CurrentVersion\Installer\UpgradeCodes\04F04A40702A84B4EA7DA65A234E2357</Key>
        <Key>HKEY_LOCAL_MACHINE\SOFTWARE\Microsoft\Windows\CurrentVersion\Installer\UserData\S-1-5-18\Components\0075E7AB081D26DE53F883F77582C236</Key>
        <Key>HKEY_LOCAL_MACHINE\SOFTWARE\Microsoft\Windows\CurrentVersion\Installer\UserData\S-1-5-18\Components\0087571199AAF7DB1664CFAE20D0E354</Key>
        <Key>HKEY_LOCAL_MACHINE\SOFTWARE\Microsoft\Windows\CurrentVersion\Installer\UserData\S-1-5-18\Components\00F5485528A1897137D314AC4968A784</Key>
        <Key>HKEY_LOCAL_MACHINE\SOFTWARE\Microsoft\Windows\CurrentVersion\Installer\UserData\S-1-5-18\Components\0267C1F85FBB3C636E6BD61438A3CD35</Key>
        <Key>HKEY_LOCAL_MACHINE\SOFTWARE\Microsoft\Windows\CurrentVersion\Installer\UserData\S-1-5-18\Components\031CD8DCB2E7B1A934E1D85069090039</Key>
        <Key>HKEY_LOCAL_MACHINE\SOFTWARE\Microsoft\Windows\CurrentVersion\Installer\UserData\S-1-5-18\Components\068EABAABAF76083B69D95D980B4676A</Key>
        <Key>HKEY_LOCAL_MACHINE\SOFTWARE\Microsoft\Windows\CurrentVersion\Installer\UserData\S-1-5-18\Components\069225DAAD60A6ED6A30A362576E8ED0</Key>
        <Key>HKEY_LOCAL_MACHINE\SOFTWARE\Microsoft\Windows\CurrentVersion\Installer\UserData\S-1-5-18\Components\0852EAB440B817E8E31C6BCD7CFC5CFC</Key>
        <Key>HKEY_LOCAL_MACHINE\SOFTWARE\Microsoft\Windows\CurrentVersion\Installer\UserData\S-1-5-18\Components\086413A20BE70748DDD109AD8A45A57E</Key>
        <Key>HKEY_LOCAL_MACHINE\SOFTWARE\Microsoft\Windows\CurrentVersion\Installer\UserData\S-1-5-18\Components\099001E1E3E328E742F6953D791DF199</Key>
        <Key>HKEY_LOCAL_MACHINE\SOFTWARE\Microsoft\Windows\CurrentVersion\Installer\UserData\S-1-5-18\Components\0A77D0260CCFAABAA70EB562417EE439</Key>
        <Key>HKEY_LOCAL_MACHINE\SOFTWARE\Microsoft\Windows\CurrentVersion\Installer\UserData\S-1-5-18\Components\0CD732A3798C5F1C3054A902247CEC8F</Key>
        <Key>HKEY_LOCAL_MACHINE\SOFTWARE\Microsoft\Windows\CurrentVersion\Installer\UserData\S-1-5-18\Components\0D0A96F821C9A842B00E516F527BAEAE</Key>
        <Key>HKEY_LOCAL_MACHINE\SOFTWARE\Microsoft\Windows\CurrentVersion\Installer\UserData\S-1-5-18\Components\0D61A8CF836257FA9D6B40FDD090D9E0</Key>
        <Key>HKEY_LOCAL_MACHINE\SOFTWARE\Microsoft\Windows\CurrentVersion\Installer\UserData\S-1-5-18\Components\0DF25E167140299BC8CF2107EA263CC4</Key>
        <Key>HKEY_LOCAL_MACHINE\SOFTWARE\Microsoft\Windows\CurrentVersion\Installer\UserData\S-1-5-18\Components\0E14AAE57AE4F6988F081E4B1F64EBF1</Key>
        <Key>HKEY_LOCAL_MACHINE\SOFTWARE\Microsoft\Windows\CurrentVersion\Installer\UserData\S-1-5-18\Components\0E4B7E4A6D5EF498C4F1ECB4B54734FD</Key>
        <Key>HKEY_LOCAL_MACHINE\SOFTWARE\Microsoft\Windows\CurrentVersion\Installer\UserData\S-1-5-18\Components\0FE8F6D94329E8C100A3E3525265C9C4</Key>
        <Key>HKEY_LOCAL_MACHINE\SOFTWARE\Microsoft\Windows\CurrentVersion\Installer\UserData\S-1-5-18\Components\100F702EC73E5E98E4904ED2BCC39857</Key>
        <Key>HKEY_LOCAL_MACHINE\SOFTWARE\Microsoft\Windows\CurrentVersion\Installer\UserData\S-1-5-18\Components\1127F362EFCACD2440CE82113DBBE6A4</Key>
        <Key>HKEY_LOCAL_MACHINE\SOFTWARE\Microsoft\Windows\CurrentVersion\Installer\UserData\S-1-5-18\Components\11DF591773E6FFD393D183D7F67850E9</Key>
        <Key>HKEY_LOCAL_MACHINE\SOFTWARE\Microsoft\Windows\CurrentVersion\Installer\UserData\S-1-5-18\Components\1291FCBF3F67C282D014458748147639</Key>
        <Key>HKEY_LOCAL_MACHINE\SOFTWARE\Microsoft\Windows\CurrentVersion\Installer\UserData\S-1-5-18\Components\12D5852A34C7C17C1C7899E9563D72D6</Key>
        <Key>HKEY_LOCAL_MACHINE\SOFTWARE\Microsoft\Windows\CurrentVersion\Installer\UserData\S-1-5-18\Components\12E8394F31B9345A44058DED41F741A4</Key>
        <Key>HKEY_LOCAL_MACHINE\SOFTWARE\Microsoft\Windows\CurrentVersion\Installer\UserData\S-1-5-18\Components\130F2EF877A22481EFD1428BF3687EBE</Key>
        <Key>HKEY_LOCAL_MACHINE\SOFTWARE\Microsoft\Windows\CurrentVersion\Installer\UserData\S-1-5-18\Components\140CB61ADEB1A9479A8FB3CAB9639E51</Key>
        <Key>HKEY_LOCAL_MACHINE\SOFTWARE\Microsoft\Windows\CurrentVersion\Installer\UserData\S-1-5-18\Components\14F88B7BCB0A2B4988189E4C591A4BE1</Key>
        <Key>HKEY_LOCAL_MACHINE\SOFTWARE\Microsoft\Windows\CurrentVersion\Installer\UserData\S-1-5-18\Components\157AE51C46965DB6491AECE15E8B1BE3</Key>
        <Key>HKEY_LOCAL_MACHINE\SOFTWARE\Microsoft\Windows\CurrentVersion\Installer\UserData\S-1-5-18\Components\16546D71D661DBDC90B92C2F57A06AFB</Key>
        <Key>HKEY_LOCAL_MACHINE\SOFTWARE\Microsoft\Windows\CurrentVersion\Installer\UserData\S-1-5-18\Components\17424B8920B3CFB55836BBE0C4FC98DC</Key>
        <Key>HKEY_LOCAL_MACHINE\SOFTWARE\Microsoft\Windows\CurrentVersion\Installer\UserData\S-1-5-18\Components\175B3CCDBDD3652823771D129F209D08</Key>
        <Key>HKEY_LOCAL_MACHINE\SOFTWARE\Microsoft\Windows\CurrentVersion\Installer\UserData\S-1-5-18\Components\17779C4CABF2AB4C2FF91B7059805F0A</Key>
        <Key>HKEY_LOCAL_MACHINE\SOFTWARE\Microsoft\Windows\CurrentVersion\Installer\UserData\S-1-5-18\Components\180518DE2915118E64D0E6241F0624D8</Key>
        <Key>HKEY_LOCAL_MACHINE\SOFTWARE\Microsoft\Windows\CurrentVersion\Installer\UserData\S-1-5-18\Components\1938F03E0475EC48D1503A2DCA043600</Key>
        <Key>HKEY_LOCAL_MACHINE\SOFTWARE\Microsoft\Windows\CurrentVersion\Installer\UserData\S-1-5-18\Components\1AFE3738BB9DAF512D8CF2A805B392B4</Key>
        <Key>HKEY_LOCAL_MACHINE\SOFTWARE\Microsoft\Windows\CurrentVersion\Installer\UserData\S-1-5-18\Components\1C3FCC9439B6C71EB6DACDF75831839B</Key>
        <Key>HKEY_LOCAL_MACHINE\SOFTWARE\Microsoft\Windows\CurrentVersion\Installer\UserData\S-1-5-18\Components\1CA39DE30503C38338C9A92E11B9C068</Key>
        <Key>HKEY_LOCAL_MACHINE\SOFTWARE\Microsoft\Windows\CurrentVersion\Installer\UserData\S-1-5-18\Components\1DCBA19623368A6CC54A71E5F250818E</Key>
        <Key>HKEY_LOCAL_MACHINE\SOFTWARE\Microsoft\Windows\CurrentVersion\Installer\UserData\S-1-5-18\Components\1F0CE92C40BC229D2A9047C07C0F38A8</Key>
        <Key>HKEY_LOCAL_MACHINE\SOFTWARE\Microsoft\Windows\CurrentVersion\Installer\UserData\S-1-5-18\Components\200F337A1C4EE46B5E6019F387391BE0</Key>
        <Key>HKEY_LOCAL_MACHINE\SOFTWARE\Microsoft\Windows\CurrentVersion\Installer\UserData\S-1-5-18\Components\2014BCA5501AAF67C8704CD0047161BB</Key>
        <Key>HKEY_LOCAL_MACHINE\SOFTWARE\Microsoft\Windows\CurrentVersion\Installer\UserData\S-1-5-18\Components\20B8560AAEEFC1A702EBCC631D4BEA3B</Key>
        <Key>HKEY_LOCAL_MACHINE\SOFTWARE\Microsoft\Windows\CurrentVersion\Installer\UserData\S-1-5-18\Components\2387930CC77CEBA85F7E133067829D5C</Key>
        <Key>HKEY_LOCAL_MACHINE\SOFTWARE\Microsoft\Windows\CurrentVersion\Installer\UserData\S-1-5-18\Components\23CB2371EE5F457F7606F470D8E1F8C9</Key>
        <Key>HKEY_LOCAL_MACHINE\SOFTWARE\Microsoft\Windows\CurrentVersion\Installer\UserData\S-1-5-18\Components\23CC9DDF95EE22EAAE396358A7EA41A8</Key>
        <Key>HKEY_LOCAL_MACHINE\SOFTWARE\Microsoft\Windows\CurrentVersion\Installer\UserData\S-1-5-18\Components\2415709AD2E63DC30D8B13A1E841CAF5</Key>
        <Key>HKEY_LOCAL_MACHINE\SOFTWARE\Microsoft\Windows\CurrentVersion\Installer\UserData\S-1-5-18\Components\2508AB114D05451E7ABE319199BEAD9C</Key>
        <Key>HKEY_LOCAL_MACHINE\SOFTWARE\Microsoft\Windows\CurrentVersion\Installer\UserData\S-1-5-18\Components\269BE4489BEE188970E0DBFCE3AE312E</Key>
        <Key>HKEY_LOCAL_MACHINE\SOFTWARE\Microsoft\Windows\CurrentVersion\Installer\UserData\S-1-5-18\Components\27D7FC48E47EC350BE7A4964481D6081</Key>
        <Key>HKEY_LOCAL_MACHINE\SOFTWARE\Microsoft\Windows\CurrentVersion\Installer\UserData\S-1-5-18\Components\28DA2FE2D06BCD767A4919AC8A824BD0</Key>
        <Key>HKEY_LOCAL_MACHINE\SOFTWARE\Microsoft\Windows\CurrentVersion\Installer\UserData\S-1-5-18\Components\2BBCA3C9255C4ADE3CCB509995318F1A</Key>
        <Key>HKEY_LOCAL_MACHINE\SOFTWARE\Microsoft\Windows\CurrentVersion\Installer\UserData\S-1-5-18\Components\2C30E54115DE5B346406F6AB5C497D02</Key>
        <Key>HKEY_LOCAL_MACHINE\SOFTWARE\Microsoft\Windows\CurrentVersion\Installer\UserData\S-1-5-18\Components\2C6407C3B5906A60D0D435C908D0FCF8</Key>
        <Key>HKEY_LOCAL_MACHINE\SOFTWARE\Microsoft\Windows\CurrentVersion\Installer\UserData\S-1-5-18\Components\2CE2BA2E8D7DAEA86D777602B139CF64</Key>
        <Key>HKEY_LOCAL_MACHINE\SOFTWARE\Microsoft\Windows\CurrentVersion\Installer\UserData\S-1-5-18\Components\2CEBE238F7F7475141732A87C2BB849B</Key>
        <Key>HKEY_LOCAL_MACHINE\SOFTWARE\Microsoft\Windows\CurrentVersion\Installer\UserData\S-1-5-18\Components\2E6E764F8C7A1DF109C426C0A15C1E26</Key>
        <Key>HKEY_LOCAL_MACHINE\SOFTWARE\Microsoft\Windows\CurrentVersion\Installer\UserData\S-1-5-18\Components\2F5677E2B93929FCBAD664631AC86D6C</Key>
        <Key>HKEY_LOCAL_MACHINE\SOFTWARE\Microsoft\Windows\CurrentVersion\Installer\UserData\S-1-5-18\Components\2FA117DC54004A680BE2A77A5FC65852</Key>
        <Key>HKEY_LOCAL_MACHINE\SOFTWARE\Microsoft\Windows\CurrentVersion\Installer\UserData\S-1-5-18\Components\300A40A1E1FDEEF516B9DCE139C0CE3D</Key>
        <Key>HKEY_LOCAL_MACHINE\SOFTWARE\Microsoft\Windows\CurrentVersion\Installer\UserData\S-1-5-18\Components\304CE5529B6100DE657E06AC91880164</Key>
        <Key>HKEY_LOCAL_MACHINE\SOFTWARE\Microsoft\Windows\CurrentVersion\Installer\UserData\S-1-5-18\Components\30D97F90C36A65D5B32F2C540D8E9434</Key>
        <Key>HKEY_LOCAL_MACHINE\SOFTWARE\Microsoft\Windows\CurrentVersion\Installer\UserData\S-1-5-18\Components\30E9EBA351D9C8280D57DD2B0D99D0E6</Key>
        <Key>HKEY_LOCAL_MACHINE\SOFTWARE\Microsoft\Windows\CurrentVersion\Installer\UserData\S-1-5-18\Components\315B8AC52DF8E90C714A816C69D6A171</Key>
        <Key>HKEY_LOCAL_MACHINE\SOFTWARE\Microsoft\Windows\CurrentVersion\Installer\UserData\S-1-5-18\Components\32045D976BC5B70735BCDE5772FC82FA</Key>
        <Key>HKEY_LOCAL_MACHINE\SOFTWARE\Microsoft\Windows\CurrentVersion\Installer\UserData\S-1-5-18\Components\322F856C7224244D6864D4D23191051D</Key>
        <Key>HKEY_LOCAL_MACHINE\SOFTWARE\Microsoft\Windows\CurrentVersion\Installer\UserData\S-1-5-18\Components\326F11B7EB9C368179E52507BD599159</Key>
        <Key>HKEY_LOCAL_MACHINE\SOFTWARE\Microsoft\Windows\CurrentVersion\Installer\UserData\S-1-5-18\Components\32FCAD3D18EC0C866D1807431B749D93</Key>
        <Key>HKEY_LOCAL_MACHINE\SOFTWARE\Microsoft\Windows\CurrentVersion\Installer\UserData\S-1-5-18\Components\341F503BECF7CF3A9BCCB6BE50F9CAEE</Key>
        <Key>HKEY_LOCAL_MACHINE\SOFTWARE\Microsoft\Windows\CurrentVersion\Installer\UserData\S-1-5-18\Components\34E21FFE248548F75E05847B50EE1271</Key>
        <Key>HKEY_LOCAL_MACHINE\SOFTWARE\Microsoft\Windows\CurrentVersion\Installer\UserData\S-1-5-18\Components\364C147DFFCBC2680D6012BC9F65370C</Key>
        <Key>HKEY_LOCAL_MACHINE\SOFTWARE\Microsoft\Windows\CurrentVersion\Installer\UserData\S-1-5-18\Components\37A1AF4FB7B059AE6F5C397AFF8AEBC7</Key>
        <Key>HKEY_LOCAL_MACHINE\SOFTWARE\Microsoft\Windows\CurrentVersion\Installer\UserData\S-1-5-18\Components\390839B0FB56EBC102DD1502B8E55517</Key>
        <Key>HKEY_LOCAL_MACHINE\SOFTWARE\Microsoft\Windows\CurrentVersion\Installer\UserData\S-1-5-18\Components\3A573274820B38C73A173438925A39F9</Key>
        <Key>HKEY_LOCAL_MACHINE\SOFTWARE\Microsoft\Windows\CurrentVersion\Installer\UserData\S-1-5-18\Components\3B040FA47A43288171D5FD9D97DC8CAE</Key>
        <Key>HKEY_LOCAL_MACHINE\SOFTWARE\Microsoft\Windows\CurrentVersion\Installer\UserData\S-1-5-18\Components\3C72D347FF538F09A3A3EDC972E8608B</Key>
        <Key>HKEY_LOCAL_MACHINE\SOFTWARE\Microsoft\Windows\CurrentVersion\Installer\UserData\S-1-5-18\Components\3D20771FA699B1B4FE032324DEF6C52E</Key>
        <Key>HKEY_LOCAL_MACHINE\SOFTWARE\Microsoft\Windows\CurrentVersion\Installer\UserData\S-1-5-18\Components\3D286449BE15D8990FE43255D6510299</Key>
        <Key>HKEY_LOCAL_MACHINE\SOFTWARE\Microsoft\Windows\CurrentVersion\Installer\UserData\S-1-5-18\Components\3D78C38788FEE008440C22864D26C216</Key>
        <Key>HKEY_LOCAL_MACHINE\SOFTWARE\Microsoft\Windows\CurrentVersion\Installer\UserData\S-1-5-18\Components\3E930E05901546A19C4D2757DC3AD0C6</Key>
        <Key>HKEY_LOCAL_MACHINE\SOFTWARE\Microsoft\Windows\CurrentVersion\Installer\UserData\S-1-5-18\Components\3EA3A281D41A30DFD3BC6BBE09EC4357</Key>
        <Key>HKEY_LOCAL_MACHINE\SOFTWARE\Microsoft\Windows\CurrentVersion\Installer\UserData\S-1-5-18\Components\3F86E30A4AE7FCBBB923D5F7F65F8C10</Key>
        <Key>HKEY_LOCAL_MACHINE\SOFTWARE\Microsoft\Windows\CurrentVersion\Installer\UserData\S-1-5-18\Components\3F93C95A93EA0493CB9A82D084753073</Key>
        <Key>HKEY_LOCAL_MACHINE\SOFTWARE\Microsoft\Windows\CurrentVersion\Installer\UserData\S-1-5-18\Components\40E56823E5E008F2A64597FDBF81425E</Key>
        <Key>HKEY_LOCAL_MACHINE\SOFTWARE\Microsoft\Windows\CurrentVersion\Installer\UserData\S-1-5-18\Components\41403A7992398C7D1AAA120B124647B0</Key>
        <Key>HKEY_LOCAL_MACHINE\SOFTWARE\Microsoft\Windows\CurrentVersion\Installer\UserData\S-1-5-18\Components\41DB55996782D647AAF4EFF2D6EE40FC</Key>
        <Key>HKEY_LOCAL_MACHINE\SOFTWARE\Microsoft\Windows\CurrentVersion\Installer\UserData\S-1-5-18\Components\4272146C8AA7980049BE7D0E8F588C32</Key>
        <Key>HKEY_LOCAL_MACHINE\SOFTWARE\Microsoft\Windows\CurrentVersion\Installer\UserData\S-1-5-18\Components\435E206F1CA0C2C9F1344B4E27973B89</Key>
        <Key>HKEY_LOCAL_MACHINE\SOFTWARE\Microsoft\Windows\CurrentVersion\Installer\UserData\S-1-5-18\Components\4549E661DA39A074155FC94F58A9B87A</Key>
        <Key>HKEY_LOCAL_MACHINE\SOFTWARE\Microsoft\Windows\CurrentVersion\Installer\UserData\S-1-5-18\Components\45DA6D87D6BECDCEDA6BFE9241CD99E7</Key>
        <Key>HKEY_LOCAL_MACHINE\SOFTWARE\Microsoft\Windows\CurrentVersion\Installer\UserData\S-1-5-18\Components\45F302C6B0C2293448D53164D65832A8</Key>
        <Key>HKEY_LOCAL_MACHINE\SOFTWARE\Microsoft\Windows\CurrentVersion\Installer\UserData\S-1-5-18\Components\45F84B20EFA896559A17C99A8F8597DF</Key>
        <Key>HKEY_LOCAL_MACHINE\SOFTWARE\Microsoft\Windows\CurrentVersion\Installer\UserData\S-1-5-18\Components\45FFC6BA5CB8EB6A6BE76C3680EE152E</Key>
        <Key>HKEY_LOCAL_MACHINE\SOFTWARE\Microsoft\Windows\CurrentVersion\Installer\UserData\S-1-5-18\Components\4608A1CB63D6EBA4E455F58A3506D639</Key>
        <Key>HKEY_LOCAL_MACHINE\SOFTWARE\Microsoft\Windows\CurrentVersion\Installer\UserData\S-1-5-18\Components\460969D02CA9AD9A75185539A9F985C8</Key>
        <Key>HKEY_LOCAL_MACHINE\SOFTWARE\Microsoft\Windows\CurrentVersion\Installer\UserData\S-1-5-18\Components\467C82A04B0B4643C9D2AA2DB6963DD2</Key>
        <Key>HKEY_LOCAL_MACHINE\SOFTWARE\Microsoft\Windows\CurrentVersion\Installer\UserData\S-1-5-18\Components\46FC2D6F879D26B13DE0C010E6BBEB6F</Key>
        <Key>HKEY_LOCAL_MACHINE\SOFTWARE\Microsoft\Windows\CurrentVersion\Installer\UserData\S-1-5-18\Components\472BC567B244611500F54BFBE3A4562F</Key>
        <Key>HKEY_LOCAL_MACHINE\SOFTWARE\Microsoft\Windows\CurrentVersion\Installer\UserData\S-1-5-18\Components\479B419317A0697FCE5A9E3B1534FF2D</Key>
        <Key>HKEY_LOCAL_MACHINE\SOFTWARE\Microsoft\Windows\CurrentVersion\Installer\UserData\S-1-5-18\Components\47B1F1C012400FFDAC01B8AF3F2D9F65</Key>
        <Key>HKEY_LOCAL_MACHINE\SOFTWARE\Microsoft\Windows\CurrentVersion\Installer\UserData\S-1-5-18\Components\47B685320659C0E3C83712502CDA02B3</Key>
        <Key>HKEY_LOCAL_MACHINE\SOFTWARE\Microsoft\Windows\CurrentVersion\Installer\UserData\S-1-5-18\Components\48176CBF35AFD41A2431AB46FB14C6D7</Key>
        <Key>HKEY_LOCAL_MACHINE\SOFTWARE\Microsoft\Windows\CurrentVersion\Installer\UserData\S-1-5-18\Components\484C5B03D3B0F1F26354A593F4EC5FB4</Key>
        <Key>HKEY_LOCAL_MACHINE\SOFTWARE\Microsoft\Windows\CurrentVersion\Installer\UserData\S-1-5-18\Components\48B1306B3A9D8C0145CCF5CC8777974D</Key>
        <Key>HKEY_LOCAL_MACHINE\SOFTWARE\Microsoft\Windows\CurrentVersion\Installer\UserData\S-1-5-18\Components\4A0CE841A3B293440495B9D4B3C255CF</Key>
        <Key>HKEY_LOCAL_MACHINE\SOFTWARE\Microsoft\Windows\CurrentVersion\Installer\UserData\S-1-5-18\Components\4A4968FE91852C7CFB5456D85CD374B8</Key>
        <Key>HKEY_LOCAL_MACHINE\SOFTWARE\Microsoft\Windows\CurrentVersion\Installer\UserData\S-1-5-18\Components\4C3713CDF907F761D4AE1429CE3735CA</Key>
        <Key>HKEY_LOCAL_MACHINE\SOFTWARE\Microsoft\Windows\CurrentVersion\Installer\UserData\S-1-5-18\Components\4EC1D993859D06C6FB2AAF2F58676ADC</Key>
        <Key>HKEY_LOCAL_MACHINE\SOFTWARE\Microsoft\Windows\CurrentVersion\Installer\UserData\S-1-5-18\Components\4F0266916B1BE773FD5C624F6FCE2D9A</Key>
        <Key>HKEY_LOCAL_MACHINE\SOFTWARE\Microsoft\Windows\CurrentVersion\Installer\UserData\S-1-5-18\Components\4F80B0F3AD251269EFEED0994570A563</Key>
        <Key>HKEY_LOCAL_MACHINE\SOFTWARE\Microsoft\Windows\CurrentVersion\Installer\UserData\S-1-5-18\Components\4FE749D72B5C411546989AC276A2C36D</Key>
        <Key>HKEY_LOCAL_MACHINE\SOFTWARE\Microsoft\Windows\CurrentVersion\Installer\UserData\S-1-5-18\Components\51098CB2EAE3A726F9A2B78E80ACD94A</Key>
        <Key>HKEY_LOCAL_MACHINE\SOFTWARE\Microsoft\Windows\CurrentVersion\Installer\UserData\S-1-5-18\Components\5234B9EE96F1EE03A4B3321F6FC95553</Key>
        <Key>HKEY_LOCAL_MACHINE\SOFTWARE\Microsoft\Windows\CurrentVersion\Installer\UserData\S-1-5-18\Components\525055BE266CDD651E34988683F505EB</Key>
        <Key>HKEY_LOCAL_MACHINE\SOFTWARE\Microsoft\Windows\CurrentVersion\Installer\UserData\S-1-5-18\Components\5363316CE93369313212DE585DD133CD</Key>
        <Key>HKEY_LOCAL_MACHINE\SOFTWARE\Microsoft\Windows\CurrentVersion\Installer\UserData\S-1-5-18\Components\53AB3F46AF179A12E5ED52C26BE901DD</Key>
        <Key>HKEY_LOCAL_MACHINE\SOFTWARE\Microsoft\Windows\CurrentVersion\Installer\UserData\S-1-5-18\Components\53D2B283EC419A5A808FAA818C4B9C01</Key>
        <Key>HKEY_LOCAL_MACHINE\SOFTWARE\Microsoft\Windows\CurrentVersion\Installer\UserData\S-1-5-18\Components\550495BE45001C90215C196A488B2F71</Key>
        <Key>HKEY_LOCAL_MACHINE\SOFTWARE\Microsoft\Windows\CurrentVersion\Installer\UserData\S-1-5-18\Components\5571FD89A2399CF244D3E4543A3D57AE</Key>
        <Key>HKEY_LOCAL_MACHINE\SOFTWARE\Microsoft\Windows\CurrentVersion\Installer\UserData\S-1-5-18\Components\559320CDF562B1DFCA4F67E229329A80</Key>
        <Key>HKEY_LOCAL_MACHINE\SOFTWARE\Microsoft\Windows\CurrentVersion\Installer\UserData\S-1-5-18\Components\583F0612E17D7F3A65445B37760DCE2C</Key>
        <Key>HKEY_LOCAL_MACHINE\SOFTWARE\Microsoft\Windows\CurrentVersion\Installer\UserData\S-1-5-18\Components\58D1CE75407C38688C14051AB3232B39</Key>
        <Key>HKEY_LOCAL_MACHINE\SOFTWARE\Microsoft\Windows\CurrentVersion\Installer\UserData\S-1-5-18\Components\593B6A680C0621AA7EC5EAABA66AE2D1</Key>
        <Key>HKEY_LOCAL_MACHINE\SOFTWARE\Microsoft\Windows\CurrentVersion\Installer\UserData\S-1-5-18\Components\5A49DE290429B04B3823F8C37D8DDE26</Key>
        <Key>HKEY_LOCAL_MACHINE\SOFTWARE\Microsoft\Windows\CurrentVersion\Installer\UserData\S-1-5-18\Components\5A58B7949F751AA8F6B0D1FD87498C83</Key>
        <Key>HKEY_LOCAL_MACHINE\SOFTWARE\Microsoft\Windows\CurrentVersion\Installer\UserData\S-1-5-18\Components\5AE1AE0A6A454E5845929D7ADAD83701</Key>
        <Key>HKEY_LOCAL_MACHINE\SOFTWARE\Microsoft\Windows\CurrentVersion\Installer\UserData\S-1-5-18\Components\5B02613474693A34CD74433D7ADB7E3A</Key>
        <Key>HKEY_LOCAL_MACHINE\SOFTWARE\Microsoft\Windows\CurrentVersion\Installer\UserData\S-1-5-18\Components\5C6D116E97746FA32E433CE00455DA89</Key>
        <Key>HKEY_LOCAL_MACHINE\SOFTWARE\Microsoft\Windows\CurrentVersion\Installer\UserData\S-1-5-18\Components\5C96BD8B70FF1DF475B97BBFDC252F86</Key>
        <Key>HKEY_LOCAL_MACHINE\SOFTWARE\Microsoft\Windows\CurrentVersion\Installer\UserData\S-1-5-18\Components\5CB58C2D650C0B33167B1BF6A0FE5675</Key>
        <Key>HKEY_LOCAL_MACHINE\SOFTWARE\Microsoft\Windows\CurrentVersion\Installer\UserData\S-1-5-18\Components\5D0BE5E65CE57C137940D9D7617F2194</Key>
        <Key>HKEY_LOCAL_MACHINE\SOFTWARE\Microsoft\Windows\CurrentVersion\Installer\UserData\S-1-5-18\Components\5DED1B8350BFBD241435F89AFC0355D7</Key>
        <Key>HKEY_LOCAL_MACHINE\SOFTWARE\Microsoft\Windows\CurrentVersion\Installer\UserData\S-1-5-18\Components\5DED3F7569F4451BC9C73BF7F0E14923</Key>
        <Key>HKEY_LOCAL_MACHINE\SOFTWARE\Microsoft\Windows\CurrentVersion\Installer\UserData\S-1-5-18\Components\5E8935219E4DD29EB98F811EDE51C27C</Key>
        <Key>HKEY_LOCAL_MACHINE\SOFTWARE\Microsoft\Windows\CurrentVersion\Installer\UserData\S-1-5-18\Components\5E8E9F7BF0D3B72AC7E5304638FB9717</Key>
        <Key>HKEY_LOCAL_MACHINE\SOFTWARE\Microsoft\Windows\CurrentVersion\Installer\UserData\S-1-5-18\Components\5F66FE63610152D7AFA2B8352EFBA54F</Key>
        <Key>HKEY_LOCAL_MACHINE\SOFTWARE\Microsoft\Windows\CurrentVersion\Installer\UserData\S-1-5-18\Components\60BC96E8B23BBF97ECB0BA1A6EFCD385</Key>
        <Key>HKEY_LOCAL_MACHINE\SOFTWARE\Microsoft\Windows\CurrentVersion\Installer\UserData\S-1-5-18\Components\61938AE410133F3ABD51F2009205B670</Key>
        <Key>HKEY_LOCAL_MACHINE\SOFTWARE\Microsoft\Windows\CurrentVersion\Installer\UserData\S-1-5-18\Components\62154C9A1D3023B3EAB309B005693C8B</Key>
        <Key>HKEY_LOCAL_MACHINE\SOFTWARE\Microsoft\Windows\CurrentVersion\Installer\UserData\S-1-5-18\Components\62C7A588FBB77BDAD9274EE307151573</Key>
        <Key>HKEY_LOCAL_MACHINE\SOFTWARE\Microsoft\Windows\CurrentVersion\Installer\UserData\S-1-5-18\Components\6598ED6732AC63F9A6FD4B3DD789425E</Key>
        <Key>HKEY_LOCAL_MACHINE\SOFTWARE\Microsoft\Windows\CurrentVersion\Installer\UserData\S-1-5-18\Components\65D332ECD9DAC19B81427CC8296CB4D6</Key>
        <Key>HKEY_LOCAL_MACHINE\SOFTWARE\Microsoft\Windows\CurrentVersion\Installer\UserData\S-1-5-18\Components\662093B8DEAB86E7F97A039110D90CB9</Key>
        <Key>HKEY_LOCAL_MACHINE\SOFTWARE\Microsoft\Windows\CurrentVersion\Installer\UserData\S-1-5-18\Components\67509FA14545A3394ACE14BD005819EB</Key>
        <Key>HKEY_LOCAL_MACHINE\SOFTWARE\Microsoft\Windows\CurrentVersion\Installer\UserData\S-1-5-18\Components\6780A0A0184E5E386DCD7E5B28CFF398</Key>
        <Key>HKEY_LOCAL_MACHINE\SOFTWARE\Microsoft\Windows\CurrentVersion\Installer\UserData\S-1-5-18\Components\68A20CE76856E5FD83E9C06EB9C7AB24</Key>
        <Key>HKEY_LOCAL_MACHINE\SOFTWARE\Microsoft\Windows\CurrentVersion\Installer\UserData\S-1-5-18\Components\68D98138106EA995DF9DE1613A6DE0BD</Key>
        <Key>HKEY_LOCAL_MACHINE\SOFTWARE\Microsoft\Windows\CurrentVersion\Installer\UserData\S-1-5-18\Components\6A98D717F88C8BE843F4D273A2F57607</Key>
        <Key>HKEY_LOCAL_MACHINE\SOFTWARE\Microsoft\Windows\CurrentVersion\Installer\UserData\S-1-5-18\Components\6C069B0849DF14C1A151488DAFF7DD68</Key>
        <Key>HKEY_LOCAL_MACHINE\SOFTWARE\Microsoft\Windows\CurrentVersion\Installer\UserData\S-1-5-18\Components\6C55B268E3BE745E7C2CAE0054282B7E</Key>
        <Key>HKEY_LOCAL_MACHINE\SOFTWARE\Microsoft\Windows\CurrentVersion\Installer\UserData\S-1-5-18\Components\6C5B256B6B8A000CB61C9B753ADAE8FF</Key>
        <Key>HKEY_LOCAL_MACHINE\SOFTWARE\Microsoft\Windows\CurrentVersion\Installer\UserData\S-1-5-18\Components\6C7A261F6964B8BFEBA3FB8F605656FB</Key>
        <Key>HKEY_LOCAL_MACHINE\SOFTWARE\Microsoft\Windows\CurrentVersion\Installer\UserData\S-1-5-18\Components\6CD7A50D64D7604A2B6A5E294E34C586</Key>
        <Key>HKEY_LOCAL_MACHINE\SOFTWARE\Microsoft\Windows\CurrentVersion\Installer\UserData\S-1-5-18\Components\6D0DDA5025236A70D07FB5EFB4960491</Key>
        <Key>HKEY_LOCAL_MACHINE\SOFTWARE\Microsoft\Windows\CurrentVersion\Installer\UserData\S-1-5-18\Components\6D74CF52236C179F6543D820613D016A</Key>
        <Key>HKEY_LOCAL_MACHINE\SOFTWARE\Microsoft\Windows\CurrentVersion\Installer\UserData\S-1-5-18\Components\6D76AA59076F16AAFC86867688FD64D9</Key>
        <Key>HKEY_LOCAL_MACHINE\SOFTWARE\Microsoft\Windows\CurrentVersion\Installer\UserData\S-1-5-18\Components\6D99C61902055E82ABAFCA6F446B1487</Key>
        <Key>HKEY_LOCAL_MACHINE\SOFTWARE\Microsoft\Windows\CurrentVersion\Installer\UserData\S-1-5-18\Components\6DC3B128CDB6991AE30F42A55B491F98</Key>
        <Key>HKEY_LOCAL_MACHINE\SOFTWARE\Microsoft\Windows\CurrentVersion\Installer\UserData\S-1-5-18\Components\6E7FE5283EAF29B22726838ECD686A6F</Key>
        <Key>HKEY_LOCAL_MACHINE\SOFTWARE\Microsoft\Windows\CurrentVersion\Installer\UserData\S-1-5-18\Components\6F71FBE8A5DC675F1E7C84AE1B37599E</Key>
        <Key>HKEY_LOCAL_MACHINE\SOFTWARE\Microsoft\Windows\CurrentVersion\Installer\UserData\S-1-5-18\Components\70FBCB92472D12D6948446ED9CBDB673</Key>
        <Key>HKEY_LOCAL_MACHINE\SOFTWARE\Microsoft\Windows\CurrentVersion\Installer\UserData\S-1-5-18\Components\72A7FA7A548C24A18A3203E60EDF23FE</Key>
        <Key>HKEY_LOCAL_MACHINE\SOFTWARE\Microsoft\Windows\CurrentVersion\Installer\UserData\S-1-5-18\Components\72B051C87F18D5A5299BD35F570058B0</Key>
        <Key>HKEY_LOCAL_MACHINE\SOFTWARE\Microsoft\Windows\CurrentVersion\Installer\UserData\S-1-5-18\Components\7368FA06416B3018B160F9AA6D68B829</Key>
        <Key>HKEY_LOCAL_MACHINE\SOFTWARE\Microsoft\Windows\CurrentVersion\Installer\UserData\S-1-5-18\Components\73AED324FE917FF37C6167671FF0948E</Key>
        <Key>HKEY_LOCAL_MACHINE\SOFTWARE\Microsoft\Windows\CurrentVersion\Installer\UserData\S-1-5-18\Components\73DD0EE13356B5D71667C81E562174B5</Key>
        <Key>HKEY_LOCAL_MACHINE\SOFTWARE\Microsoft\Windows\CurrentVersion\Installer\UserData\S-1-5-18\Components\746A4C094F1813020A2F7235EAAFAD08</Key>
        <Key>HKEY_LOCAL_MACHINE\SOFTWARE\Microsoft\Windows\CurrentVersion\Installer\UserData\S-1-5-18\Components\751C09B13BDE557719FAB18367035170</Key>
        <Key>HKEY_LOCAL_MACHINE\SOFTWARE\Microsoft\Windows\CurrentVersion\Installer\UserData\S-1-5-18\Components\753DB02DCD2D9503785524C29C2EF439</Key>
        <Key>HKEY_LOCAL_MACHINE\SOFTWARE\Microsoft\Windows\CurrentVersion\Installer\UserData\S-1-5-18\Components\7651D2E54D18C5772195B4B3A1F50F92</Key>
        <Key>HKEY_LOCAL_MACHINE\SOFTWARE\Microsoft\Windows\CurrentVersion\Installer\UserData\S-1-5-18\Components\765C982AE04A25B50CC7F3D64620C946</Key>
        <Key>HKEY_LOCAL_MACHINE\SOFTWARE\Microsoft\Windows\CurrentVersion\Installer\UserData\S-1-5-18\Components\766E9B68CF9B526BE35FF666AC295675</Key>
        <Key>HKEY_LOCAL_MACHINE\SOFTWARE\Microsoft\Windows\CurrentVersion\Installer\UserData\S-1-5-18\Components\76B027D29419E17A47142A2510587930</Key>
        <Key>HKEY_LOCAL_MACHINE\SOFTWARE\Microsoft\Windows\CurrentVersion\Installer\UserData\S-1-5-18\Components\772884F489622805107725F46AAE7169</Key>
        <Key>HKEY_LOCAL_MACHINE\SOFTWARE\Microsoft\Windows\CurrentVersion\Installer\UserData\S-1-5-18\Components\77D312DA6E2F3904C3971F63E3CF4096</Key>
        <Key>HKEY_LOCAL_MACHINE\SOFTWARE\Microsoft\Windows\CurrentVersion\Installer\UserData\S-1-5-18\Components\7A1D91D757E53A076F8813A69450295D</Key>
        <Key>HKEY_LOCAL_MACHINE\SOFTWARE\Microsoft\Windows\CurrentVersion\Installer\UserData\S-1-5-18\Components\7A478F90B35D4E3FB5C6FBB3C46A5C63</Key>
        <Key>HKEY_LOCAL_MACHINE\SOFTWARE\Microsoft\Windows\CurrentVersion\Installer\UserData\S-1-5-18\Components\7BBA560D00E0420922DBEC5350E3555C</Key>
        <Key>HKEY_LOCAL_MACHINE\SOFTWARE\Microsoft\Windows\CurrentVersion\Installer\UserData\S-1-5-18\Components\7BFEC2973457DE9D5F9A61CF89740656</Key>
        <Key>HKEY_LOCAL_MACHINE\SOFTWARE\Microsoft\Windows\CurrentVersion\Installer\UserData\S-1-5-18\Components\7C61D9642FF74A689B4F7CACC9CC3FA4</Key>
        <Key>HKEY_LOCAL_MACHINE\SOFTWARE\Microsoft\Windows\CurrentVersion\Installer\UserData\S-1-5-18\Components\7C71B0EAF6FFDFD36FEE43EB76748E64</Key>
        <Key>HKEY_LOCAL_MACHINE\SOFTWARE\Microsoft\Windows\CurrentVersion\Installer\UserData\S-1-5-18\Components\7C723E417A2A7F6004857F4F0394DF19</Key>
        <Key>HKEY_LOCAL_MACHINE\SOFTWARE\Microsoft\Windows\CurrentVersion\Installer\UserData\S-1-5-18\Components\7CE0DBD7CC6CC1933C4D713016988132</Key>
        <Key>HKEY_LOCAL_MACHINE\SOFTWARE\Microsoft\Windows\CurrentVersion\Installer\UserData\S-1-5-18\Components\7DD308B0FE6716B4C0194A345AFDB806</Key>
        <Key>HKEY_LOCAL_MACHINE\SOFTWARE\Microsoft\Windows\CurrentVersion\Installer\UserData\S-1-5-18\Components\7F3AC3403E50BF2C33C8AE5B38796131</Key>
        <Key>HKEY_LOCAL_MACHINE\SOFTWARE\Microsoft\Windows\CurrentVersion\Installer\UserData\S-1-5-18\Components\8074CF8CA0CCA8BF343D38E73171ADCF</Key>
        <Key>HKEY_LOCAL_MACHINE\SOFTWARE\Microsoft\Windows\CurrentVersion\Installer\UserData\S-1-5-18\Components\8116245C144BC0E819292981AE801142</Key>
        <Key>HKEY_LOCAL_MACHINE\SOFTWARE\Microsoft\Windows\CurrentVersion\Installer\UserData\S-1-5-18\Components\823A8FA1BAD364948724613959832897</Key>
        <Key>HKEY_LOCAL_MACHINE\SOFTWARE\Microsoft\Windows\CurrentVersion\Installer\UserData\S-1-5-18\Components\82A054E7AD0297FBC6C280C2C590B7B6</Key>
        <Key>HKEY_LOCAL_MACHINE\SOFTWARE\Microsoft\Windows\CurrentVersion\Installer\UserData\S-1-5-18\Components\82BBF58AE393CEB097C5783002023738</Key>
        <Key>HKEY_LOCAL_MACHINE\SOFTWARE\Microsoft\Windows\CurrentVersion\Installer\UserData\S-1-5-18\Components\82D4E830B35D389D03340EB636525F1C</Key>
        <Key>HKEY_LOCAL_MACHINE\SOFTWARE\Microsoft\Windows\CurrentVersion\Installer\UserData\S-1-5-18\Components\84115BD25B365CB636ECC98E46EA2FE0</Key>
        <Key>HKEY_LOCAL_MACHINE\SOFTWARE\Microsoft\Windows\CurrentVersion\Installer\UserData\S-1-5-18\Components\84CAE8D0274914B72777E510EDD109BC</Key>
        <Key>HKEY_LOCAL_MACHINE\SOFTWARE\Microsoft\Windows\CurrentVersion\Installer\UserData\S-1-5-18\Components\84DCD4E4FD9C9F216654C7F234209A7A</Key>
        <Key>HKEY_LOCAL_MACHINE\SOFTWARE\Microsoft\Windows\CurrentVersion\Installer\UserData\S-1-5-18\Components\85D18C32427803A4DAD846F78F7B8952</Key>
        <Key>HKEY_LOCAL_MACHINE\SOFTWARE\Microsoft\Windows\CurrentVersion\Installer\UserData\S-1-5-18\Components\86900518C6686F760A37018AC055122D</Key>
        <Key>HKEY_LOCAL_MACHINE\SOFTWARE\Microsoft\Windows\CurrentVersion\Installer\UserData\S-1-5-18\Components\8790CEA20BD0DA547B16AB4078CF390F</Key>
        <Key>HKEY_LOCAL_MACHINE\SOFTWARE\Microsoft\Windows\CurrentVersion\Installer\UserData\S-1-5-18\Components\8817C4B8D79EF60E68F8DB8F1326D59B</Key>
        <Key>HKEY_LOCAL_MACHINE\SOFTWARE\Microsoft\Windows\CurrentVersion\Installer\UserData\S-1-5-18\Components\882331413A1FFC9597110634E9D9F8AF</Key>
        <Key>HKEY_LOCAL_MACHINE\SOFTWARE\Microsoft\Windows\CurrentVersion\Installer\UserData\S-1-5-18\Components\89DAB786DDF6D6A637C3ABC4B9E4ED0E</Key>
        <Key>HKEY_LOCAL_MACHINE\SOFTWARE\Microsoft\Windows\CurrentVersion\Installer\UserData\S-1-5-18\Components\8A32F14935D6C84A94868B83EBBD049F</Key>
        <Key>HKEY_LOCAL_MACHINE\SOFTWARE\Microsoft\Windows\CurrentVersion\Installer\UserData\S-1-5-18\Components\8A7784B390CF341FE64C1CA0A9BBBE12</Key>
        <Key>HKEY_LOCAL_MACHINE\SOFTWARE\Microsoft\Windows\CurrentVersion\Installer\UserData\S-1-5-18\Components\8BAF7CCA19AFA6ECFECD9CC94442565F</Key>
        <Key>HKEY_LOCAL_MACHINE\SOFTWARE\Microsoft\Windows\CurrentVersion\Installer\UserData\S-1-5-18\Components\8BC3CDBB616FBD12B6AE97B3C41858D3</Key>
        <Key>HKEY_LOCAL_MACHINE\SOFTWARE\Microsoft\Windows\CurrentVersion\Installer\UserData\S-1-5-18\Components\8C22E5F75B0B4E125ED214F28BF034CA</Key>
        <Key>HKEY_LOCAL_MACHINE\SOFTWARE\Microsoft\Windows\CurrentVersion\Installer\UserData\S-1-5-18\Components\8E46DF89413BC58A166B1496F6BB2B01</Key>
        <Key>HKEY_LOCAL_MACHINE\SOFTWARE\Microsoft\Windows\CurrentVersion\Installer\UserData\S-1-5-18\Components\8ED5954D00ED46CE7DC54F3A9E8FA643</Key>
        <Key>HKEY_LOCAL_MACHINE\SOFTWARE\Microsoft\Windows\CurrentVersion\Installer\UserData\S-1-5-18\Components\8F994B084972A9FEE847A98653628688</Key>
        <Key>HKEY_LOCAL_MACHINE\SOFTWARE\Microsoft\Windows\CurrentVersion\Installer\UserData\S-1-5-18\Components\903673C457A4376CD393D3EB6FFC5D56</Key>
        <Key>HKEY_LOCAL_MACHINE\SOFTWARE\Microsoft\Windows\CurrentVersion\Installer\UserData\S-1-5-18\Components\904BBB6F8296A7D5FF0759F2877B4074</Key>
        <Key>HKEY_LOCAL_MACHINE\SOFTWARE\Microsoft\Windows\CurrentVersion\Installer\UserData\S-1-5-18\Components\92655E55581126FBE6390B1AEF50639F</Key>
        <Key>HKEY_LOCAL_MACHINE\SOFTWARE\Microsoft\Windows\CurrentVersion\Installer\UserData\S-1-5-18\Components\92822A73E3B6B895B8553289B5EBB192</Key>
        <Key>HKEY_LOCAL_MACHINE\SOFTWARE\Microsoft\Windows\CurrentVersion\Installer\UserData\S-1-5-18\Components\933BFA97F845790D4D8474201F4D4CA5</Key>
        <Key>HKEY_LOCAL_MACHINE\SOFTWARE\Microsoft\Windows\CurrentVersion\Installer\UserData\S-1-5-18\Components\938EA61F6C2246FAF9B8F7DB3C181ABD</Key>
        <Key>HKEY_LOCAL_MACHINE\SOFTWARE\Microsoft\Windows\CurrentVersion\Installer\UserData\S-1-5-18\Components\93AFD3F7D71D4182359E50125298763B</Key>
        <Key>HKEY_LOCAL_MACHINE\SOFTWARE\Microsoft\Windows\CurrentVersion\Installer\UserData\S-1-5-18\Components\93D48E1D0CB065C608B5716243E41DAD</Key>
        <Key>HKEY_LOCAL_MACHINE\SOFTWARE\Microsoft\Windows\CurrentVersion\Installer\UserData\S-1-5-18\Components\94004A0B1156798F40C9E0416178EC8D</Key>
        <Key>HKEY_LOCAL_MACHINE\SOFTWARE\Microsoft\Windows\CurrentVersion\Installer\UserData\S-1-5-18\Components\941B5A41E4395DDB3E54E13E7AA3B338</Key>
        <Key>HKEY_LOCAL_MACHINE\SOFTWARE\Microsoft\Windows\CurrentVersion\Installer\UserData\S-1-5-18\Components\9454E98DCE81C2C9F9E524699ADD406F</Key>
        <Key>HKEY_LOCAL_MACHINE\SOFTWARE\Microsoft\Windows\CurrentVersion\Installer\UserData\S-1-5-18\Components\94828388054F6538DD06216334DBADC5</Key>
        <Key>HKEY_LOCAL_MACHINE\SOFTWARE\Microsoft\Windows\CurrentVersion\Installer\UserData\S-1-5-18\Components\957AB6079C91B45EA58931D2F90E5443</Key>
        <Key>HKEY_LOCAL_MACHINE\SOFTWARE\Microsoft\Windows\CurrentVersion\Installer\UserData\S-1-5-18\Components\95926BE8DB9CB40AF0F581B3AB8E5D17</Key>
        <Key>HKEY_LOCAL_MACHINE\SOFTWARE\Microsoft\Windows\CurrentVersion\Installer\UserData\S-1-5-18\Components\966958BB71655C4E46AFD88694532AA0</Key>
        <Key>HKEY_LOCAL_MACHINE\SOFTWARE\Microsoft\Windows\CurrentVersion\Installer\UserData\S-1-5-18\Components\96DB9BD088A795B71B144B17A8DDF086</Key>
        <Key>HKEY_LOCAL_MACHINE\SOFTWARE\Microsoft\Windows\CurrentVersion\Installer\UserData\S-1-5-18\Components\971941D9225E92D4BE70884B933DFAA8</Key>
        <Key>HKEY_LOCAL_MACHINE\SOFTWARE\Microsoft\Windows\CurrentVersion\Installer\UserData\S-1-5-18\Components\9725A54E67B7F6E8830C466EB2DA4DD3</Key>
        <Key>HKEY_LOCAL_MACHINE\SOFTWARE\Microsoft\Windows\CurrentVersion\Installer\UserData\S-1-5-18\Components\97705F71538E46A0FF7AE7A25E546950</Key>
        <Key>HKEY_LOCAL_MACHINE\SOFTWARE\Microsoft\Windows\CurrentVersion\Installer\UserData\S-1-5-18\Components\981315569303A8DD5A6B8BB2A2AD3F5C</Key>
        <Key>HKEY_LOCAL_MACHINE\SOFTWARE\Microsoft\Windows\CurrentVersion\Installer\UserData\S-1-5-18\Components\982F1ECB5E5A87B350DFB1DF406AFC53</Key>
        <Key>HKEY_LOCAL_MACHINE\SOFTWARE\Microsoft\Windows\CurrentVersion\Installer\UserData\S-1-5-18\Components\98E750E693DBF9E3A9F9D7A1D6A9C177</Key>
        <Key>HKEY_LOCAL_MACHINE\SOFTWARE\Microsoft\Windows\CurrentVersion\Installer\UserData\S-1-5-18\Components\98ECDFA458D55C217A3EADE868BFDEEE</Key>
        <Key>HKEY_LOCAL_MACHINE\SOFTWARE\Microsoft\Windows\CurrentVersion\Installer\UserData\S-1-5-18\Components\9909F0FAA3D9C8863BDED6CB799F5317</Key>
        <Key>HKEY_LOCAL_MACHINE\SOFTWARE\Microsoft\Windows\CurrentVersion\Installer\UserData\S-1-5-18\Components\9A6698A92E529BB80BA8A3CC12E01366</Key>
        <Key>HKEY_LOCAL_MACHINE\SOFTWARE\Microsoft\Windows\CurrentVersion\Installer\UserData\S-1-5-18\Components\9A874A783E3E36249EC67AE67E6798EB</Key>
        <Key>HKEY_LOCAL_MACHINE\SOFTWARE\Microsoft\Windows\CurrentVersion\Installer\UserData\S-1-5-18\Components\9C4D3C9CCBE55023CD14AC47C1A30EB6</Key>
        <Key>HKEY_LOCAL_MACHINE\SOFTWARE\Microsoft\Windows\CurrentVersion\Installer\UserData\S-1-5-18\Components\9D91B67E067820836B922E9A3EE18C21</Key>
        <Key>HKEY_LOCAL_MACHINE\SOFTWARE\Microsoft\Windows\CurrentVersion\Installer\UserData\S-1-5-18\Components\9DBC831E214BEAC124533333394C8788</Key>
        <Key>HKEY_LOCAL_MACHINE\SOFTWARE\Microsoft\Windows\CurrentVersion\Installer\UserData\S-1-5-18\Components\9DDB3856F59BF4D9FC0F2DA040779B42</Key>
        <Key>HKEY_LOCAL_MACHINE\SOFTWARE\Microsoft\Windows\CurrentVersion\Installer\UserData\S-1-5-18\Components\9ED4F358FFE41728B2228297316B2B04</Key>
        <Key>HKEY_LOCAL_MACHINE\SOFTWARE\Microsoft\Windows\CurrentVersion\Installer\UserData\S-1-5-18\Components\9ED58EEFA76BD4A6CECB65FCD256329D</Key>
        <Key>HKEY_LOCAL_MACHINE\SOFTWARE\Microsoft\Windows\CurrentVersion\Installer\UserData\S-1-5-18\Components\9F245D416789B5A0685DA473ACC3AC50</Key>
        <Key>HKEY_LOCAL_MACHINE\SOFTWARE\Microsoft\Windows\CurrentVersion\Installer\UserData\S-1-5-18\Components\9FD61C5920443839506BAC51D943F2AA</Key>
        <Key>HKEY_LOCAL_MACHINE\SOFTWARE\Microsoft\Windows\CurrentVersion\Installer\UserData\S-1-5-18\Components\A0868C022474C423E1CB8E2B429E4C94</Key>
        <Key>HKEY_LOCAL_MACHINE\SOFTWARE\Microsoft\Windows\CurrentVersion\Installer\UserData\S-1-5-18\Components\A0B4F4A127855E35625EF38C7460D7E5</Key>
        <Key>HKEY_LOCAL_MACHINE\SOFTWARE\Microsoft\Windows\CurrentVersion\Installer\UserData\S-1-5-18\Components\A12556A87EE82493FB0A95F3F00829ED</Key>
        <Key>HKEY_LOCAL_MACHINE\SOFTWARE\Microsoft\Windows\CurrentVersion\Installer\UserData\S-1-5-18\Components\A23D65DA06AEEFF5D1855D484738A8F6</Key>
        <Key>HKEY_LOCAL_MACHINE\SOFTWARE\Microsoft\Windows\CurrentVersion\Installer\UserData\S-1-5-18\Components\A3F60349E5A51A56EDD671EBA114568F</Key>
        <Key>HKEY_LOCAL_MACHINE\SOFTWARE\Microsoft\Windows\CurrentVersion\Installer\UserData\S-1-5-18\Components\A4634D95B08D34041F0CA9B7490EC145</Key>
        <Key>HKEY_LOCAL_MACHINE\SOFTWARE\Microsoft\Windows\CurrentVersion\Installer\UserData\S-1-5-18\Components\A523240E93365E9B1793BE631E9C5775</Key>
        <Key>HKEY_LOCAL_MACHINE\SOFTWARE\Microsoft\Windows\CurrentVersion\Installer\UserData\S-1-5-18\Components\A5A5B8F2F403E036657F842EDD0D2BCE</Key>
        <Key>HKEY_LOCAL_MACHINE\SOFTWARE\Microsoft\Windows\CurrentVersion\Installer\UserData\S-1-5-18\Components\A5B13A405BEB5F042D4E96F30061EDB8</Key>
        <Key>HKEY_LOCAL_MACHINE\SOFTWARE\Microsoft\Windows\CurrentVersion\Installer\UserData\S-1-5-18\Components\A6B7AB018C7C24625552E50E01D37D7F</Key>
        <Key>HKEY_LOCAL_MACHINE\SOFTWARE\Microsoft\Windows\CurrentVersion\Installer\UserData\S-1-5-18\Components\A70E604CB480557251479FC680F2E8FB</Key>
        <Key>HKEY_LOCAL_MACHINE\SOFTWARE\Microsoft\Windows\CurrentVersion\Installer\UserData\S-1-5-18\Components\A7172742D28696F6F75DBF83DC00269D</Key>
        <Key>HKEY_LOCAL_MACHINE\SOFTWARE\Microsoft\Windows\CurrentVersion\Installer\UserData\S-1-5-18\Components\A7C96E7A083D518A6D087826E72D7292</Key>
        <Key>HKEY_LOCAL_MACHINE\SOFTWARE\Microsoft\Windows\CurrentVersion\Installer\UserData\S-1-5-18\Components\A7CA8AF2007DC943D627766068F85FFE</Key>
        <Key>HKEY_LOCAL_MACHINE\SOFTWARE\Microsoft\Windows\CurrentVersion\Installer\UserData\S-1-5-18\Components\A986F85C475519F0CB7BC569768C68C1</Key>
        <Key>HKEY_LOCAL_MACHINE\SOFTWARE\Microsoft\Windows\CurrentVersion\Installer\UserData\S-1-5-18\Components\AAAB1356CC89ECC343474F8237EE4B2B</Key>
        <Key>HKEY_LOCAL_MACHINE\SOFTWARE\Microsoft\Windows\CurrentVersion\Installer\UserData\S-1-5-18\Components\AB0D58E15F9AE40FE386FE2B7B7F60A2</Key>
        <Key>HKEY_LOCAL_MACHINE\SOFTWARE\Microsoft\Windows\CurrentVersion\Installer\UserData\S-1-5-18\Components\ABF42B5F5F05FF2C0B46A427EDB0DC87</Key>
        <Key>HKEY_LOCAL_MACHINE\SOFTWARE\Microsoft\Windows\CurrentVersion\Installer\UserData\S-1-5-18\Components\AC866623A441BA26ED8B4F38E07E25DA</Key>
        <Key>HKEY_LOCAL_MACHINE\SOFTWARE\Microsoft\Windows\CurrentVersion\Installer\UserData\S-1-5-18\Components\AC89A735133349E83A20327C41AA0924</Key>
        <Key>HKEY_LOCAL_MACHINE\SOFTWARE\Microsoft\Windows\CurrentVersion\Installer\UserData\S-1-5-18\Components\ACEC09E178A976CB23E28AD6BE8C236A</Key>
        <Key>HKEY_LOCAL_MACHINE\SOFTWARE\Microsoft\Windows\CurrentVersion\Installer\UserData\S-1-5-18\Components\AD0DE5F0BE7399CE32DB41EBDA6AAA59</Key>
        <Key>HKEY_LOCAL_MACHINE\SOFTWARE\Microsoft\Windows\CurrentVersion\Installer\UserData\S-1-5-18\Components\ADA24D9FD2C6EAF6B999FE875115B38D</Key>
        <Key>HKEY_LOCAL_MACHINE\SOFTWARE\Microsoft\Windows\CurrentVersion\Installer\UserData\S-1-5-18\Components\AEC7C37E0087683B1E08D2AECD59F9BB</Key>
        <Key>HKEY_LOCAL_MACHINE\SOFTWARE\Microsoft\Windows\CurrentVersion\Installer\UserData\S-1-5-18\Components\AF02DFBE2A74FE8661B46BB65FAC60C5</Key>
        <Key>HKEY_LOCAL_MACHINE\SOFTWARE\Microsoft\Windows\CurrentVersion\Installer\UserData\S-1-5-18\Components\AFAA6F2E8673934037C13E46D15B1D99</Key>
        <Key>HKEY_LOCAL_MACHINE\SOFTWARE\Microsoft\Windows\CurrentVersion\Installer\UserData\S-1-5-18\Components\B17F1118EB6B4A6354E8AE85B7330DBE</Key>
        <Key>HKEY_LOCAL_MACHINE\SOFTWARE\Microsoft\Windows\CurrentVersion\Installer\UserData\S-1-5-18\Components\B2D6D1938D7F4689AEECE445CDE93E8E</Key>
        <Key>HKEY_LOCAL_MACHINE\SOFTWARE\Microsoft\Windows\CurrentVersion\Installer\UserData\S-1-5-18\Components\B3073B651F9F4C4522C60DDE3834573B</Key>
        <Key>HKEY_LOCAL_MACHINE\SOFTWARE\Microsoft\Windows\CurrentVersion\Installer\UserData\S-1-5-18\Components\B42CA981F6FB82D921BC5497D54F5050</Key>
        <Key>HKEY_LOCAL_MACHINE\SOFTWARE\Microsoft\Windows\CurrentVersion\Installer\UserData\S-1-5-18\Components\B45C7C8F4D8FD79D2A1EC3ED34897221</Key>
        <Key>HKEY_LOCAL_MACHINE\SOFTWARE\Microsoft\Windows\CurrentVersion\Installer\UserData\S-1-5-18\Components\B4CCB38838EA3A0F81D94A47ABABE3BD</Key>
        <Key>HKEY_LOCAL_MACHINE\SOFTWARE\Microsoft\Windows\CurrentVersion\Installer\UserData\S-1-5-18\Components\B8205DCBCCD2BB3C1DC3963ADA4A5771</Key>
        <Key>HKEY_LOCAL_MACHINE\SOFTWARE\Microsoft\Windows\CurrentVersion\Installer\UserData\S-1-5-18\Components\B85D17B1C38A2BAE5F415ED042DABFCF</Key>
        <Key>HKEY_LOCAL_MACHINE\SOFTWARE\Microsoft\Windows\CurrentVersion\Installer\UserData\S-1-5-18\Components\BAC9AC90468576F053D78C9A0FDD5D5C</Key>
        <Key>HKEY_LOCAL_MACHINE\SOFTWARE\Microsoft\Windows\CurrentVersion\Installer\UserData\S-1-5-18\Components\BB11EC3C22ACA66D87275E7A47234442</Key>
        <Key>HKEY_LOCAL_MACHINE\SOFTWARE\Microsoft\Windows\CurrentVersion\Installer\UserData\S-1-5-18\Components\BB5AD64AD1BC815377E50734C414DB97</Key>
        <Key>HKEY_LOCAL_MACHINE\SOFTWARE\Microsoft\Windows\CurrentVersion\Installer\UserData\S-1-5-18\Components\BBDC3281D9AA14D6271DE32463E6149A</Key>
        <Key>HKEY_LOCAL_MACHINE\SOFTWARE\Microsoft\Windows\CurrentVersion\Installer\UserData\S-1-5-18\Components\BCC4D5099380D0CE756E11F9C582D87E</Key>
        <Key>HKEY_LOCAL_MACHINE\SOFTWARE\Microsoft\Windows\CurrentVersion\Installer\UserData\S-1-5-18\Components\BDB90FC8C88D81CC01B775EE2A4E67B4</Key>
        <Key>HKEY_LOCAL_MACHINE\SOFTWARE\Microsoft\Windows\CurrentVersion\Installer\UserData\S-1-5-18\Components\BE1C76D2BD947923B8667E99E31CBF98</Key>
        <Key>HKEY_LOCAL_MACHINE\SOFTWARE\Microsoft\Windows\CurrentVersion\Installer\UserData\S-1-5-18\Components\BE381C818FCD7979D327083AA4632801</Key>
        <Key>HKEY_LOCAL_MACHINE\SOFTWARE\Microsoft\Windows\CurrentVersion\Installer\UserData\S-1-5-18\Components\BE76C14A5A62DD6080D51A52BF85E493</Key>
        <Key>HKEY_LOCAL_MACHINE\SOFTWARE\Microsoft\Windows\CurrentVersion\Installer\UserData\S-1-5-18\Components\C01EC980D1D35607AB426000004EB949</Key>
        <Key>HKEY_LOCAL_MACHINE\SOFTWARE\Microsoft\Windows\CurrentVersion\Installer\UserData\S-1-5-18\Components\C0C92171527623F6EFFB92C6539ACC51</Key>
        <Key>HKEY_LOCAL_MACHINE\SOFTWARE\Microsoft\Windows\CurrentVersion\Installer\UserData\S-1-5-18\Components\C18D4270A9B9CC9AE6E390609C36B8FC</Key>
        <Key>HKEY_LOCAL_MACHINE\SOFTWARE\Microsoft\Windows\CurrentVersion\Installer\UserData\S-1-5-18\Components\C2E720B4EDC52E38663F6A63CA9C6CA5</Key>
        <Key>HKEY_LOCAL_MACHINE\SOFTWARE\Microsoft\Windows\CurrentVersion\Installer\UserData\S-1-5-18\Components\C3538580F0257359A468A6C5CE17C62A</Key>
        <Key>HKEY_LOCAL_MACHINE\SOFTWARE\Microsoft\Windows\CurrentVersion\Installer\UserData\S-1-5-18\Components\C43CE27E6B8BA7E09CC8997725C1C3F9</Key>
        <Key>HKEY_LOCAL_MACHINE\SOFTWARE\Microsoft\Windows\CurrentVersion\Installer\UserData\S-1-5-18\Components\C4AF5671A50C572228B3393DD311BEA9</Key>
        <Key>HKEY_LOCAL_MACHINE\SOFTWARE\Microsoft\Windows\CurrentVersion\Installer\UserData\S-1-5-18\Components\C586E3D8756E7DDEFA8D6370560DA234</Key>
        <Key>HKEY_LOCAL_MACHINE\SOFTWARE\Microsoft\Windows\CurrentVersion\Installer\UserData\S-1-5-18\Components\C64E4CA1656231EA2A7A21A2C4878B41</Key>
        <Key>HKEY_LOCAL_MACHINE\SOFTWARE\Microsoft\Windows\CurrentVersion\Installer\UserData\S-1-5-18\Components\C75F1AE6EF05B18389F7AF6461F7EBF6</Key>
        <Key>HKEY_LOCAL_MACHINE\SOFTWARE\Microsoft\Windows\CurrentVersion\Installer\UserData\S-1-5-18\Components\C7CA2014E9DED01D87D1D27BA1FC6BCA</Key>
        <Key>HKEY_LOCAL_MACHINE\SOFTWARE\Microsoft\Windows\CurrentVersion\Installer\UserData\S-1-5-18\Components\C933A427296A5540187EA78B0632C108</Key>
        <Key>HKEY_LOCAL_MACHINE\SOFTWARE\Microsoft\Windows\CurrentVersion\Installer\UserData\S-1-5-18\Components\CA203E86087A7EE4D53E5C131EC6AFC7</Key>
        <Key>HKEY_LOCAL_MACHINE\SOFTWARE\Microsoft\Windows\CurrentVersion\Installer\UserData\S-1-5-18\Components\CA66C85447B4D8A457C9F0AA84B566A3</Key>
        <Key>HKEY_LOCAL_MACHINE\SOFTWARE\Microsoft\Windows\CurrentVersion\Installer\UserData\S-1-5-18\Components\CB314930ACF492CA1C922D93F6FAA503</Key>
        <Key>HKEY_LOCAL_MACHINE\SOFTWARE\Microsoft\Windows\CurrentVersion\Installer\UserData\S-1-5-18\Components\CB44767103D48931F339C764C3543272</Key>
        <Key>HKEY_LOCAL_MACHINE\SOFTWARE\Microsoft\Windows\CurrentVersion\Installer\UserData\S-1-5-18\Components\CB634C58A051BC00F4057AC64C5C667D</Key>
        <Key>HKEY_LOCAL_MACHINE\SOFTWARE\Microsoft\Windows\CurrentVersion\Installer\UserData\S-1-5-18\Components\CC6BA7DDA0174A6D2D23B32281543DD5</Key>
        <Key>HKEY_LOCAL_MACHINE\SOFTWARE\Microsoft\Windows\CurrentVersion\Installer\UserData\S-1-5-18\Components\CCC5E44B3D71824EBC2AF3EE18DC80A8</Key>
        <Key>HKEY_LOCAL_MACHINE\SOFTWARE\Microsoft\Windows\CurrentVersion\Installer\UserData\S-1-5-18\Components\CD06AE1A147AC9E1C22E48E1BA8536CB</Key>
        <Key>HKEY_LOCAL_MACHINE\SOFTWARE\Microsoft\Windows\CurrentVersion\Installer\UserData\S-1-5-18\Components\CD944A84CAA00625018F6361B6B760EF</Key>
        <Key>HKEY_LOCAL_MACHINE\SOFTWARE\Microsoft\Windows\CurrentVersion\Installer\UserData\S-1-5-18\Components\CDDEC6110D932D2433DC153E87178724</Key>
        <Key>HKEY_LOCAL_MACHINE\SOFTWARE\Microsoft\Windows\CurrentVersion\Installer\UserData\S-1-5-18\Components\CDE2BAA76FC92AFA5626F7B2A456AD3D</Key>
        <Key>HKEY_LOCAL_MACHINE\SOFTWARE\Microsoft\Windows\CurrentVersion\Installer\UserData\S-1-5-18\Components\D0F55CA1D434BA6B2A50CB52B3D64AD9</Key>
        <Key>HKEY_LOCAL_MACHINE\SOFTWARE\Microsoft\Windows\CurrentVersion\Installer\UserData\S-1-5-18\Components\D1C655F36E6FD90405A651CADD7419B1</Key>
        <Key>HKEY_LOCAL_MACHINE\SOFTWARE\Microsoft\Windows\CurrentVersion\Installer\UserData\S-1-5-18\Components\D2BC41A09A33404B0352E00DECC673F7</Key>
        <Key>HKEY_LOCAL_MACHINE\SOFTWARE\Microsoft\Windows\CurrentVersion\Installer\UserData\S-1-5-18\Components\D3C1D7B40E839221F9B06CE2CE618FDC</Key>
        <Key>HKEY_LOCAL_MACHINE\SOFTWARE\Microsoft\Windows\CurrentVersion\Installer\UserData\S-1-5-18\Components\D4E056814BA20F3EF01476DE05872101</Key>
        <Key>HKEY_LOCAL_MACHINE\SOFTWARE\Microsoft\Windows\CurrentVersion\Installer\UserData\S-1-5-18\Components\D52A44D3E1719D6CCA64675E28469297</Key>
        <Key>HKEY_LOCAL_MACHINE\SOFTWARE\Microsoft\Windows\CurrentVersion\Installer\UserData\S-1-5-18\Components\D5B03CA586F60102C7EAA9B75E142305</Key>
        <Key>HKEY_LOCAL_MACHINE\SOFTWARE\Microsoft\Windows\CurrentVersion\Installer\UserData\S-1-5-18\Components\D5F7B4626B9BAB6B9E442A9E609A583A</Key>
        <Key>HKEY_LOCAL_MACHINE\SOFTWARE\Microsoft\Windows\CurrentVersion\Installer\UserData\S-1-5-18\Components\D6652A8ADA47EECEC2A8B02E5AFB7BFA</Key>
        <Key>HKEY_LOCAL_MACHINE\SOFTWARE\Microsoft\Windows\CurrentVersion\Installer\UserData\S-1-5-18\Components\D7A76BB8A34651827C2316F6A2F6A031</Key>
        <Key>HKEY_LOCAL_MACHINE\SOFTWARE\Microsoft\Windows\CurrentVersion\Installer\UserData\S-1-5-18\Components\D7D8AB6F645AE30C3FB2CCA1258B11EF</Key>
        <Key>HKEY_LOCAL_MACHINE\SOFTWARE\Microsoft\Windows\CurrentVersion\Installer\UserData\S-1-5-18\Components\D7E0BD6B36D986F6E14C320443808EB6</Key>
        <Key>HKEY_LOCAL_MACHINE\SOFTWARE\Microsoft\Windows\CurrentVersion\Installer\UserData\S-1-5-18\Components\D7F825DAB1BDA9EBFEC9F20BC0D6157C</Key>
        <Key>HKEY_LOCAL_MACHINE\SOFTWARE\Microsoft\Windows\CurrentVersion\Installer\UserData\S-1-5-18\Components\D8326DC766DD6040C9205D9FE7EB2E48</Key>
        <Key>HKEY_LOCAL_MACHINE\SOFTWARE\Microsoft\Windows\CurrentVersion\Installer\UserData\S-1-5-18\Components\D858DCD5D8A67A3B95177C8453ED9304</Key>
        <Key>HKEY_LOCAL_MACHINE\SOFTWARE\Microsoft\Windows\CurrentVersion\Installer\UserData\S-1-5-18\Components\D85D8695BE2FC37CF44FF4CE36A23B64</Key>
        <Key>HKEY_LOCAL_MACHINE\SOFTWARE\Microsoft\Windows\CurrentVersion\Installer\UserData\S-1-5-18\Components\D961BEA81B2D236116BBA390D8B09434</Key>
        <Key>HKEY_LOCAL_MACHINE\SOFTWARE\Microsoft\Windows\CurrentVersion\Installer\UserData\S-1-5-18\Components\D9A3DE72B4F27BEC5734882452A1B425</Key>
        <Key>HKEY_LOCAL_MACHINE\SOFTWARE\Microsoft\Windows\CurrentVersion\Installer\UserData\S-1-5-18\Components\DB7FA46ABAE699721746CB833C9A2CF1</Key>
        <Key>HKEY_LOCAL_MACHINE\SOFTWARE\Microsoft\Windows\CurrentVersion\Installer\UserData\S-1-5-18\Components\DB8E84D89E86BD4D155DD81F63057C51</Key>
        <Key>HKEY_LOCAL_MACHINE\SOFTWARE\Microsoft\Windows\CurrentVersion\Installer\UserData\S-1-5-18\Components\DBA13135F356492783540744AE2091C1</Key>
        <Key>HKEY_LOCAL_MACHINE\SOFTWARE\Microsoft\Windows\CurrentVersion\Installer\UserData\S-1-5-18\Components\DC0FC9B38C1C5AC6855DBA01D2644FBA</Key>
        <Key>HKEY_LOCAL_MACHINE\SOFTWARE\Microsoft\Windows\CurrentVersion\Installer\UserData\S-1-5-18\Components\DD8BA0214433CA7BCA80F88F924432BD</Key>
        <Key>HKEY_LOCAL_MACHINE\SOFTWARE\Microsoft\Windows\CurrentVersion\Installer\UserData\S-1-5-18\Components\DF5F3415C524CF35B02D5E2C5242298C</Key>
        <Key>HKEY_LOCAL_MACHINE\SOFTWARE\Microsoft\Windows\CurrentVersion\Installer\UserData\S-1-5-18\Components\E06087A5FFBB9F1F2953100683A65507</Key>
        <Key>HKEY_LOCAL_MACHINE\SOFTWARE\Microsoft\Windows\CurrentVersion\Installer\UserData\S-1-5-18\Components\E0BC9B91D0E5048B87C8199E1D275565</Key>
        <Key>HKEY_LOCAL_MACHINE\SOFTWARE\Microsoft\Windows\CurrentVersion\Installer\UserData\S-1-5-18\Components\E0ECBB4330E7B6BA7D7429372A73EB70</Key>
        <Key>HKEY_LOCAL_MACHINE\SOFTWARE\Microsoft\Windows\CurrentVersion\Installer\UserData\S-1-5-18\Components\E1E52AFF74337685AEF48E577D411243</Key>
        <Key>HKEY_LOCAL_MACHINE\SOFTWARE\Microsoft\Windows\CurrentVersion\Installer\UserData\S-1-5-18\Components\E22A877635CF34859854F8A35799E157</Key>
        <Key>HKEY_LOCAL_MACHINE\SOFTWARE\Microsoft\Windows\CurrentVersion\Installer\UserData\S-1-5-18\Components\E28935CD3C363296A5266C8031E6C600</Key>
        <Key>HKEY_LOCAL_MACHINE\SOFTWARE\Microsoft\Windows\CurrentVersion\Installer\UserData\S-1-5-18\Components\E2F03882C5AB0E108500D75BE0AF3DA5</Key>
        <Key>HKEY_LOCAL_MACHINE\SOFTWARE\Microsoft\Windows\CurrentVersion\Installer\UserData\S-1-5-18\Components\E32A51C29A2D8D8E9F318422438A7DA7</Key>
        <Key>HKEY_LOCAL_MACHINE\SOFTWARE\Microsoft\Windows\CurrentVersion\Installer\UserData\S-1-5-18\Components\E37904BF010EF5BDDE6E2D0ACBC246D8</Key>
        <Key>HKEY_LOCAL_MACHINE\SOFTWARE\Microsoft\Windows\CurrentVersion\Installer\UserData\S-1-5-18\Components\E6106BF38DAB5DB392AFE3F5CEA42C31</Key>
        <Key>HKEY_LOCAL_MACHINE\SOFTWARE\Microsoft\Windows\CurrentVersion\Installer\UserData\S-1-5-18\Components\E64C9333D6BD2CB353023CCB653252EA</Key>
        <Key>HKEY_LOCAL_MACHINE\SOFTWARE\Microsoft\Windows\CurrentVersion\Installer\UserData\S-1-5-18\Components\E67E23EAA1F48AF8229A043E8364B1C7</Key>
        <Key>HKEY_LOCAL_MACHINE\SOFTWARE\Microsoft\Windows\CurrentVersion\Installer\UserData\S-1-5-18\Components\E6EA3FAD1852BF67F5BC558ECDCC1D81</Key>
        <Key>HKEY_LOCAL_MACHINE\SOFTWARE\Microsoft\Windows\CurrentVersion\Installer\UserData\S-1-5-18\Components\E71BC6051F93EF22D9D200EE07DA642B</Key>
        <Key>HKEY_LOCAL_MACHINE\SOFTWARE\Microsoft\Windows\CurrentVersion\Installer\UserData\S-1-5-18\Components\E80BB7A904ECE39289F5497F6E9D19E2</Key>
        <Key>HKEY_LOCAL_MACHINE\SOFTWARE\Microsoft\Windows\CurrentVersion\Installer\UserData\S-1-5-18\Components\E928DC1AB77A482E155CC4DCF2083335</Key>
        <Key>HKEY_LOCAL_MACHINE\SOFTWARE\Microsoft\Windows\CurrentVersion\Installer\UserData\S-1-5-18\Components\E9AC12C7898CB5054D18E196C21301A5</Key>
        <Key>HKEY_LOCAL_MACHINE\SOFTWARE\Microsoft\Windows\CurrentVersion\Installer\UserData\S-1-5-18\Components\E9BE9071ACDE5B5CF2635863BE8983F9</Key>
        <Key>HKEY_LOCAL_MACHINE\SOFTWARE\Microsoft\Windows\CurrentVersion\Installer\UserData\S-1-5-18\Components\EB8F0F6884C5F589D12ADCE02FF9199E</Key>
        <Key>HKEY_LOCAL_MACHINE\SOFTWARE\Microsoft\Windows\CurrentVersion\Installer\UserData\S-1-5-18\Components\ECB2EA0509E25F9B8CBBFD0970A7D634</Key>
        <Key>HKEY_LOCAL_MACHINE\SOFTWARE\Microsoft\Windows\CurrentVersion\Installer\UserData\S-1-5-18\Components\ED33A6EA7E8CDA39BC4BD4A21AD05EE6</Key>
        <Key>HKEY_LOCAL_MACHINE\SOFTWARE\Microsoft\Windows\CurrentVersion\Installer\UserData\S-1-5-18\Components\ED880C8E3590CA713EE30935FD3BCF2B</Key>
        <Key>HKEY_LOCAL_MACHINE\SOFTWARE\Microsoft\Windows\CurrentVersion\Installer\UserData\S-1-5-18\Components\ED8E4A3475BF2161F277A36FEE6D178E</Key>
        <Key>HKEY_LOCAL_MACHINE\SOFTWARE\Microsoft\Windows\CurrentVersion\Installer\UserData\S-1-5-18\Components\EE780FED9B8B8587190EAC980BDD5693</Key>
        <Key>HKEY_LOCAL_MACHINE\SOFTWARE\Microsoft\Windows\CurrentVersion\Installer\UserData\S-1-5-18\Components\F0969E9F908D5F049B4D6ABC6D83820F</Key>
        <Key>HKEY_LOCAL_MACHINE\SOFTWARE\Microsoft\Windows\CurrentVersion\Installer\UserData\S-1-5-18\Components\F1450D5FB68B911753FFB57A97A1CD6E</Key>
        <Key>HKEY_LOCAL_MACHINE\SOFTWARE\Microsoft\Windows\CurrentVersion\Installer\UserData\S-1-5-18\Components\F2732D35E49E341D7D8DBA20A214B86B</Key>
        <Key>HKEY_LOCAL_MACHINE\SOFTWARE\Microsoft\Windows\CurrentVersion\Installer\UserData\S-1-5-18\Components\F31FEE882727B7FD1C6F12461763EC9A</Key>
        <Key>HKEY_LOCAL_MACHINE\SOFTWARE\Microsoft\Windows\CurrentVersion\Installer\UserData\S-1-5-18\Components\F3A52FA0B8F9C48D814D7768E4D3EB92</Key>
        <Key>HKEY_LOCAL_MACHINE\SOFTWARE\Microsoft\Windows\CurrentVersion\Installer\UserData\S-1-5-18\Components\F4B45300C3AC2DFE1A42798F34A29911</Key>
        <Key>HKEY_LOCAL_MACHINE\SOFTWARE\Microsoft\Windows\CurrentVersion\Installer\UserData\S-1-5-18\Components\F585EBA04AFAE0E60598E71269558EC1</Key>
        <Key>HKEY_LOCAL_MACHINE\SOFTWARE\Microsoft\Windows\CurrentVersion\Installer\UserData\S-1-5-18\Components\F603F722A76A1893BC15AA666CBE3EF4</Key>
        <Key>HKEY_LOCAL_MACHINE\SOFTWARE\Microsoft\Windows\CurrentVersion\Installer\UserData\S-1-5-18\Components\F64ACB9A51780F544D5B22AA45026F9B</Key>
        <Key>HKEY_LOCAL_MACHINE\SOFTWARE\Microsoft\Windows\CurrentVersion\Installer\UserData\S-1-5-18\Components\F67B387190669B73FE57F8628341D690</Key>
        <Key>HKEY_LOCAL_MACHINE\SOFTWARE\Microsoft\Windows\CurrentVersion\Installer\UserData\S-1-5-18\Components\F68121360FD165926DD79A1FCA7F69BF</Key>
        <Key>HKEY_LOCAL_MACHINE\SOFTWARE\Microsoft\Windows\CurrentVersion\Installer\UserData\S-1-5-18\Components\F6993EAEAE013E9D00F77586E167FA2A</Key>
        <Key>HKEY_LOCAL_MACHINE\SOFTWARE\Microsoft\Windows\CurrentVersion\Installer\UserData\S-1-5-18\Components\F7348B15B36F043B19D063FCA742B5E2</Key>
        <Key>HKEY_LOCAL_MACHINE\SOFTWARE\Microsoft\Windows\CurrentVersion\Installer\UserData\S-1-5-18\Components\F825CB399E0DC574BF7273F8A65B0734</Key>
        <Key>HKEY_LOCAL_MACHINE\SOFTWARE\Microsoft\Windows\CurrentVersion\Installer\UserData\S-1-5-18\Components\F8A48B9E341DD231F54E6A96E7F085B7</Key>
        <Key>HKEY_LOCAL_MACHINE\SOFTWARE\Microsoft\Windows\CurrentVersion\Installer\UserData\S-1-5-18\Components\F94E660959C7DD74CC1ACEA07F3EB385</Key>
        <Key>HKEY_LOCAL_MACHINE\SOFTWARE\Microsoft\Windows\CurrentVersion\Installer\UserData\S-1-5-18\Components\F957C48CBDAC770627561E0F311EC332</Key>
        <Key>HKEY_LOCAL_MACHINE\SOFTWARE\Microsoft\Windows\CurrentVersion\Installer\UserData\S-1-5-18\Components\FA03EE74F7A4517D3D402EAA2F79F517</Key>
        <Key>HKEY_LOCAL_MACHINE\SOFTWARE\Microsoft\Windows\CurrentVersion\Installer\UserData\S-1-5-18\Components\FA397EBD619B62481FAF6931890AB943</Key>
        <Key>HKEY_LOCAL_MACHINE\SOFTWARE\Microsoft\Windows\CurrentVersion\Installer\UserData\S-1-5-18\Components\FBAD2B86FAEE810F2828C0C7BAB5DC7F</Key>
        <Key>HKEY_LOCAL_MACHINE\SOFTWARE\Microsoft\Windows\CurrentVersion\Installer\UserData\S-1-5-18\Components\FC46F2A3C0F9E05F53CF821EB82B00C7</Key>
        <Key>HKEY_LOCAL_MACHINE\SOFTWARE\Microsoft\Windows\CurrentVersion\Installer\UserData\S-1-5-18\Components\FDFB988AB59673326873452EC1517E7D</Key>
        <Key>HKEY_LOCAL_MACHINE\SOFTWARE\Microsoft\Windows\CurrentVersion\Installer\UserData\S-1-5-18\Components\FE03150EC23D11D7BD68886E6827D5D9</Key>
        <Key>HKEY_LOCAL_MACHINE\SOFTWARE\Microsoft\Windows\CurrentVersion\Installer\UserData\S-1-5-18\Components\FF6057D197F2E2B6EA8B76710AD8592B</Key>
        <Key>HKEY_LOCAL_MACHINE\SOFTWARE\Microsoft\Windows\CurrentVersion\Installer\UserData\S-1-5-18\Products\7AAD5202356081F46BF609E0F63202CE</Key>
        <Key>HKEY_LOCAL_MACHINE\SOFTWARE\Microsoft\Windows\CurrentVersion\Uninstall\{2025DAA7-0653-4F18-B66F-900E6F2320EC}</Key>
        <Key>HKEY_LOCAL_MACHINE\SOFTWARE\WOW6432Node\Microsoft\.NETFramework\v2.0.50727\NGenService\Roots\C:/Program Files/paint.net/PaintDotNet.SystemLayer.Native.x86.dll</Key>
        <Key>HKEY_LOCAL_MACHINE\SOFTWARE\paint.net</Key>
        <Key>HKEY_USERS\.DEFAULT\Software\Classes\Local Settings\MuiCache\e3</Key>
    </RegistryKeys>
    <RegistryValues>
        <Value Key="HKEY_CURRENT_USER\Software\Classes\Local Settings\MuiCache\e3\B1A07F78">@%SystemRoot%\System32\ci.dll,-100</Value>
        <Value Key="HKEY_CURRENT_USER\Software\Classes\Local Settings\MuiCache\e3\B1A07F78">@%SystemRoot%\System32\ci.dll,-101</Value>
        <Value Key="HKEY_CURRENT_USER\Software\Classes\Local Settings\MuiCache\e3\B1A07F78">@%SystemRoot%\System32\fveui.dll,-843</Value>
        <Value Key="HKEY_CURRENT_USER\Software\Classes\Local Settings\MuiCache\e3\B1A07F78">@%SystemRoot%\System32\fveui.dll,-844</Value>
        <Value Key="HKEY_CURRENT_USER\Software\Classes\Local Settings\MuiCache\e3\B1A07F78">@%SystemRoot%\System32\wuaueng.dll,-400</Value>
        <Value Key="HKEY_CURRENT_USER\Software\Classes\Local Settings\MuiCache\e3\B1A07F78">@%SystemRoot%\system32\NgcRecovery.dll,-100</Value>
        <Value Key="HKEY_CURRENT_USER\Software\Classes\Local Settings\MuiCache\e3\B1A07F78">@%SystemRoot%\system32\WindowsPowerShell\v1.0\powershell.exe,-124</Value>
        <Value Key="HKEY_CURRENT_USER\Software\Classes\Local Settings\MuiCache\e3\B1A07F78">@%SystemRoot%\system32\dnsapi.dll,-103</Value>
        <Value Key="HKEY_LOCAL_MACHINE\SOFTWARE\Classes\.bmp\OpenWithProgids">paint.net.1</Value>
        <Value Key="HKEY_LOCAL_MACHINE\SOFTWARE\Classes\.jfif\OpenWithProgids">paint.net.1</Value>
        <Value Key="HKEY_LOCAL_MACHINE\SOFTWARE\Classes\.jpe\OpenWithProgids">paint.net.1</Value>
        <Value Key="HKEY_LOCAL_MACHINE\SOFTWARE\Classes\.jpeg\OpenWithProgids">paint.net.1</Value>
        <Value Key="HKEY_LOCAL_MACHINE\SOFTWARE\Classes\.jpg\OpenWithProgids">paint.net.1</Value>
        <Value Key="HKEY_LOCAL_MACHINE\SOFTWARE\Classes\.png\OpenWithProgids">paint.net.1</Value>
        <Value Key="HKEY_LOCAL_MACHINE\SOFTWARE\Microsoft\Windows\CurrentVersion\Installer\Folders">C:\Program Files\paint.net\Bundled\</Value>
        <Value Key="HKEY_LOCAL_MACHINE\SOFTWARE\Microsoft\Windows\CurrentVersion\Installer\Folders">C:\Program Files\paint.net\Bundled\DDSFileTypePlus\</Value>
        <Value Key="HKEY_LOCAL_MACHINE\SOFTWARE\Microsoft\Windows\CurrentVersion\Installer\Folders">C:\Program Files\paint.net\Bundled\WebPFileType\</Value>
        <Value Key="HKEY_LOCAL_MACHINE\SOFTWARE\Microsoft\Windows\CurrentVersion\Installer\Folders">C:\Program Files\paint.net\Effects\</Value>
        <Value Key="HKEY_LOCAL_MACHINE\SOFTWARE\Microsoft\Windows\CurrentVersion\Installer\Folders">C:\Program Files\paint.net\FileTypes\</Value>
        <Value Key="HKEY_LOCAL_MACHINE\SOFTWARE\Microsoft\Windows\CurrentVersion\Installer\Folders">C:\Program Files\paint.net\Native\</Value>
        <Value Key="HKEY_LOCAL_MACHINE\SOFTWARE\Microsoft\Windows\CurrentVersion\Installer\Folders">C:\Program Files\paint.net\Native\x64\</Value>
        <Value Key="HKEY_LOCAL_MACHINE\SOFTWARE\Microsoft\Windows\CurrentVersion\Installer\Folders">C:\Program Files\paint.net\Native\x86\</Value>
        <Value Key="HKEY_LOCAL_MACHINE\SOFTWARE\Microsoft\Windows\CurrentVersion\Installer\Folders">C:\Program Files\paint.net\Resources\</Value>
        <Value Key="HKEY_LOCAL_MACHINE\SOFTWARE\Microsoft\Windows\CurrentVersion\Installer\Folders">C:\Program Files\paint.net\Resources\cs\</Value>
        <Value Key="HKEY_LOCAL_MACHINE\SOFTWARE\Microsoft\Windows\CurrentVersion\Installer\Folders">C:\Program Files\paint.net\Resources\da\</Value>
        <Value Key="HKEY_LOCAL_MACHINE\SOFTWARE\Microsoft\Windows\CurrentVersion\Installer\Folders">C:\Program Files\paint.net\Resources\de\</Value>
        <Value Key="HKEY_LOCAL_MACHINE\SOFTWARE\Microsoft\Windows\CurrentVersion\Installer\Folders">C:\Program Files\paint.net\Resources\el\</Value>
        <Value Key="HKEY_LOCAL_MACHINE\SOFTWARE\Microsoft\Windows\CurrentVersion\Installer\Folders">C:\Program Files\paint.net\Resources\en-US\</Value>
        <Value Key="HKEY_LOCAL_MACHINE\SOFTWARE\Microsoft\Windows\CurrentVersion\Installer\Folders">C:\Program Files\paint.net\Resources\es\</Value>
        <Value Key="HKEY_LOCAL_MACHINE\SOFTWARE\Microsoft\Windows\CurrentVersion\Installer\Folders">C:\Program Files\paint.net\Resources\fi\</Value>
        <Value Key="HKEY_LOCAL_MACHINE\SOFTWARE\Microsoft\Windows\CurrentVersion\Installer\Folders">C:\Program Files\paint.net\Resources\fr\</Value>
        <Value Key="HKEY_LOCAL_MACHINE\SOFTWARE\Microsoft\Windows\CurrentVersion\Installer\Folders">C:\Program Files\paint.net\Resources\he\</Value>
        <Value Key="HKEY_LOCAL_MACHINE\SOFTWARE\Microsoft\Windows\CurrentVersion\Installer\Folders">C:\Program Files\paint.net\Resources\hi\</Value>
        <Value Key="HKEY_LOCAL_MACHINE\SOFTWARE\Microsoft\Windows\CurrentVersion\Installer\Folders">C:\Program Files\paint.net\Resources\hu\</Value>
        <Value Key="HKEY_LOCAL_MACHINE\SOFTWARE\Microsoft\Windows\CurrentVersion\Installer\Folders">C:\Program Files\paint.net\Resources\it\</Value>
        <Value Key="HKEY_LOCAL_MACHINE\SOFTWARE\Microsoft\Windows\CurrentVersion\Installer\Folders">C:\Program Files\paint.net\Resources\ja\</Value>
        <Value Key="HKEY_LOCAL_MACHINE\SOFTWARE\Microsoft\Windows\CurrentVersion\Installer\Folders">C:\Program Files\paint.net\Resources\ko\</Value>
        <Value Key="HKEY_LOCAL_MACHINE\SOFTWARE\Microsoft\Windows\CurrentVersion\Installer\Folders">C:\Program Files\paint.net\Resources\lt\</Value>
        <Value Key="HKEY_LOCAL_MACHINE\SOFTWARE\Microsoft\Windows\CurrentVersion\Installer\Folders">C:\Program Files\paint.net\Resources\nl\</Value>
        <Value Key="HKEY_LOCAL_MACHINE\SOFTWARE\Microsoft\Windows\CurrentVersion\Installer\Folders">C:\Program Files\paint.net\Resources\no\</Value>
        <Value Key="HKEY_LOCAL_MACHINE\SOFTWARE\Microsoft\Windows\CurrentVersion\Installer\Folders">C:\Program Files\paint.net\Resources\pl\</Value>
        <Value Key="HKEY_LOCAL_MACHINE\SOFTWARE\Microsoft\Windows\CurrentVersion\Installer\Folders">C:\Program Files\paint.net\Resources\pt-br\</Value>
        <Value Key="HKEY_LOCAL_MACHINE\SOFTWARE\Microsoft\Windows\CurrentVersion\Installer\Folders">C:\Program Files\paint.net\Resources\pt-pt\</Value>
        <Value Key="HKEY_LOCAL_MACHINE\SOFTWARE\Microsoft\Windows\CurrentVersion\Installer\Folders">C:\Program Files\paint.net\Resources\ru\</Value>
        <Value Key="HKEY_LOCAL_MACHINE\SOFTWARE\Microsoft\Windows\CurrentVersion\Installer\Folders">C:\Program Files\paint.net\Resources\sl\</Value>
        <Value Key="HKEY_LOCAL_MACHINE\SOFTWARE\Microsoft\Windows\CurrentVersion\Installer\Folders">C:\Program Files\paint.net\Resources\sv\</Value>
        <Value Key="HKEY_LOCAL_MACHINE\SOFTWARE\Microsoft\Windows\CurrentVersion\Installer\Folders">C:\Program Files\paint.net\Resources\tr\</Value>
        <Value Key="HKEY_LOCAL_MACHINE\SOFTWARE\Microsoft\Windows\CurrentVersion\Installer\Folders">C:\Program Files\paint.net\Resources\uk\</Value>
        <Value Key="HKEY_LOCAL_MACHINE\SOFTWARE\Microsoft\Windows\CurrentVersion\Installer\Folders">C:\Program Files\paint.net\Resources\zh-cn\</Value>
        <Value Key="HKEY_LOCAL_MACHINE\SOFTWARE\Microsoft\Windows\CurrentVersion\Installer\Folders">C:\Program Files\paint.net\Resources\zh-tw\</Value>
        <Value Key="HKEY_LOCAL_MACHINE\SOFTWARE\Microsoft\Windows\CurrentVersion\Installer\Folders">C:\Program Files\paint.net\Shapes\</Value>
        <Value Key="HKEY_LOCAL_MACHINE\SOFTWARE\Microsoft\Windows\CurrentVersion\Installer\Folders">C:\Program Files\paint.net\resx\</Value>
        <Value Key="HKEY_LOCAL_MACHINE\SOFTWARE\Microsoft\Windows\CurrentVersion\Installer\Folders">C:\Windows\Installer\{2025DAA7-0653-4F18-B66F-900E6F2320EC}\</Value>
        <Value Key="HKEY_LOCAL_MACHINE\SOFTWARE\RegisteredApplications">paint.net</Value>
    </RegistryValues>
</ProgramTraces>
