<?xml version="1.0" encoding="UTF-8" ?>
<ProgramTraces version="1">
    <Folders>
        <Folder>C:\Program Files\DVDStyler</Folder>
        <Folder>C:\ProgramData\Microsoft\Windows\Start Menu\Programs\DVDStyler</Folder>
        <Folder>C:\Users\71288\AppData\Local\Microsoft\Windows\Explorer\IconCacheToDelete</Folder>
        <Folder>D:\sys\tmp\UninstallToolPortableTemp\dvd-cache</Folder>
    </Folders>
    <Files>
        <File>C:\Users\71288\AppData\Local\Microsoft\Windows\Explorer\iconcache_1280.db</File>
        <File>C:\Users\71288\AppData\Local\Microsoft\Windows\Explorer\iconcache_16.db</File>
        <File>C:\Users\71288\AppData\Local\Microsoft\Windows\Explorer\iconcache_1920.db</File>
        <File>C:\Users\71288\AppData\Local\Microsoft\Windows\Explorer\iconcache_256.db</File>
        <File>C:\Users\71288\AppData\Local\Microsoft\Windows\Explorer\iconcache_2560.db</File>
        <File>C:\Users\71288\AppData\Local\Microsoft\Windows\Explorer\iconcache_32.db</File>
        <File>C:\Users\71288\AppData\Local\Microsoft\Windows\Explorer\iconcache_48.db</File>
        <File>C:\Users\71288\AppData\Local\Microsoft\Windows\Explorer\iconcache_768.db</File>
        <File>C:\Users\71288\AppData\Local\Microsoft\Windows\Explorer\iconcache_96.db</File>
        <File>C:\Users\71288\AppData\Local\Microsoft\Windows\Explorer\iconcache_custom_stream.db</File>
        <File>C:\Users\71288\AppData\Local\Microsoft\Windows\Explorer\iconcache_exif.db</File>
        <File>C:\Users\71288\AppData\Local\Microsoft\Windows\Explorer\iconcache_idx.db</File>
        <File>C:\Users\71288\AppData\Local\Microsoft\Windows\Explorer\iconcache_sr.db</File>
        <File>C:\Users\71288\AppData\Local\Microsoft\Windows\Explorer\iconcache_wide.db</File>
        <File>C:\Users\71288\AppData\Local\Microsoft\Windows\Explorer\iconcache_wide_alternate.db</File>
        <File>C:\Users\71288\AppData\Roaming\doublecmd\doublecmd.xml</File>
        <File>C:\Users\71288\AppData\Roaming\doublecmd\history.xml</File>
        <File>C:\Users\71288\Documents\Сваты 7.dvds</File>
        <File>C:\Users\71288\Сваты 7 диск 1.iso</File>
        <File>D:\sys\tmp\UninstallToolPortableTemp\dvdstyler.log</File>
    </Files>
    <RegistryKeys>
        <Key>HKEY_CURRENT_USER\SOFTWARE\DVDStyler</Key>
        <Key>HKEY_CURRENT_USER\SOFTWARE\Microsoft\Windows\CurrentVersion\Explorer\ComDlg32\OpenSavePidlMRU\dvds</Key>
        <Key>HKEY_CURRENT_USER\Software\Classes\Local Settings\Software\Microsoft\Windows\Shell\BagMRU\0\2\6\18\1</Key>
        <Key>HKEY_CURRENT_USER\Software\Classes\Local Settings\Software\Microsoft\Windows\Shell\Bags\1616\ComDlg</Key>
        <Key>HKEY_CURRENT_USER\Software\Classes\Local Settings\Software\Microsoft\Windows\Shell\Bags\1625\ComDlg</Key>
        <Key>HKEY_CURRENT_USER\Software\Classes\Local Settings\Software\Microsoft\Windows\Shell\Bags\1930</Key>
        <Key>HKEY_LOCAL_MACHINE\SOFTWARE\Classes\.dvds</Key>
        <Key>HKEY_LOCAL_MACHINE\SOFTWARE\Classes\.dvdt</Key>
        <Key>HKEY_LOCAL_MACHINE\SOFTWARE\Classes\DVDStyler.Project</Key>
        <Key>HKEY_LOCAL_MACHINE\SOFTWARE\Classes\DVDStyler.Template</Key>
        <Key>HKEY_LOCAL_MACHINE\SOFTWARE\Microsoft\Windows\CurrentVersion\Uninstall\DVDStyler_is1</Key>
    </RegistryKeys>
    <RegistryValues>
        <Value Key="HKEY_CURRENT_USER\SOFTWARE\Microsoft\Windows\CurrentVersion\Explorer\ComDlg32\CIDSizeMRU">28</Value>
        <Value Key="HKEY_CURRENT_USER\SOFTWARE\Microsoft\Windows\CurrentVersion\Explorer\ComDlg32\FirstFolder">4</Value>
        <Value Key="HKEY_CURRENT_USER\SOFTWARE\Microsoft\Windows\CurrentVersion\Explorer\ComDlg32\LastVisitedPidlMRULegacy">2</Value>
        <Value Key="HKEY_CURRENT_USER\SOFTWARE\Microsoft\Windows\CurrentVersion\Explorer\ComDlg32\LastVisitedPidlMRU">18</Value>
        <Value Key="HKEY_CURRENT_USER\SOFTWARE\Microsoft\Windows\CurrentVersion\Explorer\ComDlg32\OpenSavePidlMRU\*">11</Value>
        <Value Key="HKEY_CURRENT_USER\SOFTWARE\Microsoft\Windows\CurrentVersion\Explorer\ComDlg32\OpenSavePidlMRU\*">12</Value>
        <Value Key="HKEY_CURRENT_USER\SOFTWARE\Microsoft\Windows\CurrentVersion\Explorer\ComDlg32\OpenSavePidlMRU\*">13</Value>
        <Value Key="HKEY_CURRENT_USER\SOFTWARE\Microsoft\Windows\CurrentVersion\Explorer\ComDlg32\OpenSavePidlMRU\*">14</Value>
        <Value Key="HKEY_CURRENT_USER\SOFTWARE\Microsoft\Windows\CurrentVersion\Explorer\ComDlg32\OpenSavePidlMRU\*">15</Value>
        <Value Key="HKEY_CURRENT_USER\SOFTWARE\Microsoft\Windows\CurrentVersion\Explorer\ComDlg32\OpenSavePidlMRU\*">6</Value>
        <Value Key="HKEY_CURRENT_USER\SOFTWARE\Microsoft\Windows\CurrentVersion\Explorer\ComDlg32\OpenSavePidlMRU\mp4">2</Value>
        <Value Key="HKEY_CURRENT_USER\SOFTWARE\Microsoft\Windows\CurrentVersion\Explorer\ComDlg32\OpenSavePidlMRU\mp4">3</Value>
        <Value Key="HKEY_CURRENT_USER\SOFTWARE\Microsoft\Windows\CurrentVersion\Explorer\ComDlg32\OpenSavePidlMRU\mp4">4</Value>
        <Value Key="HKEY_CURRENT_USER\SOFTWARE\Microsoft\Windows\CurrentVersion\Explorer\ComDlg32\OpenSavePidlMRU\mp4">5</Value>
        <Value Key="HKEY_CURRENT_USER\SOFTWARE\Microsoft\Windows\CurrentVersion\Explorer\ComDlg32\OpenSavePidlMRU\mp4">6</Value>
        <Value Key="HKEY_CURRENT_USER\Software\Classes\Local Settings\Software\Microsoft\Windows\Shell\BagMRU\0\2\6\18">1</Value>
    </RegistryValues>
</ProgramTraces>
