<?xml version="1.0" encoding="UTF-8" ?>
<ProgramTraces version="1">
    <Folders>
        <Folder>C:\Program Files\DrWeb</Folder>
        <Folder>C:\ProgramData\Doctor Web\Logs</Folder>
        <Folder>C:\ProgramData\Doctor Web\Setup</Folder>
        <Folder>C:\ProgramData\Doctor Web\Updater</Folder>
        <Folder>C:\ProgramData\Microsoft\Windows\Start Menu\Programs\Dr.Web</Folder>
        <Folder>C:\Users\71288\AppData\Local\Microsoft\Windows\Explorer\IconCacheToDelete</Folder>
    </Folders>
    <Files>
        <File>C:\Users\71288\AppData\Local\Microsoft\Windows\Explorer\iconcache_1280.db</File>
        <File>C:\Users\71288\AppData\Local\Microsoft\Windows\Explorer\iconcache_16.db</File>
        <File>C:\Users\71288\AppData\Local\Microsoft\Windows\Explorer\iconcache_1920.db</File>
        <File>C:\Users\71288\AppData\Local\Microsoft\Windows\Explorer\iconcache_256.db</File>
        <File>C:\Users\71288\AppData\Local\Microsoft\Windows\Explorer\iconcache_2560.db</File>
        <File>C:\Users\71288\AppData\Local\Microsoft\Windows\Explorer\iconcache_32.db</File>
        <File>C:\Users\71288\AppData\Local\Microsoft\Windows\Explorer\iconcache_48.db</File>
        <File>C:\Users\71288\AppData\Local\Microsoft\Windows\Explorer\iconcache_768.db</File>
        <File>C:\Users\71288\AppData\Local\Microsoft\Windows\Explorer\iconcache_96.db</File>
        <File>C:\Users\71288\AppData\Local\Microsoft\Windows\Explorer\iconcache_custom_stream.db</File>
        <File>C:\Users\71288\AppData\Local\Microsoft\Windows\Explorer\iconcache_exif.db</File>
        <File>C:\Users\71288\AppData\Local\Microsoft\Windows\Explorer\iconcache_idx.db</File>
        <File>C:\Users\71288\AppData\Local\Microsoft\Windows\Explorer\iconcache_sr.db</File>
        <File>C:\Users\71288\AppData\Local\Microsoft\Windows\Explorer\iconcache_wide.db</File>
        <File>C:\Users\71288\AppData\Local\Microsoft\Windows\Explorer\iconcache_wide_alternate.db</File>
        <File>C:\Users\71288\ntuser.dat{73dab6e8-84c9-11ea-b2d7-d8c49792e5b3}.TxR.0.regtrans-ms</File>
        <File>C:\Users\71288\ntuser.dat{73dab6e8-84c9-11ea-b2d7-d8c49792e5b3}.TxR.1.regtrans-ms</File>
        <File>C:\Users\71288\ntuser.dat{73dab6e8-84c9-11ea-b2d7-d8c49792e5b3}.TxR.2.regtrans-ms</File>
        <File>C:\Users\71288\ntuser.dat{73dab6e8-84c9-11ea-b2d7-d8c49792e5b3}.TxR.blf</File>
        <File>C:\Windows\System32\drivers\dwprot.sys</File>
        <File>C:\Windows\System32\drivers\dwsguard32.dll</File>
        <File>C:\Windows\System32\drivers\dwsguard64.dll</File>
        <File>D:\sys\tmp\UninstallToolPortableTemp\2938FD5CB.sys</File>
    </Files>
    <RegistryKeys>
        <Key>HKEY_CURRENT_USER\Software\Doctor Web</Key>
        <Key>HKEY_LOCAL_MACHINE\SOFTWARE\Doctor Web</Key>
        <Key>HKEY_LOCAL_MACHINE\SOFTWARE\Microsoft\Windows\CurrentVersion\App Management\ARPCache</Key>
        <Key>HKEY_LOCAL_MACHINE\SOFTWARE\Microsoft\Windows\CurrentVersion\Uninstall\{7599F709-61D5-44F1-996C-4DFEB1B855E0}</Key>
        <Key>HKEY_LOCAL_MACHINE\SYSTEM\ControlSet001\Services\DwProt</Key>
    </RegistryKeys>
    <RegistryValues>
        <Value Key="HKEY_LOCAL_MACHINE\SOFTWARE\Microsoft\Windows\CurrentVersion\Explorer\StartupApproved\Run">SpIDerAgent</Value>
        <Value Key="HKEY_LOCAL_MACHINE\SOFTWARE\Microsoft\Windows\CurrentVersion\Run">SpIDerAgent</Value>
    </RegistryValues>
</ProgramTraces>
