<?xml version="1.0" encoding="UTF-8" ?>
<ProgramTraces version="1">
    <Folders>
        <Folder>C:\Users\71288\AppData\Local\Microsoft\Windows\INetCache\IE\2BL8E84L</Folder>
        <Folder>C:\Users\71288\AppData\Local\Microsoft\Windows\INetCache\IE\NYAUCRS4</Folder>
    </Folders>
    <Files>
        <File>C:\Program Files\WinDjView\WinDjView.exe</File>
        <File>C:\Program Files\WinDjView\WinDjViewRU.dll</File>
        <File>C:\Program Files\WinDjView\uninstall.exe</File>
        <File>C:\ProgramData\Microsoft\Windows\Start Menu\Programs\WinDjView\WinDjView.lnk</File>
        <File>C:\ProgramData\Microsoft\Windows\Start Menu\Programs\WinDjView\Удалить WinDjView.lnk</File>
    </Files>
    <RegistryKeys>
        <Key>HKEY_LOCAL_MACHINE\SOFTWARE\Microsoft\Windows\CurrentVersion\Uninstall\WinDjView</Key>
    </RegistryKeys>
</ProgramTraces>
