<?xml version="1.0" encoding="UTF-8" ?>
<ProgramTraces version="1">
    <Folders>
        <Folder>C:\Program Files\Movavi Video Editor</Folder>
        <Folder>C:\Users\71288\AppData\Local\Movavi</Folder>
        <Folder>C:\Users\71288\AppData\Local\VideoEditorPlus</Folder>
        <Folder>D:\sys\tmp\UninstallToolPortableTemp\Video Editor Plus</Folder>
    </Folders>
    <Files>
        <File>C:\ProgramData\Intel\ShaderCache\VideoEditorPlus_1</File>
        <File>C:\ProgramData\Microsoft\Windows\Start Menu\Programs\Movavi Video Editor Plus\Movavi Video Editor Plus.lnk</File>
        <File>C:\ProgramData\Microsoft\Windows\Start Menu\Programs\Movavi Video Editor Plus\Приложения\Аудиозахват.lnk</File>
        <File>C:\ProgramData\Microsoft\Windows\Start Menu\Programs\Movavi Video Editor Plus\Приложения\Видеозахват.lnk</File>
        <File>C:\ProgramData\Microsoft\Windows\Start Menu\Programs\Movavi Video Editor Plus\Удаление.lnk</File>
        <File>C:\ProgramData\goyslgxe.nnn</File>
        <File>C:\ProgramData\mntemp</File>
        <File>C:\Users\71288\AppData\Roaming\doublecmd\doublecmd.xml</File>
        <File>C:\Users\71288\AppData\Roaming\doublecmd\history.xml</File>
        <File>C:\Windows\Q010040.log</File>
        <File>D:\sys\tmp\UninstallToolPortableTemp\~3788302126.tmp</File>
    </Files>
    <RegistryKeys>
        <Key>HKEY_CURRENT_USER\SOFTWARE\MOVAVI</Key>
        <Key>HKEY_CURRENT_USER\SOFTWARE\Microsoft\Multimedia\Audio Compression Manager</Key>
        <Key>HKEY_CURRENT_USER\SOFTWARE\Microsoft\Multimedia\c:</Key>
        <Key>HKEY_CURRENT_USER\Software\Classes\CLSID\{B3103A6F-5D72A1BC-593C557D-10F6DA17-9040E443}</Key>
        <Key>HKEY_LOCAL_MACHINE\SOFTWARE\Classes\.abu04f</Key>
        <Key>HKEY_LOCAL_MACHINE\SOFTWARE\Classes\.gta83b</Key>
        <Key>HKEY_LOCAL_MACHINE\SOFTWARE\Classes\.mfg11x</Key>
        <Key>HKEY_LOCAL_MACHINE\SOFTWARE\Classes\.oxe94t</Key>
        <Key>HKEY_LOCAL_MACHINE\SOFTWARE\Microsoft\AudioCompressionManager</Key>
        <Key>HKEY_LOCAL_MACHINE\SOFTWARE\Microsoft\Windows\CurrentVersion\App Paths\Movavi Video Editor</Key>
        <Key>HKEY_LOCAL_MACHINE\SOFTWARE\Microsoft\Windows\CurrentVersion\Uninstall\Movavi Video Editor Plus_is1</Key>
        <Key>HKEY_LOCAL_MACHINE\SOFTWARE\WOW6432Node\Movavi</Key>
    </RegistryKeys>
</ProgramTraces>
