<?xml version="1.0" encoding="UTF-8" ?>
<ProgramTraces version="1">
    <Folders>
        <Folder>C:\Program Files\OO Software\Defrag\en-US</Folder>
        <Folder>C:\ProgramData\Microsoft\Windows\Start Menu\Programs\O&amp;O Software</Folder>
        <Folder>C:\ProgramData\OO Software</Folder>
        <Folder>C:\Windows\Installer\{2CB92DA5-CD07-42D0-A588-A77CC2906821}</Folder>
        <Folder>D:\sys\tmp\UninstallToolPortableTemp\OO Software</Folder>
    </Folders>
    <Files>
        <File>C:\Config.Msi\4a4afa.rbf</File>
        <File>C:\Config.Msi\4a4b17.rbf</File>
        <File>C:\Program Files\OO Software\Defrag\oodag.exe</File>
        <File>C:\Program Files\OO Software\Defrag\oodagmg.dll</File>
        <File>C:\Program Files\OO Software\Defrag\oodagrs.dll</File>
        <File>C:\Program Files\OO Software\Defrag\oodagt.adm</File>
        <File>C:\Program Files\OO Software\Defrag\oodcmd.exe</File>
        <File>C:\Program Files\OO Software\Defrag\oodcmdrs.dll</File>
        <File>C:\Program Files\OO Software\Defrag\oodcnt.exe</File>
        <File>C:\Program Files\OO Software\Defrag\oodgui.adm</File>
        <File>C:\Program Files\OO Software\Defrag\oodguirs.dll</File>
        <File>C:\Program Files\OO Software\Defrag\oodjobd.dll</File>
        <File>C:\Program Files\OO Software\Defrag\oodjobdr.dll</File>
        <File>C:\Program Files\OO Software\Defrag\oodpeo.ocx</File>
        <File>C:\Program Files\OO Software\Defrag\oodpep.dll</File>
        <File>C:\Program Files\OO Software\Defrag\oodperwr.dll</File>
        <File>C:\Program Files\OO Software\Defrag\oodpesur.dll</File>
        <File>C:\Program Files\OO Software\Defrag\oodsh.dll</File>
        <File>C:\Program Files\OO Software\Defrag\oodshrs.dll</File>
        <File>C:\Program Files\OO Software\Defrag\oodsvct.exe</File>
        <File>C:\Program Files\OO Software\Defrag\oodtray.exe</File>
        <File>C:\Program Files\OO Software\Defrag\oodtrrs.dll</File>
        <File>C:\Program Files\OO Software\Defrag\oodtrwnd.exe</File>
        <File>C:\Program Files\OO Software\Defrag\oodwrtlic.exe</File>
        <File>C:\Program Files\OO Software\Defrag\ooliveupdate.exe</File>
        <File>C:\Program Files\OO Software\Defrag\oorwiz4.dll</File>
        <File>C:\Program Files\OO Software\Defrag\oosu.dll</File>
        <File>C:\Program Files\OO Software\Defrag\readme.txt</File>
        <File>C:\Program Files\OO Software\Defrag\rpcanalysis.htm</File>
        <File>C:\Program Files\OO Software\Defrag\rpcchkdsk.htm</File>
        <File>C:\Program Files\OO Software\Defrag\rpcdat01.htm</File>
        <File>C:\Program Files\OO Software\Defrag\rpcdefrag.htm</File>
        <File>C:\Program Files\OO Software\Defrag\rpcdiskcleaneropt.htm</File>
        <File>C:\Program Files\OO Software\Defrag\rpcdiskcleanerscan.htm</File>
        <File>C:\Program Files\OO Software\Defrag\rpcdiskstatscan.htm</File>
        <File>C:\Program Files\OO Software\Defrag\rpcmn01.htm</File>
        <File>C:\Program Files\OO Software\Defrag\rpcspaceopt.htm</File>
        <File>C:\Program Files\OO Software\Defrag\rpcstealth.htm</File>
        <File>C:\ProgramData\Microsoft\Windows\Start Menu\Programs\StartUp\O&amp;O Defrag Tray.lnk</File>
        <File>C:\Users\71288\AppData\Local\Microsoft\Windows\INetCache\IE\9UKALXGF\oodefrag24[1].htm</File>
        <File>C:\Users\Public\Desktop\O&amp;O Defrag.lnk</File>
        <File>C:\Windows\Installer\4a4b1c.msi</File>
        <File>C:\Windows\Installer\SourceHash{2CB92DA5-CD07-42D0-A588-A77CC2906821}</File>
        <File>C:\Windows\System32\oodbs.exe</File>
        <File>C:\Windows\System32\oodbsrs.dll</File>
        <File>C:\Windows\System32\oodssrs.dll</File>
        <File>C:\Windows\System32\ooscrsav.scr</File>
    </Files>
    <RegistryKeys>
        <Key>HKEY_CURRENT_USER\SOFTWARE\O&amp;O\O&amp;O RegWizard</Key>
        <Key>HKEY_CURRENT_USER\SOFTWARE\Policies\Microsoft\SystemCertificates\TrustedPublisher</Key>
        <Key>HKEY_LOCAL_MACHINE\SOFTWARE\Classes\Installer\Features\5AD29BC270DC0D245A887AC72C098612</Key>
        <Key>HKEY_LOCAL_MACHINE\SOFTWARE\Classes\Installer\Products\5AD29BC270DC0D245A887AC72C098612</Key>
        <Key>HKEY_LOCAL_MACHINE\SOFTWARE\Classes\Interface\{618736E0-3C3D-11CF-810C-00AA00389B71}\TypeLib</Key>
        <Key>HKEY_LOCAL_MACHINE\SOFTWARE\Classes\WOW6432Node\Interface\{618736E0-3C3D-11CF-810C-00AA00389B71}</Key>
        <Key>HKEY_LOCAL_MACHINE\SOFTWARE\Microsoft\Windows\CurrentVersion\Installer\UserData\S-1-5-18\Components\851F73DE2233D424492CC5BF1230769E</Key>
        <Key>HKEY_LOCAL_MACHINE\SOFTWARE\Microsoft\Windows\CurrentVersion\Installer\UserData\S-1-5-18\Components\EE223BA394BFAAE4B967296CB6BD5952</Key>
        <Key>HKEY_LOCAL_MACHINE\SOFTWARE\Microsoft\Windows\CurrentVersion\Installer\UserData\S-1-5-18\Products\5AD29BC270DC0D245A887AC72C098612</Key>
        <Key>HKEY_LOCAL_MACHINE\SOFTWARE\Microsoft\Windows\CurrentVersion\Uninstall\{2CB92DA5-CD07-42D0-A588-A77CC2906821}</Key>
        <Key>HKEY_LOCAL_MACHINE\SOFTWARE\WOW6432Node\Volatile</Key>
        <Key>HKEY_USERS\.DEFAULT\Software\Classes\Local Settings\MuiCache\229</Key>
    </RegistryKeys>
    <RegistryValues>
        <Value Key="HKEY_LOCAL_MACHINE\SOFTWARE\Microsoft\MMC\NodeTypes\{476e644a-aaff-11d0-b944-00c04fd8d5b0}\Extensions\NameSpace">{677D54F0-573E-11d4-9385-005004518EC8}</Value>
        <Value Key="HKEY_LOCAL_MACHINE\SOFTWARE\Microsoft\Windows\CurrentVersion\Installer\Folders">C:\Program Files\OO Software\Defrag\en-US\</Value>
        <Value Key="HKEY_LOCAL_MACHINE\SOFTWARE\Microsoft\Windows\CurrentVersion\Installer\Folders">C:\ProgramData\Microsoft\Windows\Start Menu\Programs\O&amp;O Software\</Value>
        <Value Key="HKEY_LOCAL_MACHINE\SOFTWARE\Microsoft\Windows\CurrentVersion\Installer\Folders">C:\ProgramData\Microsoft\Windows\Start Menu\Programs\O&amp;O Software\O&amp;O Defrag\</Value>
        <Value Key="HKEY_LOCAL_MACHINE\SOFTWARE\Microsoft\Windows\CurrentVersion\Installer\Folders">C:\Windows\Installer\{2CB92DA5-CD07-42D0-A588-A77CC2906821}\</Value>
        <Value Key="HKEY_LOCAL_MACHINE\SOFTWARE\Microsoft\Windows\CurrentVersion\SharedDLLs">C:\Windows\system32\oodbs.exe</Value>
        <Value Key="HKEY_LOCAL_MACHINE\SOFTWARE\Microsoft\Windows\CurrentVersion\SharedDLLs">C:\Windows\system32\oodbsrs.dll</Value>
        <Value Key="HKEY_LOCAL_MACHINE\SOFTWARE\Microsoft\Windows\CurrentVersion\SharedDLLs">C:\Windows\system32\oodssrs.dll</Value>
        <Value Key="HKEY_LOCAL_MACHINE\SOFTWARE\Microsoft\Windows\CurrentVersion\SharedDLLs">C:\Windows\system32\ooscrsav.scr</Value>
        <Value Key="HKEY_LOCAL_MACHINE\SOFTWARE\Microsoft\Windows\CurrentVersion\Shell Extensions\Approved">{48EAD1E1-ECF2-4a85-AA09-1C44FBEED451}</Value>
    </RegistryValues>
</ProgramTraces>
