<?xml version="1.0" encoding="UTF-8" ?>
<ProgramTraces version="1">
    <Folders>
        <Folder>C:\Program Files\OO Software</Folder>
        <Folder>C:\ProgramData\Microsoft\Windows\Start Menu\Programs\O&amp;O Software</Folder>
        <Folder>C:\Windows\Installer\{F2D49DAB-287D-4F53-AEE2-A7C21673AC87}</Folder>
    </Folders>
    <Files>
        <File>C:\ProgramData\Microsoft\Windows\Start Menu\Programs\StartUp\O&amp;O Defrag Tray.lnk</File>
        <File>C:\Users\Public\Desktop\O&amp;O Defrag.lnk</File>
        <File>C:\Windows\Installer\128790c.msi</File>
        <File>C:\Windows\Installer\SourceHash{F2D49DAB-287D-4F53-AEE2-A7C21673AC87}</File>
        <File>C:\Windows\System32\oodbs.exe</File>
        <File>C:\Windows\System32\oodbsrs.dll</File>
        <File>C:\Windows\System32\oodssrs.dll</File>
        <File>C:\Windows\System32\ooscrsav.scr</File>
    </Files>
    <RegistryKeys>
        <Key>HKEY_LOCAL_MACHINE\SOFTWARE\Classes\*\shellex\ContextMenuHandlers\OODefrag</Key>
        <Key>HKEY_LOCAL_MACHINE\SOFTWARE\Classes\CLSID\{48EAD1E1-ECF2-4A85-AA09-1C44FBEED451}</Key>
        <Key>HKEY_LOCAL_MACHINE\SOFTWARE\Classes\CLSID\{677D54F0-573E-11D4-9385-005004518EC8}</Key>
        <Key>HKEY_LOCAL_MACHINE\SOFTWARE\Classes\CLSID\{8AC29A61-573D-11D4-9385-005004518EC8}</Key>
        <Key>HKEY_LOCAL_MACHINE\SOFTWARE\Classes\CLSID\{943AA438-0ED3-11D3-8CE7-00105AC417F9}</Key>
        <Key>HKEY_LOCAL_MACHINE\SOFTWARE\Classes\CLSID\{B4E83711-62D3-11D4-9396-005004518EC8}</Key>
        <Key>HKEY_LOCAL_MACHINE\SOFTWARE\Classes\DefragPRO.DefragPROObj.1</Key>
        <Key>HKEY_LOCAL_MACHINE\SOFTWARE\Classes\DefragPROAbout.1</Key>
        <Key>HKEY_LOCAL_MACHINE\SOFTWARE\Classes\DefragPROOCX.DefragPROOCXCtrl.1</Key>
        <Key>HKEY_LOCAL_MACHINE\SOFTWARE\Classes\Drive\shellex\ContextMenuHandlers\OODefrag</Key>
        <Key>HKEY_LOCAL_MACHINE\SOFTWARE\Classes\Folder\shellex\ContextMenuHandlers\OODefrag</Key>
        <Key>HKEY_LOCAL_MACHINE\SOFTWARE\Classes\Installer\Features\BAD94D2FD78235F4EA2E7A2C6137CA78</Key>
        <Key>HKEY_LOCAL_MACHINE\SOFTWARE\Classes\Installer\Products\BAD94D2FD78235F4EA2E7A2C6137CA78</Key>
        <Key>HKEY_LOCAL_MACHINE\SOFTWARE\Classes\Installer\UpgradeCodes\54ABCED5EF628114896130E274C4E365</Key>
        <Key>HKEY_LOCAL_MACHINE\SOFTWARE\Classes\OODShellExt.OODShellExtObj</Key>
        <Key>HKEY_LOCAL_MACHINE\SOFTWARE\Classes\OODShellExt.OODShellExtObj.1</Key>
        <Key>HKEY_LOCAL_MACHINE\SOFTWARE\Classes\TypeLib\{AE4A7AA4-8E0C-4BC3-9FBE-C27EB9F0EA9A}</Key>
        <Key>HKEY_LOCAL_MACHINE\SOFTWARE\Microsoft\MMC\NodeTypes\{C7B83BA0-5744-11D4-9385-005004518EC8}</Key>
        <Key>HKEY_LOCAL_MACHINE\SOFTWARE\Microsoft\MMC\SnapIns\{677D54F0-573E-11D4-9385-005004518EC8}</Key>
        <Key>HKEY_LOCAL_MACHINE\SOFTWARE\Microsoft\Windows\CurrentVersion\Installer\UpgradeCodes\54ABCED5EF628114896130E274C4E365</Key>
        <Key>HKEY_LOCAL_MACHINE\SOFTWARE\Microsoft\Windows\CurrentVersion\Installer\UserData\S-1-5-18\Components\12508C976D75B6642A98A94B18E3B4E9</Key>
        <Key>HKEY_LOCAL_MACHINE\SOFTWARE\Microsoft\Windows\CurrentVersion\Installer\UserData\S-1-5-18\Components\3696AC73BED15D04B885BD249D7FEF8B</Key>
        <Key>HKEY_LOCAL_MACHINE\SOFTWARE\Microsoft\Windows\CurrentVersion\Installer\UserData\S-1-5-18\Components\3A2AE964611B3244481E27372D48AA1C</Key>
        <Key>HKEY_LOCAL_MACHINE\SOFTWARE\Microsoft\Windows\CurrentVersion\Installer\UserData\S-1-5-18\Components\470598BAEA59C7E42890910039B88666</Key>
        <Key>HKEY_LOCAL_MACHINE\SOFTWARE\Microsoft\Windows\CurrentVersion\Installer\UserData\S-1-5-18\Components\4FB0079218F7E684587DF615AB8528EC</Key>
        <Key>HKEY_LOCAL_MACHINE\SOFTWARE\Microsoft\Windows\CurrentVersion\Installer\UserData\S-1-5-18\Components\68934665DF60DAD4DB0B5767E2CB73DF</Key>
        <Key>HKEY_LOCAL_MACHINE\SOFTWARE\Microsoft\Windows\CurrentVersion\Installer\UserData\S-1-5-18\Components\BB1AA9B84C25A52418EC478269248D2E</Key>
        <Key>HKEY_LOCAL_MACHINE\SOFTWARE\Microsoft\Windows\CurrentVersion\Installer\UserData\S-1-5-18\Components\CF2107FAA1F41484FACE822D77DD7472</Key>
        <Key>HKEY_LOCAL_MACHINE\SOFTWARE\Microsoft\Windows\CurrentVersion\Installer\UserData\S-1-5-18\Components\E972993CC4E58B947ABAC6E44ED15713</Key>
        <Key>HKEY_LOCAL_MACHINE\SOFTWARE\Microsoft\Windows\CurrentVersion\Installer\UserData\S-1-5-18\Components\F382A37D1E4DC714E968B7CA17506E1C</Key>
        <Key>HKEY_LOCAL_MACHINE\SOFTWARE\Microsoft\Windows\CurrentVersion\Installer\UserData\S-1-5-18\Components\FFE819EAF9F9E1045B4C147B99350C5B</Key>
        <Key>HKEY_LOCAL_MACHINE\SOFTWARE\Microsoft\Windows\CurrentVersion\Installer\UserData\S-1-5-18\Products\BAD94D2FD78235F4EA2E7A2C6137CA78</Key>
        <Key>HKEY_LOCAL_MACHINE\SOFTWARE\Microsoft\Windows\CurrentVersion\Uninstall\{F2D49DAB-287D-4F53-AEE2-A7C21673AC87}</Key>
        <Key>HKEY_LOCAL_MACHINE\SOFTWARE\O&amp;O</Key>
        <Key>HKEY_LOCAL_MACHINE\SOFTWARE\Policies\O&amp;O\O&amp;O Defrag</Key>
        <Key>HKEY_LOCAL_MACHINE\SOFTWARE\WOW6432Node\O&amp;O</Key>
        <Key>HKEY_LOCAL_MACHINE\SYSTEM\Services</Key>
        <Key>HKEY_USERS\.DEFAULT\Software\Classes\Local Settings\MuiCache\e5</Key>
    </RegistryKeys>
    <RegistryValues>
        <Value Key="HKEY_CURRENT_USER\Software\Classes\Local Settings\MuiCache\e5\B1A07F78">@%systemroot%\system32\FirewallControlPanel.dll,-12122</Value>
        <Value Key="HKEY_LOCAL_MACHINE\SOFTWARE\Microsoft\MMC\NodeTypes\{476e644a-aaff-11d0-b944-00c04fd8d5b0}\Extensions\NameSpace">{677D54F0-573E-11d4-9385-005004518EC8}</Value>
        <Value Key="HKEY_LOCAL_MACHINE\SOFTWARE\Microsoft\Windows\CurrentVersion\Installer\Folders">C:\ProgramData\Microsoft\Windows\Start Menu\Programs\O&amp;O Software\</Value>
        <Value Key="HKEY_LOCAL_MACHINE\SOFTWARE\Microsoft\Windows\CurrentVersion\Installer\Folders">C:\ProgramData\Microsoft\Windows\Start Menu\Programs\O&amp;O Software\O&amp;O Defrag\</Value>
        <Value Key="HKEY_LOCAL_MACHINE\SOFTWARE\Microsoft\Windows\CurrentVersion\Installer\Folders">C:\Windows\Installer\{F2D49DAB-287D-4F53-AEE2-A7C21673AC87}\</Value>
        <Value Key="HKEY_LOCAL_MACHINE\SOFTWARE\Microsoft\Windows\CurrentVersion\Run">OODefragTray</Value>
        <Value Key="HKEY_LOCAL_MACHINE\SOFTWARE\Microsoft\Windows\CurrentVersion\SharedDLLs">C:\Windows\system32\oodbs.exe</Value>
        <Value Key="HKEY_LOCAL_MACHINE\SOFTWARE\Microsoft\Windows\CurrentVersion\SharedDLLs">C:\Windows\system32\oodbsrs.dll</Value>
        <Value Key="HKEY_LOCAL_MACHINE\SOFTWARE\Microsoft\Windows\CurrentVersion\SharedDLLs">C:\Windows\system32\oodssrs.dll</Value>
        <Value Key="HKEY_LOCAL_MACHINE\SOFTWARE\Microsoft\Windows\CurrentVersion\SharedDLLs">C:\Windows\system32\ooscrsav.scr</Value>
        <Value Key="HKEY_LOCAL_MACHINE\SOFTWARE\Microsoft\Windows\CurrentVersion\Shell Extensions\Approved">{48EAD1E1-ECF2-4a85-AA09-1C44FBEED451}</Value>
        <Value Key="HKEY_LOCAL_MACHINE\SYSTEM\ControlSet001\Services\OODBS\Settings">DiskCleanerSettings</Value>
        <Value Key="HKEY_LOCAL_MACHINE\SYSTEM\ControlSet001\Services\OODBS\Settings">Jobs</Value>
        <Value Key="HKEY_LOCAL_MACHINE\SYSTEM\ControlSet001\Services\OODBS\Settings">Options</Value>
    </RegistryValues>
</ProgramTraces>
