<?xml version="1.0" encoding="UTF-8" ?>
<ProgramTraces version="1" dependencies="_1_2147483650_pfm-license-encfsmp.txt">
    <Folders>
        <Folder>C:\Program Files\EncFSMP</Folder>
        <Folder>C:\ProgramData\Microsoft\Windows\WER\ReportArchive\AppCrash_EncFSMP.exe_22c035d957631a4ece2ddb26917b18114bd3cbf9_bf2727f1_d31ae7bc-5e67-4817-974d-299238cc48ef</Folder>
        <Folder>C:\Users\71288\AppData\Roaming\Microsoft\Windows\Start Menu\Programs\EncFSMP</Folder>
        <Folder>C:\Windows\PismoFileMount</Folder>
    </Folders>
    <Files>
        <File>C:\Users\71288\AppData\Local\CrashDumps\EncFSMP.exe.7680.dmp</File>
        <File>C:\Users\71288\AppData\Roaming\doublecmd\doublecmd.xml</File>
        <File>C:\Users\71288\AppData\Roaming\doublecmd\history.xml</File>
        <File>C:\Windows\SysWOW64\pfmapi_190.dll</File>
        <File>C:\Windows\SysWOW64\pfmhost.exe</File>
        <File>C:\Windows\SysWOW64\ptdllrun1.exe</File>
        <File>C:\Windows\System32\drivers\pfmfs_190.sys</File>
        <File>C:\Windows\System32\pfmapi_190.dll</File>
        <File>C:\Windows\System32\pfmhost.exe</File>
        <File>C:\Windows\System32\ptdllrun1.exe</File>
        <File>C:\Windows\pfm.exe</File>
        <File>C:\Windows\ptsysexec.exe</File>
        <File>C:\Windows\pttestcmd.exe</File>
    </Files>
    <RegistryKeys>
        <Key>HKEY_LOCAL_MACHINE\SOFTWARE\Microsoft\Windows\CurrentVersion\Uninstall\EncFSMP</Key>
        <Key>HKEY_LOCAL_MACHINE\SOFTWARE\Microsoft\Windows\CurrentVersion\Uninstall\pfm-license-encfsmp.txt</Key>
    </RegistryKeys>
    <RegistryValues>
        <Value Key="HKEY_LOCAL_MACHINE\SOFTWARE\Classes\PismoFileMount">pfmapi</Value>
        <Value Key="HKEY_LOCAL_MACHINE\SOFTWARE\Classes\PismoFileMount">reference.354E968D.C__WINDOWS_PISMOFILEMOUNT_PFM-LICENSE-ENCFSMP.TXT</Value>
        <Value Key="HKEY_LOCAL_MACHINE\SYSTEM\ControlSet001\Services\pfmfs_192">DeleteFlag</Value>
        <Value Key="HKEY_LOCAL_MACHINE\SYSTEM\ControlSet001\Services\ptsysexec\Parameters">approval.01D91BB4FBCD4B3956EBCBAD</Value>
    </RegistryValues>
</ProgramTraces>
