<?xml version="1.0" encoding="UTF-8" ?>
<ProgramTraces version="1">
    <Folders>
        <Folder>C:\Program Files\BatteryMon</Folder>
        <Folder>C:\ProgramData\Microsoft\Windows\Start Menu\Programs\BatteryMon</Folder>
        <Folder>C:\ProgramData\PassMark</Folder>
        <Folder>C:\Users\71288\Documents\PassMark</Folder>
    </Folders>
    <Files>
        <File>C:\Users\Public\Desktop\BatteryMon.lnk</File>
    </Files>
    <RegistryKeys>
        <Key>HKEY_LOCAL_MACHINE\SOFTWARE\Microsoft\Windows NT\CurrentVersion\AppCompatFlags\Layers</Key>
        <Key>HKEY_LOCAL_MACHINE\SOFTWARE\Microsoft\Windows\CurrentVersion\Uninstall\BatteryMon_is1</Key>
    </RegistryKeys>
</ProgramTraces>
