<?xml version="1.0" encoding="UTF-8" ?>
<ProgramTraces version="1">
    <Folders>
        <Folder>C:\Program Files (x86)\Common Files\Adobe</Folder>
        <Folder>C:\Program Files\Common Files\Adobe</Folder>
        <Folder>C:\ProgramData\Adobe</Folder>
        <Folder>C:\Users\71288\AppData\Local\Adobe</Folder>
        <Folder>C:\Users\71288\AppData\Local\D3DSCache\6bc380d95666fd3a</Folder>
        <Folder>C:\Users\71288\AppData\Local\D3DSCache\d58fdf6db0aa753c</Folder>
        <Folder>C:\Users\71288\AppData\Local\Temp\AdobeVulcan</Folder>
        <Folder>C:\Users\71288\AppData\Local\Temp\UninstallToolPortableTemp\Adobe</Folder>
        <Folder>C:\Users\71288\AppData\Local\Temp\UninstallToolPortableTemp\CreativeCloud</Folder>
        <Folder>C:\Users\71288\AppData\Local\Temp\UninstallToolPortableTemp\EAClient</Folder>
        <Folder>C:\Users\71288\AppData\Local\Temp\UninstallToolPortableTemp\NGL</Folder>
        <Folder>C:\Users\71288\AppData\Local\Temp\UninstallToolPortableTemp\RarSFX0</Folder>
        <Folder>C:\Users\71288\AppData\Local\Temp\UninstallToolPortableTemp\nsh3142.tmp</Folder>
        <Folder>C:\Users\71288\AppData\Local\Temp\UninstallToolPortableTemp\nsj9B18.tmp</Folder>
        <Folder>C:\Users\71288\AppData\Roaming\Adobe\Adobe Media Encoder</Folder>
        <Folder>C:\Users\71288\AppData\Roaming\Adobe\Adobe PDF</Folder>
        <Folder>C:\Users\71288\AppData\Roaming\Adobe\Common</Folder>
        <Folder>C:\Users\71288\AppData\Roaming\Adobe\GPUSniffer</Folder>
        <Folder>C:\Users\71288\AppData\Roaming\Adobe\GUDE</Folder>
        <Folder>C:\Users\71288\AppData\Roaming\Adobe\Lumetri</Folder>
        <Folder>C:\Users\71288\AppData\Roaming\Adobe\Team Projects Local Hub</Folder>
        <Folder>C:\Users\71288\AppData\Roaming\Adobe\dynamiclinkmanager</Folder>
        <Folder>C:\Users\71288\AppData\Roaming\com.adobe.dunamis</Folder>
        <Folder>C:\Users\71288\Documents\Adobe</Folder>
    </Folders>
    <Files>
        <File>C:\ProgramData\Intel\ShaderCache\Adobe Media Encoder_1</File>
        <File>C:\ProgramData\Intel\ShaderCache\GPUSniffer_1</File>
        <File>C:\ProgramData\NVIDIA Corporation\NV_Cache\cd32a1555f851c44fe131c4b70905837_fce8395f8fd8a9b7_637d27b69533bb65_0_0__0.bin</File>
        <File>C:\ProgramData\NVIDIA Corporation\NV_Cache\cd32a1555f851c44fe131c4b70905837_fce8395f8fd8a9b7_637d27b69533bb65_0_0__0.toc</File>
        <File>C:\ProgramData\NVIDIA Corporation\NV_Cache\cd32a1555f851c44fe131c4b70905837_fce8395f8fd8a9b7_e476e044c18cc548_0_0__0.bin</File>
        <File>C:\ProgramData\NVIDIA Corporation\NV_Cache\cd32a1555f851c44fe131c4b70905837_fce8395f8fd8a9b7_e476e044c18cc548_0_0__0.toc</File>
        <File>C:\Users\71288\AppData\Local\Temp\UninstallToolPortableTemp\AdobeIPCBrokerCustomHook.log</File>
        <File>C:\Users\71288\AppData\Local\Temp\UninstallToolPortableTemp\CEP11-AME.log</File>
        <File>C:\Users\71288\AppData\Local\Temp\UninstallToolPortableTemp\NGLClient_HDESD15.3.0.468.log</File>
        <File>C:\Users\71288\AppData\Local\Temp\UninstallToolPortableTemp\datA8D3.tmp</File>
        <File>C:\Users\71288\AppData\Local\Temp\UninstallToolPortableTemp\datA960.tmp</File>
        <File>C:\Users\71288\AppData\Local\Temp\UninstallToolPortableTemp\datA980.tmp</File>
        <File>C:\Users\71288\AppData\Local\Temp\UninstallToolPortableTemp\datA9A1.tmp</File>
        <File>C:\Users\71288\AppData\Local\Temp\UninstallToolPortableTemp\nsh3142.tmp</File>
        <File>C:\Users\71288\AppData\Local\Temp\UninstallToolPortableTemp\nsj9B18.tmp</File>
        <File>C:\Users\71288\AppData\Roaming\Adobe\dvaAnalyticsID.dat</File>
        <File>C:\Users\71288\AppData\Roaming\Adobe\dvaAnalyticsPS.dat</File>
        <File>C:\Users\71288\AppData\Roaming\doublecmd\doublecmd.xml</File>
        <File>C:\Users\71288\AppData\Roaming\doublecmd\history.xml</File>
    </Files>
    <RegistryKeys>
        <Key>HKEY_CURRENT_USER\Software\Adobe</Key>
        <Key>HKEY_CURRENT_USER\Software\Classes\adobe+ame</Key>
        <Key>HKEY_CURRENT_USER\Software\Microsoft\SystemCertificates\AdobeCertStore</Key>
        <Key>HKEY_CURRENT_USER\Software\Microsoft\Windows\Windows Error Reporting\RuntimeExceptionHelperModules</Key>
        <Key>HKEY_LOCAL_MACHINE\SOFTWARE\Microsoft\AudioCompressionManager</Key>
        <Key>HKEY_LOCAL_MACHINE\SYSTEM\ControlSet001\Control\MediaResources\DirectSound</Key>
    </RegistryKeys>
    <RegistryValues>
        <Value Key="HKEY_CURRENT_USER\Software\Microsoft\Internet Explorer\Main\FeatureControl\FEATURE_BROWSER_EMULATION">Set-up.exe</Value>
    </RegistryValues>
</ProgramTraces>
