<?xml version="1.0"?>
<Root><Item><Name>NvBatteryBoostCheckOnLogon_{B2FE1952-0186-46C3-BAEC-A80AA35AC5B8}</Name><Command>"C:\Program Files\NVIDIA Corporation\NvContainer\nvcontainer.exe" -d "C:\Program Files\NVIDIA Corporation\NvBackend\NvBatteryBoostCheck" -l 3 -f C:\ProgramData\NVIDIA\NvContainerBatteryBoostCheck.log</Command><FilePath>C:\Program Files\NVIDIA Corporation\NvContainer\nvcontainer.exe</FilePath><Arguments>-d "C:\Program Files\NVIDIA Corporation\NvBackend\NvBatteryBoostCheck" -l 3 -f C:\ProgramData\NVIDIA\NvContainerBatteryBoostCheck.log</Arguments><Location>18</Location><IsSystemItem>0</IsSystemItem><Deleted>0</Deleted><Disabled>0</Disabled><SchedulerItemName></SchedulerItemName><VbsFileName></VbsFileName><DelaySeconds>120</DelaySeconds><TaskName>NvBatteryBoostCheckOnLogon_{B2FE1952-0186-46C3-BAEC-A80AA35AC5B8}</TaskName><TaskPathNoName>\</TaskPathNoName><DeletedTaskFile></DeletedTaskFile><OriginalDisabled>0</OriginalDisabled><OriginalDelaySeconds>120</OriginalDelaySeconds></Item><Item><Name>Остановка парковог головки HDD Tohiba</Name><Command>""C:\Program Files\HDDScan\HDDScan.exe"" "\\?\scsi#disk&amp;ven_wdc&amp;prod_wd10spzx-22z10t1#4&amp;655c297&amp;0&amp;000000#{53f56307-b6bf-11d0-94f2-00a0c91efb8b}" -APM 254</Command><FilePath>C:\Program Files\HDDScan\HDDScan.exe</FilePath><Arguments>"\\?\scsi#disk&amp;ven_wdc&amp;prod_wd10spzx-22z10t1#4&amp;655c297&amp;0&amp;000000#{53f56307-b6bf-11d0-94f2-00a0c91efb8b}" -APM 254</Arguments><Location>18</Location><IsSystemItem>0</IsSystemItem><Deleted>0</Deleted><Disabled>0</Disabled><SchedulerItemName></SchedulerItemName><VbsFileName></VbsFileName><DelaySeconds>30</DelaySeconds><TaskName>Остановка парковог головки HDD Tohiba</TaskName><TaskPathNoName>\k</TaskPathNoName><DeletedTaskFile></DeletedTaskFile><OriginalDisabled>0</OriginalDisabled><OriginalDelaySeconds>30</OriginalDelaySeconds></Item><Item><Name>OfficeTelemetryAgentFallBack2016</Name><Command>""C:\Program Files\Microsoft Office\Office16\msoia.exe"" scan upload mininterval:2880</Command><FilePath>C:\Program Files\Microsoft Office\Office16\msoia.exe</FilePath><Arguments>scan upload mininterval:2880</Arguments><Location>18</Location><IsSystemItem>1</IsSystemItem><Deleted>0</Deleted><Disabled>0</Disabled><SchedulerItemName></SchedulerItemName><VbsFileName></VbsFileName><DelaySeconds>1800</DelaySeconds><TaskName>OfficeTelemetryAgentFallBack2016</TaskName><TaskPathNoName>\Microsoft\Office</TaskPathNoName><DeletedTaskFile></DeletedTaskFile><OriginalDisabled>0</OriginalDisabled><OriginalDelaySeconds>1800</OriginalDelaySeconds></Item><Item><Name>OfficeTelemetryAgentLogOn2016</Name><Command>""C:\Program Files\Microsoft Office\Office16\msoia.exe"" scan upload</Command><FilePath>C:\Program Files\Microsoft Office\Office16\msoia.exe</FilePath><Arguments>scan upload</Arguments><Location>18</Location><IsSystemItem>1</IsSystemItem><Deleted>0</Deleted><Disabled>0</Disabled><SchedulerItemName></SchedulerItemName><VbsFileName></VbsFileName><DelaySeconds>0</DelaySeconds><TaskName>OfficeTelemetryAgentLogOn2016</TaskName><TaskPathNoName>\Microsoft\Office</TaskPathNoName><DeletedTaskFile></DeletedTaskFile><OriginalDisabled>0</OriginalDisabled><OriginalDelaySeconds>0</OriginalDelaySeconds></Item><Item><Name>VerifiedPublisherCertStoreCheck</Name><Command>"%windir%\system32\appidcertstorecheck.exe"</Command><FilePath>C:\Windows\system32\appidcertstorecheck.exe</FilePath><Arguments></Arguments><Location>18</Location><IsSystemItem>1</IsSystemItem><Deleted>0</Deleted><Disabled>1</Disabled><SchedulerItemName></SchedulerItemName><VbsFileName></VbsFileName><DelaySeconds>1800</DelaySeconds><TaskName>VerifiedPublisherCertStoreCheck</TaskName><TaskPathNoName>\Microsoft\Windows\AppID</TaskPathNoName><DeletedTaskFile></DeletedTaskFile><OriginalDisabled>1</OriginalDisabled><OriginalDelaySeconds>1800</OriginalDelaySeconds></Item><Item><Name>Pre-staged app cleanup</Name><Command>"%windir%\system32\rundll32.exe" %windir%\system32\AppxDeploymentClient.dll,AppxPreStageCleanupRunTask</Command><FilePath>C:\Windows\system32\rundll32.exe</FilePath><Arguments>%windir%\system32\AppxDeploymentClient.dll,AppxPreStageCleanupRunTask</Arguments><Location>18</Location><IsSystemItem>1</IsSystemItem><Deleted>0</Deleted><Disabled>1</Disabled><SchedulerItemName></SchedulerItemName><VbsFileName></VbsFileName><DelaySeconds>3600</DelaySeconds><TaskName>Pre-staged app cleanup</TaskName><TaskPathNoName>\Microsoft\Windows\AppxDeploymentClient</TaskPathNoName><DeletedTaskFile></DeletedTaskFile><OriginalDisabled>1</OriginalDisabled><OriginalDelaySeconds>3600</OriginalDelaySeconds></Item><Item><Name>Proxy</Name><Command>"%windir%\system32\rundll32.exe" /d acproxy.dll,PerformAutochkOperations</Command><FilePath>C:\Windows\system32\rundll32.exe</FilePath><Arguments>/d acproxy.dll,PerformAutochkOperations</Arguments><Location>18</Location><IsSystemItem>1</IsSystemItem><Deleted>0</Deleted><Disabled>1</Disabled><SchedulerItemName></SchedulerItemName><VbsFileName></VbsFileName><DelaySeconds>1800</DelaySeconds><TaskName>Proxy</TaskName><TaskPathNoName>\Microsoft\Windows\Autochk</TaskPathNoName><DeletedTaskFile></DeletedTaskFile><OriginalDisabled>1</OriginalDisabled><OriginalDelaySeconds>1800</OriginalDelaySeconds></Item><Item><Name>License Validation</Name><Command>"%SystemRoot%\system32\ClipUp.exe" -p -s -o</Command><FilePath>C:\Windows\system32\ClipUp.exe</FilePath><Arguments>-p -s -o</Arguments><Location>18</Location><IsSystemItem>1</IsSystemItem><Deleted>0</Deleted><Disabled>1</Disabled><SchedulerItemName></SchedulerItemName><VbsFileName></VbsFileName><DelaySeconds>0</DelaySeconds><TaskName>License Validation</TaskName><TaskPathNoName>\Microsoft\Windows\Clip</TaskPathNoName><DeletedTaskFile></DeletedTaskFile><OriginalDisabled>1</OriginalDisabled><OriginalDelaySeconds>0</OriginalDelaySeconds></Item><Item><Name>Device User</Name><Command>"%windir%\system32\devicecensus.exe" UserCxt</Command><FilePath>C:\Windows\system32\devicecensus.exe</FilePath><Arguments>UserCxt</Arguments><Location>18</Location><IsSystemItem>1</IsSystemItem><Deleted>0</Deleted><Disabled>1</Disabled><SchedulerItemName></SchedulerItemName><VbsFileName></VbsFileName><DelaySeconds>120</DelaySeconds><TaskName>Device User</TaskName><TaskPathNoName>\Microsoft\Windows\Device Information</TaskPathNoName><DeletedTaskFile></DeletedTaskFile><OriginalDisabled>1</OriginalDisabled><OriginalDelaySeconds>120</OriginalDelaySeconds></Item><Item><Name>DirectXDatabaseUpdater</Name><Command>"%windir%\system32\directxdatabaseupdater.exe"</Command><FilePath>C:\Windows\system32\directxdatabaseupdater.exe</FilePath><Arguments></Arguments><Location>18</Location><IsSystemItem>1</IsSystemItem><Deleted>0</Deleted><Disabled>0</Disabled><SchedulerItemName></SchedulerItemName><VbsFileName></VbsFileName><DelaySeconds>600</DelaySeconds><TaskName>DirectXDatabaseUpdater</TaskName><TaskPathNoName>\Microsoft\Windows\DirectX</TaskPathNoName><DeletedTaskFile></DeletedTaskFile><OriginalDisabled>0</OriginalDisabled><OriginalDelaySeconds>600</OriginalDelaySeconds></Item><Item><Name>Microsoft-Windows-DiskDiagnosticResolver</Name><Command>"%windir%\system32\DFDWiz.exe"</Command><FilePath>C:\Windows\system32\DFDWiz.exe</FilePath><Arguments></Arguments><Location>18</Location><IsSystemItem>1</IsSystemItem><Deleted>0</Deleted><Disabled>1</Disabled><SchedulerItemName></SchedulerItemName><VbsFileName></VbsFileName><DelaySeconds>0</DelaySeconds><TaskName>Microsoft-Windows-DiskDiagnosticResolver</TaskName><TaskPathNoName>\Microsoft\Windows\DiskDiagnostic</TaskPathNoName><DeletedTaskFile></DeletedTaskFile><OriginalDisabled>1</OriginalDisabled><OriginalDelaySeconds>0</OriginalDelaySeconds></Item><Item><Name>Logon</Name><Command>"%windir%\system32\ProvTool.exe" /turn 5 /source LogonIdleTask</Command><FilePath>C:\Windows\system32\ProvTool.exe</FilePath><Arguments>/turn 5 /source LogonIdleTask</Arguments><Location>18</Location><IsSystemItem>1</IsSystemItem><Deleted>0</Deleted><Disabled>0</Disabled><SchedulerItemName></SchedulerItemName><VbsFileName></VbsFileName><DelaySeconds>0</DelaySeconds><TaskName>Logon</TaskName><TaskPathNoName>\Microsoft\Windows\Management\Provisioning</TaskPathNoName><DeletedTaskFile></DeletedTaskFile><OriginalDisabled>0</OriginalDisabled><OriginalDelaySeconds>0</OriginalDelaySeconds></Item><Item><Name>Retry</Name><Command>"%windir%\system32\ProvTool.exe" /turn 5 /source ProvRetryTask</Command><FilePath>C:\Windows\system32\ProvTool.exe</FilePath><Arguments>/turn 5 /source ProvRetryTask</Arguments><Location>18</Location><IsSystemItem>1</IsSystemItem><Deleted>0</Deleted><Disabled>1</Disabled><SchedulerItemName></SchedulerItemName><VbsFileName></VbsFileName><DelaySeconds>0</DelaySeconds><TaskName>Retry</TaskName><TaskPathNoName>\Microsoft\Windows\Management\Provisioning</TaskPathNoName><DeletedTaskFile></DeletedTaskFile><OriginalDisabled>1</OriginalDisabled><OriginalDelaySeconds>0</OriginalDelaySeconds></Item><Item><Name>RunOnReboot</Name><Command>"%windir%\system32\ProvTool.exe" /turn 5 /source ContinueSessionTask</Command><FilePath>C:\Windows\system32\ProvTool.exe</FilePath><Arguments>/turn 5 /source ContinueSessionTask</Arguments><Location>18</Location><IsSystemItem>1</IsSystemItem><Deleted>0</Deleted><Disabled>1</Disabled><SchedulerItemName></SchedulerItemName><VbsFileName></VbsFileName><DelaySeconds>0</DelaySeconds><TaskName>RunOnReboot</TaskName><TaskPathNoName>\Microsoft\Windows\Management\Provisioning</TaskPathNoName><DeletedTaskFile></DeletedTaskFile><OriginalDisabled>1</OriginalDisabled><OriginalDelaySeconds>0</OriginalDelaySeconds></Item><Item><Name>LoginCheck</Name><Command>"%windir%\system32\sc.exe" start pushtoinstall login</Command><FilePath>C:\Windows\system32\sc.exe</FilePath><Arguments>start pushtoinstall login</Arguments><Location>18</Location><IsSystemItem>1</IsSystemItem><Deleted>0</Deleted><Disabled>1</Disabled><SchedulerItemName></SchedulerItemName><VbsFileName></VbsFileName><DelaySeconds>300</DelaySeconds><TaskName>LoginCheck</TaskName><TaskPathNoName>\Microsoft\Windows\PushToInstall</TaskPathNoName><DeletedTaskFile></DeletedTaskFile><OriginalDisabled>1</OriginalDisabled><OriginalDelaySeconds>300</OriginalDelaySeconds></Item><Item><Name>SpaceAgentTask</Name><Command>"%windir%\system32\SpaceAgent.exe"</Command><FilePath>C:\Windows\system32\SpaceAgent.exe</FilePath><Arguments></Arguments><Location>18</Location><IsSystemItem>1</IsSystemItem><Deleted>0</Deleted><Disabled>0</Disabled><SchedulerItemName></SchedulerItemName><VbsFileName></VbsFileName><DelaySeconds>120</DelaySeconds><TaskName>SpaceAgentTask</TaskName><TaskPathNoName>\Microsoft\Windows\SpacePort</TaskPathNoName><DeletedTaskFile></DeletedTaskFile><OriginalDisabled>0</OriginalDisabled><OriginalDelaySeconds>120</OriginalDelaySeconds></Item><Item><Name>SpaceManagerTask</Name><Command>"%windir%\system32\spaceman.exe" /Work</Command><FilePath>C:\Windows\system32\spaceman.exe</FilePath><Arguments>/Work</Arguments><Location>18</Location><IsSystemItem>1</IsSystemItem><Deleted>0</Deleted><Disabled>0</Disabled><SchedulerItemName></SchedulerItemName><VbsFileName></VbsFileName><DelaySeconds>120</DelaySeconds><TaskName>SpaceManagerTask</TaskName><TaskPathNoName>\Microsoft\Windows\SpacePort</TaskPathNoName><DeletedTaskFile></DeletedTaskFile><OriginalDisabled>0</OriginalDisabled><OriginalDelaySeconds>120</OriginalDelaySeconds></Item><Item><Name>RemoteFXvGPUDisableTask</Name><Command>"%windir%\System32\RemoteFXvGPUDisablement.exe" Disable</Command><FilePath>C:\Windows\System32\RemoteFXvGPUDisablement.exe</FilePath><Arguments>Disable</Arguments><Location>18</Location><IsSystemItem>1</IsSystemItem><Deleted>0</Deleted><Disabled>0</Disabled><SchedulerItemName></SchedulerItemName><VbsFileName></VbsFileName><DelaySeconds>0</DelaySeconds><TaskName>RemoteFXvGPUDisableTask</TaskName><TaskPathNoName>\Microsoft\Windows\termsrv\RemoteFX</TaskPathNoName><DeletedTaskFile></DeletedTaskFile><OriginalDisabled>0</OriginalDisabled><OriginalDelaySeconds>0</OriginalDelaySeconds></Item><Item><Name>QueueReporting</Name><Command>"%windir%\system32\wermgr.exe" -upload</Command><FilePath>C:\Windows\system32\wermgr.exe</FilePath><Arguments>-upload</Arguments><Location>18</Location><IsSystemItem>1</IsSystemItem><Deleted>0</Deleted><Disabled>0</Disabled><SchedulerItemName></SchedulerItemName><VbsFileName></VbsFileName><DelaySeconds>180</DelaySeconds><TaskName>QueueReporting</TaskName><TaskPathNoName>\Microsoft\Windows\Windows Error Reporting</TaskPathNoName><DeletedTaskFile></DeletedTaskFile><OriginalDisabled>0</OriginalDisabled><OriginalDelaySeconds>180</OriginalDelaySeconds></Item><Item><Name>Automatic-Device-Join</Name><Command>"%SystemRoot%\System32\dsregcmd.exe" $(Arg0) $(Arg1) $(Arg2)</Command><FilePath>C:\Windows\System32\dsregcmd.exe</FilePath><Arguments>$(Arg0) $(Arg1) $(Arg2)</Arguments><Location>18</Location><IsSystemItem>1</IsSystemItem><Deleted>0</Deleted><Disabled>1</Disabled><SchedulerItemName></SchedulerItemName><VbsFileName></VbsFileName><DelaySeconds>60</DelaySeconds><TaskName>Automatic-Device-Join</TaskName><TaskPathNoName>\Microsoft\Windows\Workplace Join</TaskPathNoName><DeletedTaskFile></DeletedTaskFile><OriginalDisabled>1</OriginalDisabled><OriginalDelaySeconds>60</OriginalDelaySeconds></Item><Item><Name>Recovery-Check</Name><Command>"%SystemRoot%\System32\dsregcmd.exe" /checkrecovery</Command><FilePath>C:\Windows\System32\dsregcmd.exe</FilePath><Arguments>/checkrecovery</Arguments><Location>18</Location><IsSystemItem>1</IsSystemItem><Deleted>0</Deleted><Disabled>1</Disabled><SchedulerItemName></SchedulerItemName><VbsFileName></VbsFileName><DelaySeconds>0</DelaySeconds><TaskName>Recovery-Check</TaskName><TaskPathNoName>\Microsoft\Windows\Workplace Join</TaskPathNoName><DeletedTaskFile></DeletedTaskFile><OriginalDisabled>1</OriginalDisabled><OriginalDelaySeconds>0</OriginalDelaySeconds></Item></Root>
