<?xml version="1.0"?>
<Root><Item><Name>ATK Package 36D18D69AFC3</Name><Command>""C:\Program Files (x86)\ASUS\ATK Package\ATK Hotkey\SimAppExec.exe"" -CancelShutdown</Command><FilePath>C:\Program Files (x86)\ASUS\ATK Package\ATK Hotkey\SimAppExec.exe</FilePath><Arguments>-CancelShutdown</Arguments><Location>19</Location><IsSystemItem>0</IsSystemItem><Deleted>0</Deleted><Disabled>1</Disabled><TaskName>ATK Package 36D18D69AFC3</TaskName><TaskPathNoName>\</TaskPathNoName><DeletedTaskFile></DeletedTaskFile><OriginalDisabled>1</OriginalDisabled></Item><Item><Name>TRIM-SSD</Name><Command>"%windir%\system32\defrag.exe" C: -l -h</Command><FilePath>C:\Windows\system32\defrag.exe</FilePath><Arguments>C: -l -h</Arguments><Location>19</Location><IsSystemItem>1</IsSystemItem><Deleted>0</Deleted><Disabled>0</Disabled><TaskName>TRIM-SSD</TaskName><TaskPathNoName>\k</TaskPathNoName><DeletedTaskFile></DeletedTaskFile><OriginalDisabled>0</OriginalDisabled></Item><Item><Name>Office 15 Subscription Heartbeat</Name><Command>"%ProgramFiles%\Common Files\Microsoft Shared\Office16\OLicenseHeartbeat.exe"</Command><FilePath></FilePath><Arguments></Arguments><Location>19</Location><IsSystemItem>1</IsSystemItem><Deleted>0</Deleted><Disabled>0</Disabled><TaskName>Office 15 Subscription Heartbeat</TaskName><TaskPathNoName>\Microsoft\Office</TaskPathNoName><DeletedTaskFile></DeletedTaskFile><OriginalDisabled>0</OriginalDisabled></Item><Item><Name>Microsoft Compatibility Appraiser</Name><Command>"%windir%\system32\compattelrunner.exe"</Command><FilePath>C:\Windows\system32\compattelrunner.exe</FilePath><Arguments></Arguments><Location>19</Location><IsSystemItem>1</IsSystemItem><Deleted>0</Deleted><Disabled>1</Disabled><TaskName>Microsoft Compatibility Appraiser</TaskName><TaskPathNoName>\Microsoft\Windows\Application Experience</TaskPathNoName><DeletedTaskFile></DeletedTaskFile><OriginalDisabled>1</OriginalDisabled></Item><Item><Name>PcaPatchDbTask</Name><Command>"%windir%\system32\rundll32.exe" %windir%\system32\PcaSvc.dll,PcaPatchSdbTask</Command><FilePath>C:\Windows\system32\rundll32.exe</FilePath><Arguments>%windir%\system32\PcaSvc.dll,PcaPatchSdbTask</Arguments><Location>19</Location><IsSystemItem>1</IsSystemItem><Deleted>0</Deleted><Disabled>0</Disabled><TaskName>PcaPatchDbTask</TaskName><TaskPathNoName>\Microsoft\Windows\Application Experience</TaskPathNoName><DeletedTaskFile></DeletedTaskFile><OriginalDisabled>0</OriginalDisabled></Item><Item><Name>appuriverifierinstall</Name><Command>"%windir%\system32\AppHostRegistrationVerifier.exe"</Command><FilePath>C:\Windows\system32\AppHostRegistrationVerifier.exe</FilePath><Arguments></Arguments><Location>19</Location><IsSystemItem>1</IsSystemItem><Deleted>0</Deleted><Disabled>0</Disabled><TaskName>appuriverifierinstall</TaskName><TaskPathNoName>\Microsoft\Windows\ApplicationData</TaskPathNoName><DeletedTaskFile></DeletedTaskFile><OriginalDisabled>0</OriginalDisabled></Item><Item><Name>SyspartRepair</Name><Command>"%windir%\system32\bcdboot.exe" %windir% /sysrepair</Command><FilePath>C:\Windows\system32\bcdboot.exe</FilePath><Arguments>%windir% /sysrepair</Arguments><Location>19</Location><IsSystemItem>1</IsSystemItem><Deleted>0</Deleted><Disabled>0</Disabled><TaskName>SyspartRepair</TaskName><TaskPathNoName>\Microsoft\Windows\Chkdsk</TaskPathNoName><DeletedTaskFile></DeletedTaskFile><OriginalDisabled>0</OriginalDisabled></Item><Item><Name>Consolidator</Name><Command>"%SystemRoot%\System32\wsqmcons.exe"</Command><FilePath>C:\Windows\System32\wsqmcons.exe</FilePath><Arguments></Arguments><Location>19</Location><IsSystemItem>1</IsSystemItem><Deleted>0</Deleted><Disabled>1</Disabled><TaskName>Consolidator</TaskName><TaskPathNoName>\Microsoft\Windows\Customer Experience Improvement Program</TaskPathNoName><DeletedTaskFile></DeletedTaskFile><OriginalDisabled>1</OriginalDisabled></Item><Item><Name>Device</Name><Command>"%windir%\system32\devicecensus.exe" SystemCxt</Command><FilePath>C:\Windows\system32\devicecensus.exe</FilePath><Arguments>SystemCxt</Arguments><Location>19</Location><IsSystemItem>1</IsSystemItem><Deleted>0</Deleted><Disabled>1</Disabled><TaskName>Device</TaskName><TaskPathNoName>\Microsoft\Windows\Device Information</TaskPathNoName><DeletedTaskFile></DeletedTaskFile><OriginalDisabled>1</OriginalDisabled></Item><Item><Name>DXGIAdapterCache</Name><Command>"%windir%\system32\dxgiadaptercache.exe"</Command><FilePath>C:\Windows\system32\dxgiadaptercache.exe</FilePath><Arguments></Arguments><Location>19</Location><IsSystemItem>1</IsSystemItem><Deleted>0</Deleted><Disabled>0</Disabled><TaskName>DXGIAdapterCache</TaskName><TaskPathNoName>\Microsoft\Windows\DirectX</TaskPathNoName><DeletedTaskFile></DeletedTaskFile><OriginalDisabled>0</OriginalDisabled></Item><Item><Name>dusmtask</Name><Command>"%SystemRoot%\System32\dusmtask.exe"</Command><FilePath>C:\Windows\System32\dusmtask.exe</FilePath><Arguments></Arguments><Location>19</Location><IsSystemItem>1</IsSystemItem><Deleted>0</Deleted><Disabled>0</Disabled><TaskName>dusmtask</TaskName><TaskPathNoName>\Microsoft\Windows\DUSM</TaskPathNoName><DeletedTaskFile></DeletedTaskFile><OriginalDisabled>0</OriginalDisabled></Item><Item><Name>DmClientOnScenarioDownload</Name><Command>"%windir%\system32\dmclient.exe" utcwnf</Command><FilePath>C:\Windows\system32\dmclient.exe</FilePath><Arguments>utcwnf</Arguments><Location>19</Location><IsSystemItem>1</IsSystemItem><Deleted>0</Deleted><Disabled>1</Disabled><TaskName>DmClientOnScenarioDownload</TaskName><TaskPathNoName>\Microsoft\Windows\Feedback\Siuf</TaskPathNoName><DeletedTaskFile></DeletedTaskFile><OriginalDisabled>1</OriginalDisabled></Item><Item><Name>FODCleanupTask</Name><Command>"%WinDir%\System32\WinBioPlugIns\FaceFodUninstaller.exe"</Command><FilePath>C:\Windows\System32\WinBioPlugIns\FaceFodUninstaller.exe</FilePath><Arguments></Arguments><Location>19</Location><IsSystemItem>1</IsSystemItem><Deleted>0</Deleted><Disabled>0</Disabled><TaskName>FODCleanupTask</TaskName><TaskPathNoName>\Microsoft\Windows\HelloFace</TaskPathNoName><DeletedTaskFile></DeletedTaskFile><OriginalDisabled>0</OriginalDisabled></Item><Item><Name>Notifications</Name><Command>"%windir%\System32\LocationNotificationWindows.exe"</Command><FilePath>C:\Windows\System32\LocationNotificationWindows.exe</FilePath><Arguments></Arguments><Location>19</Location><IsSystemItem>1</IsSystemItem><Deleted>0</Deleted><Disabled>0</Disabled><TaskName>Notifications</TaskName><TaskPathNoName>\Microsoft\Windows\Location</TaskPathNoName><DeletedTaskFile></DeletedTaskFile><OriginalDisabled>0</OriginalDisabled></Item><Item><Name>WindowsActionDialog</Name><Command>"%windir%\System32\WindowsActionDialog.exe"</Command><FilePath>C:\Windows\System32\WindowsActionDialog.exe</FilePath><Arguments></Arguments><Location>19</Location><IsSystemItem>1</IsSystemItem><Deleted>0</Deleted><Disabled>0</Disabled><TaskName>WindowsActionDialog</TaskName><TaskPathNoName>\Microsoft\Windows\Location</TaskPathNoName><DeletedTaskFile></DeletedTaskFile><OriginalDisabled>0</OriginalDisabled></Item><Item><Name>Cellular</Name><Command>"%windir%\system32\ProvTool.exe" /turn 7 /source CellStateChangeTask</Command><FilePath>C:\Windows\system32\ProvTool.exe</FilePath><Arguments>/turn 7 /source CellStateChangeTask</Arguments><Location>19</Location><IsSystemItem>1</IsSystemItem><Deleted>0</Deleted><Disabled>0</Disabled><TaskName>Cellular</TaskName><TaskPathNoName>\Microsoft\Windows\Management\Provisioning</TaskPathNoName><DeletedTaskFile></DeletedTaskFile><OriginalDisabled>0</OriginalDisabled></Item><Item><Name>MNO Metadata Parser</Name><Command>"%SystemRoot%\System32\MbaeParserTask.exe"</Command><FilePath>C:\Windows\System32\MbaeParserTask.exe</FilePath><Arguments></Arguments><Location>19</Location><IsSystemItem>1</IsSystemItem><Deleted>0</Deleted><Disabled>0</Disabled><TaskName>MNO Metadata Parser</TaskName><TaskPathNoName>\Microsoft\Windows\Mobile Broadband Accounts</TaskPathNoName><DeletedTaskFile></DeletedTaskFile><OriginalDisabled>0</OriginalDisabled></Item><Item><Name>WiFiTask</Name><Command>"%SystemRoot%\System32\WiFiTask.exe" nla</Command><FilePath>C:\Windows\System32\WiFiTask.exe</FilePath><Arguments>nla</Arguments><Location>19</Location><IsSystemItem>1</IsSystemItem><Deleted>0</Deleted><Disabled>0</Disabled><TaskName>WiFiTask</TaskName><TaskPathNoName>\Microsoft\Windows\NlaSvc</TaskPathNoName><DeletedTaskFile></DeletedTaskFile><OriginalDisabled>0</OriginalDisabled></Item><Item><Name>EduPrintProv</Name><Command>"%windir%\system32\eduprintprov.exe"</Command><FilePath>C:\Windows\system32\eduprintprov.exe</FilePath><Arguments></Arguments><Location>19</Location><IsSystemItem>1</IsSystemItem><Deleted>0</Deleted><Disabled>0</Disabled><TaskName>EduPrintProv</TaskName><TaskPathNoName>\Microsoft\Windows\Printing</TaskPathNoName><DeletedTaskFile></DeletedTaskFile><OriginalDisabled>0</OriginalDisabled></Item><Item><Name>Registration</Name><Command>"%windir%\system32\sc.exe" start pushtoinstall registration</Command><FilePath>C:\Windows\system32\sc.exe</FilePath><Arguments>start pushtoinstall registration</Arguments><Location>19</Location><IsSystemItem>1</IsSystemItem><Deleted>0</Deleted><Disabled>0</Disabled><TaskName>Registration</TaskName><TaskPathNoName>\Microsoft\Windows\PushToInstall</TaskPathNoName><DeletedTaskFile></DeletedTaskFile><OriginalDisabled>0</OriginalDisabled></Item><Item><Name>RemoteAssistanceTask</Name><Command>"%windir%\system32\RAServer.exe" /offerraupdate</Command><FilePath>C:\Windows\system32\RAServer.exe</FilePath><Arguments>/offerraupdate</Arguments><Location>19</Location><IsSystemItem>1</IsSystemItem><Deleted>0</Deleted><Disabled>0</Disabled><TaskName>RemoteAssistanceTask</TaskName><TaskPathNoName>\Microsoft\Windows\RemoteAssistance</TaskPathNoName><DeletedTaskFile></DeletedTaskFile><OriginalDisabled>0</OriginalDisabled></Item><Item><Name>UninstallSMB1ClientTask</Name><Command>"%windir%\system32\WindowsPowerShell\v1.0\powershell.exe" -ExecutionPolicy Unrestricted -NonInteractive -NoProfile -WindowStyle Hidden "&amp; %windir%\system32\WindowsPowerShell\v1.0\Modules\SmbShare\DisableUnusedSmb1.ps1 -Scenario Client"</Command><FilePath>C:\Windows\system32\WindowsPowerShell\v1.0\powershell.exe</FilePath><Arguments>-ExecutionPolicy Unrestricted -NonInteractive -NoProfile -WindowStyle Hidden "&amp; %windir%\system32\WindowsPowerShell\v1.0\Modules\SmbShare\DisableUnusedSmb1.ps1 -Scenario Client"</Arguments><Location>19</Location><IsSystemItem>1</IsSystemItem><Deleted>0</Deleted><Disabled>0</Disabled><TaskName>UninstallSMB1ClientTask</TaskName><TaskPathNoName>\Microsoft\Windows\SMB</TaskPathNoName><DeletedTaskFile></DeletedTaskFile><OriginalDisabled>0</OriginalDisabled></Item><Item><Name>UninstallSMB1ServerTask</Name><Command>"%windir%\system32\WindowsPowerShell\v1.0\powershell.exe" -ExecutionPolicy Unrestricted -NonInteractive -NoProfile -WindowStyle Hidden "&amp; %windir%\system32\WindowsPowerShell\v1.0\Modules\SmbShare\DisableUnusedSmb1.ps1 -Scenario Server"</Command><FilePath>C:\Windows\system32\WindowsPowerShell\v1.0\powershell.exe</FilePath><Arguments>-ExecutionPolicy Unrestricted -NonInteractive -NoProfile -WindowStyle Hidden "&amp; %windir%\system32\WindowsPowerShell\v1.0\Modules\SmbShare\DisableUnusedSmb1.ps1 -Scenario Server"</Arguments><Location>19</Location><IsSystemItem>1</IsSystemItem><Deleted>0</Deleted><Disabled>0</Disabled><TaskName>UninstallSMB1ServerTask</TaskName><TaskPathNoName>\Microsoft\Windows\SMB</TaskPathNoName><DeletedTaskFile></DeletedTaskFile><OriginalDisabled>0</OriginalDisabled></Item><Item><Name>SpeechModelDownloadTask</Name><Command>"%windir%\system32\speech_onecore\common\SpeechModelDownload.exe"</Command><FilePath>C:\Windows\system32\speech_onecore\common\SpeechModelDownload.exe</FilePath><Arguments></Arguments><Location>19</Location><IsSystemItem>1</IsSystemItem><Deleted>0</Deleted><Disabled>0</Disabled><TaskName>SpeechModelDownloadTask</TaskName><TaskPathNoName>\Microsoft\Windows\Speech</TaskPathNoName><DeletedTaskFile></DeletedTaskFile><OriginalDisabled>0</OriginalDisabled></Item><Item><Name>Storage Tiers Optimization</Name><Command>"%windir%\system32\defrag.exe" -c -h -g -# -m 8 -i 13500</Command><FilePath>C:\Windows\system32\defrag.exe</FilePath><Arguments>-c -h -g -# -m 8 -i 13500</Arguments><Location>19</Location><IsSystemItem>1</IsSystemItem><Deleted>0</Deleted><Disabled>1</Disabled><TaskName>Storage Tiers Optimization</TaskName><TaskPathNoName>\Microsoft\Windows\Storage Tiers Management</TaskPathNoName><DeletedTaskFile></DeletedTaskFile><OriginalDisabled>1</OriginalDisabled></Item><Item><Name>EnableLicenseAcquisition</Name><Command>"%SystemRoot%\system32\ClipRenew.exe" -e</Command><FilePath>C:\Windows\system32\ClipRenew.exe</FilePath><Arguments>-e</Arguments><Location>19</Location><IsSystemItem>1</IsSystemItem><Deleted>0</Deleted><Disabled>0</Disabled><TaskName>EnableLicenseAcquisition</TaskName><TaskPathNoName>\Microsoft\Windows\Subscription</TaskPathNoName><DeletedTaskFile></DeletedTaskFile><OriginalDisabled>0</OriginalDisabled></Item><Item><Name>LicenseAcquisition</Name><Command>"%SystemRoot%\system32\ClipRenew.exe"</Command><FilePath>C:\Windows\system32\ClipRenew.exe</FilePath><Arguments></Arguments><Location>19</Location><IsSystemItem>1</IsSystemItem><Deleted>0</Deleted><Disabled>1</Disabled><TaskName>LicenseAcquisition</TaskName><TaskPathNoName>\Microsoft\Windows\Subscription</TaskPathNoName><DeletedTaskFile></DeletedTaskFile><OriginalDisabled>1</OriginalDisabled></Item><Item><Name>RemoteFXWarningTask</Name><Command>"%windir%\System32\RemoteFXvGPUDisablement.exe" Warning</Command><FilePath>C:\Windows\System32\RemoteFXvGPUDisablement.exe</FilePath><Arguments>Warning</Arguments><Location>19</Location><IsSystemItem>1</IsSystemItem><Deleted>0</Deleted><Disabled>0</Disabled><TaskName>RemoteFXWarningTask</TaskName><TaskPathNoName>\Microsoft\Windows\termsrv\RemoteFX</TaskPathNoName><DeletedTaskFile></DeletedTaskFile><OriginalDisabled>0</OriginalDisabled></Item><Item><Name>RunUpdateNotificationMgr</Name><Command>"%windir%\System32\UNP\UpdateNotificationMgr.exe"</Command><FilePath>C:\Windows\System32\UNP\UpdateNotificationMgr.exe</FilePath><Arguments></Arguments><Location>19</Location><IsSystemItem>1</IsSystemItem><Deleted>0</Deleted><Disabled>1</Disabled><TaskName>RunUpdateNotificationMgr</TaskName><TaskPathNoName>\Microsoft\Windows\UNP</TaskPathNoName><DeletedTaskFile></DeletedTaskFile><OriginalDisabled>1</OriginalDisabled></Item><Item><Name>MusUx_UpdateInterval</Name><Command>"%systemroot%\system32\MusNotification.exe" Display</Command><FilePath>C:\Windows\system32\MusNotification.exe</FilePath><Arguments>Display</Arguments><Location>19</Location><IsSystemItem>1</IsSystemItem><Deleted>0</Deleted><Disabled>0</Disabled><TaskName>MusUx_UpdateInterval</TaskName><TaskPathNoName>\Microsoft\Windows\UpdateOrchestrator</TaskPathNoName><DeletedTaskFile></DeletedTaskFile><OriginalDisabled>0</OriginalDisabled></Item><Item><Name>Reboot_AC</Name><Command>"%systemroot%\system32\MusNotification.exe" /RunOnAC RebootDialog</Command><FilePath>C:\Windows\system32\MusNotification.exe</FilePath><Arguments>/RunOnAC RebootDialog</Arguments><Location>19</Location><IsSystemItem>1</IsSystemItem><Deleted>0</Deleted><Disabled>1</Disabled><TaskName>Reboot_AC</TaskName><TaskPathNoName>\Microsoft\Windows\UpdateOrchestrator</TaskPathNoName><DeletedTaskFile></DeletedTaskFile><OriginalDisabled>1</OriginalDisabled></Item><Item><Name>Reboot_Battery</Name><Command>"%systemroot%\system32\MusNotification.exe" /RunOnBattery RebootDialog</Command><FilePath>C:\Windows\system32\MusNotification.exe</FilePath><Arguments>/RunOnBattery RebootDialog</Arguments><Location>19</Location><IsSystemItem>1</IsSystemItem><Deleted>0</Deleted><Disabled>1</Disabled><TaskName>Reboot_Battery</TaskName><TaskPathNoName>\Microsoft\Windows\UpdateOrchestrator</TaskPathNoName><DeletedTaskFile></DeletedTaskFile><OriginalDisabled>1</OriginalDisabled></Item><Item><Name>Report policies</Name><Command>"%systemroot%\system32\usoclient.exe" ReportPolicies</Command><FilePath>C:\Windows\system32\usoclient.exe</FilePath><Arguments>ReportPolicies</Arguments><Location>19</Location><IsSystemItem>1</IsSystemItem><Deleted>0</Deleted><Disabled>0</Disabled><TaskName>Report policies</TaskName><TaskPathNoName>\Microsoft\Windows\UpdateOrchestrator</TaskPathNoName><DeletedTaskFile></DeletedTaskFile><OriginalDisabled>0</OriginalDisabled></Item><Item><Name>Schedule Scan</Name><Command>"%systemroot%\system32\usoclient.exe" StartScan</Command><FilePath>C:\Windows\system32\usoclient.exe</FilePath><Arguments>StartScan</Arguments><Location>19</Location><IsSystemItem>1</IsSystemItem><Deleted>0</Deleted><Disabled>0</Disabled><TaskName>Schedule Scan</TaskName><TaskPathNoName>\Microsoft\Windows\UpdateOrchestrator</TaskPathNoName><DeletedTaskFile></DeletedTaskFile><OriginalDisabled>0</OriginalDisabled></Item><Item><Name>Schedule Scan Static Task</Name><Command>"%systemroot%\system32\usoclient.exe" StartScan</Command><FilePath>C:\Windows\system32\usoclient.exe</FilePath><Arguments>StartScan</Arguments><Location>19</Location><IsSystemItem>1</IsSystemItem><Deleted>0</Deleted><Disabled>0</Disabled><TaskName>Schedule Scan Static Task</TaskName><TaskPathNoName>\Microsoft\Windows\UpdateOrchestrator</TaskPathNoName><DeletedTaskFile></DeletedTaskFile><OriginalDisabled>0</OriginalDisabled></Item><Item><Name>Schedule Work</Name><Command>"%systemroot%\system32\usoclient.exe" StartWork</Command><FilePath>C:\Windows\system32\usoclient.exe</FilePath><Arguments>StartWork</Arguments><Location>19</Location><IsSystemItem>1</IsSystemItem><Deleted>0</Deleted><Disabled>1</Disabled><TaskName>Schedule Work</TaskName><TaskPathNoName>\Microsoft\Windows\UpdateOrchestrator</TaskPathNoName><DeletedTaskFile></DeletedTaskFile><OriginalDisabled>1</OriginalDisabled></Item><Item><Name>UpdateModelTask</Name><Command>"%systemroot%\system32\usoclient.exe" StartModelUpdates</Command><FilePath>C:\Windows\system32\usoclient.exe</FilePath><Arguments>StartModelUpdates</Arguments><Location>19</Location><IsSystemItem>1</IsSystemItem><Deleted>0</Deleted><Disabled>0</Disabled><TaskName>UpdateModelTask</TaskName><TaskPathNoName>\Microsoft\Windows\UpdateOrchestrator</TaskPathNoName><DeletedTaskFile></DeletedTaskFile><OriginalDisabled>0</OriginalDisabled></Item><Item><Name>USO_UxBroker</Name><Command>"%systemroot%\system32\MusNotification.exe"</Command><FilePath>C:\Windows\system32\MusNotification.exe</FilePath><Arguments></Arguments><Location>19</Location><IsSystemItem>1</IsSystemItem><Deleted>0</Deleted><Disabled>0</Disabled><TaskName>USO_UxBroker</TaskName><TaskPathNoName>\Microsoft\Windows\UpdateOrchestrator</TaskPathNoName><DeletedTaskFile></DeletedTaskFile><OriginalDisabled>0</OriginalDisabled></Item><Item><Name>WiFiTask</Name><Command>"%SystemRoot%\System32\WiFiTask.exe"</Command><FilePath>C:\Windows\System32\WiFiTask.exe</FilePath><Arguments></Arguments><Location>19</Location><IsSystemItem>1</IsSystemItem><Deleted>0</Deleted><Disabled>0</Disabled><TaskName>WiFiTask</TaskName><TaskPathNoName>\Microsoft\Windows\WCM</TaskPathNoName><DeletedTaskFile></DeletedTaskFile><OriginalDisabled>0</OriginalDisabled></Item><Item><Name>BfeOnServiceStartTypeChange</Name><Command>"%windir%\system32\rundll32.exe" bfe.dll,BfeOnServiceStartTypeChange</Command><FilePath>C:\Windows\system32\rundll32.exe</FilePath><Arguments>bfe.dll,BfeOnServiceStartTypeChange</Arguments><Location>19</Location><IsSystemItem>1</IsSystemItem><Deleted>0</Deleted><Disabled>0</Disabled><TaskName>BfeOnServiceStartTypeChange</TaskName><TaskPathNoName>\Microsoft\Windows\Windows Filtering Platform</TaskPathNoName><DeletedTaskFile></DeletedTaskFile><OriginalDisabled>0</OriginalDisabled></Item><Item><Name>Scheduled Start</Name><Command>"C:\Windows\system32\sc.exe" start wuauserv</Command><FilePath>C:\Windows\system32\sc.exe</FilePath><Arguments>start wuauserv</Arguments><Location>19</Location><IsSystemItem>1</IsSystemItem><Deleted>0</Deleted><Disabled>0</Disabled><TaskName>Scheduled Start</TaskName><TaskPathNoName>\Microsoft\Windows\WindowsUpdate</TaskPathNoName><DeletedTaskFile></DeletedTaskFile><OriginalDisabled>0</OriginalDisabled></Item><Item><Name>NotificationTask</Name><Command>"%SystemRoot%\System32\WiFiTask.exe" wwan</Command><FilePath>C:\Windows\System32\WiFiTask.exe</FilePath><Arguments>wwan</Arguments><Location>19</Location><IsSystemItem>1</IsSystemItem><Deleted>0</Deleted><Disabled>0</Disabled><TaskName>NotificationTask</TaskName><TaskPathNoName>\Microsoft\Windows\WwanSvc</TaskPathNoName><DeletedTaskFile></DeletedTaskFile><OriginalDisabled>0</OriginalDisabled></Item><Item><Name>XblGameSaveTask</Name><Command>"%windir%\System32\XblGameSaveTask.exe" standby</Command><FilePath>C:\Windows\System32\XblGameSaveTask.exe</FilePath><Arguments>standby</Arguments><Location>19</Location><IsSystemItem>1</IsSystemItem><Deleted>0</Deleted><Disabled>0</Disabled><TaskName>XblGameSaveTask</TaskName><TaskPathNoName>\Microsoft\XblGameSave</TaskPathNoName><DeletedTaskFile></DeletedTaskFile><OriginalDisabled>0</OriginalDisabled></Item><Item><Name>SvcRestartTask</Name><Command>"%systemroot%\system32\sc.exe" start osppsvc</Command><FilePath>C:\Windows\system32\sc.exe</FilePath><Arguments>start osppsvc</Arguments><Location>19</Location><IsSystemItem>1</IsSystemItem><Deleted>0</Deleted><Disabled>1</Disabled><TaskName>SvcRestartTask</TaskName><TaskPathNoName>\OfficeSoftwareProtectionPlatform</TaskPathNoName><DeletedTaskFile></DeletedTaskFile><OriginalDisabled>1</OriginalDisabled></Item></Root>
